コードA,銘柄A,業種A,コードB,銘柄B,業種B,相関
3065.T,ライフフーズ,小売業,2816.T,ダイショー,食料品,0.941
2683.T,魚喜,小売業,2816.T,ダイショー,食料品,0.939
3065.T,ライフフーズ,小売業,2818.T,ピエトロ,食料品,0.929
2186.T,ソーバル,サービス業,2683.T,魚喜,小売業,0.925
2683.T,魚喜,小売業,2818.T,ピエトロ,食料品,0.918
3065.T,ライフフーズ,小売業,9661.T,歌舞伎座,サービス業,0.917
2186.T,ソーバル,サービス業,2816.T,ダイショー,食料品,0.912
2816.T,ダイショー,食料品,9656.T,グリーンランドリゾート,サービス業,0.908
9950.T,ハチバン,小売業,2816.T,ダイショー,食料品,0.907
2186.T,ソーバル,サービス業,3065.T,ライフフーズ,小売業,0.906
3065.T,ライフフーズ,小売業,2904.T,一正蒲鉾,食料品,0.906
2683.T,魚喜,小売業,2904.T,一正蒲鉾,食料品,0.905
2798.T,ワイズテーブルコーポレーション,小売業,9661.T,歌舞伎座,サービス業,0.902
9950.T,ハチバン,小売業,2818.T,ピエトロ,食料品,0.902
2186.T,ソーバル,サービス業,2818.T,ピエトロ,食料品,0.9
2683.T,魚喜,小売業,9661.T,歌舞伎座,サービス業,0.899
7514.T,ヒマラヤ,小売業,2816.T,ダイショー,食料品,0.897
2818.T,ピエトロ,食料品,9656.T,グリーンランドリゾート,サービス業,0.897
3059.T,ヒラキ,小売業,2818.T,ピエトロ,食料品,0.896
7514.T,ヒマラヤ,小売業,9661.T,歌舞伎座,サービス業,0.896
2169.T,ＣＤＳ,サービス業,2816.T,ダイショー,食料品,0.895
3059.T,ヒラキ,小売業,2816.T,ダイショー,食料品,0.891
2904.T,一正蒲鉾,食料品,9656.T,グリーンランドリゾート,サービス業,0.89
2268.T,Ｂ－Ｒ　サーティワン　アイスクリーム,食料品,2683.T,魚喜,小売業,0.889
2169.T,ＣＤＳ,サービス業,2683.T,魚喜,小売業,0.887
2816.T,ダイショー,食料品,9661.T,歌舞伎座,サービス業,0.886
2816.T,ダイショー,食料品,2798.T,ワイズテーブルコーポレーション,小売業,0.885
2186.T,ソーバル,サービス業,2904.T,一正蒲鉾,食料品,0.884
9849.T,共同紙販ホールディングス,卸売業,2818.T,ピエトロ,食料品,0.883
2883.T,大冷,食料品,2683.T,魚喜,小売業,0.882
2169.T,ＣＤＳ,サービス業,3065.T,ライフフーズ,小売業,0.881
9950.T,ハチバン,小売業,2904.T,一正蒲鉾,食料品,0.881
7514.T,ヒマラヤ,小売業,2818.T,ピエトロ,食料品,0.88
3065.T,ライフフーズ,小売業,9656.T,グリーンランドリゾート,サービス業,0.88
2683.T,魚喜,小売業,9656.T,グリーンランドリゾート,サービス業,0.879
2818.T,ピエトロ,食料品,9661.T,歌舞伎座,サービス業,0.877
2186.T,ソーバル,サービス業,2268.T,Ｂ－Ｒ　サーティワン　アイスクリーム,食料品,0.877
2186.T,ソーバル,サービス業,9950.T,ハチバン,小売業,0.876
3065.T,ライフフーズ,小売業,2268.T,Ｂ－Ｒ　サーティワン　アイスクリーム,食料品,0.875
2818.T,ピエトロ,食料品,7562.T,安楽亭,小売業,0.875
2816.T,ダイショー,食料品,9846.T,天満屋ストア,小売業,0.871
2883.T,大冷,食料品,3065.T,ライフフーズ,小売業,0.871
2169.T,ＣＤＳ,サービス業,2904.T,一正蒲鉾,食料品,0.868
2818.T,ピエトロ,食料品,2798.T,ワイズテーブルコーポレーション,小売業,0.866
2169.T,ＣＤＳ,サービス業,2818.T,ピエトロ,食料品,0.865
3800.T,ユニリタ,情報・通信業,3065.T,ライフフーズ,小売業,0.865
3800.T,ユニリタ,情報・通信業,2683.T,魚喜,小売業,0.864
3800.T,ユニリタ,情報・通信業,2816.T,ダイショー,食料品,0.864
9849.T,共同紙販ホールディングス,卸売業,2816.T,ダイショー,食料品,0.862
2186.T,ソーバル,サービス業,3059.T,ヒラキ,小売業,0.861
2816.T,ダイショー,食料品,7562.T,安楽亭,小売業,0.86
9950.T,ハチバン,小売業,2268.T,Ｂ－Ｒ　サーティワン　アイスクリーム,食料品,0.86
3059.T,ヒラキ,小売業,2904.T,一正蒲鉾,食料品,0.858
2883.T,大冷,食料品,2186.T,ソーバル,サービス業,0.858
2186.T,ソーバル,サービス業,7514.T,ヒマラヤ,小売業,0.858
3172.T,ティーライフ,小売業,2816.T,ダイショー,食料品,0.857
9849.T,共同紙販ホールディングス,卸売業,3065.T,ライフフーズ,小売業,0.857
9986.T,蔵王産業,卸売業,3065.T,ライフフーズ,小売業,0.856
2186.T,ソーバル,サービス業,2798.T,ワイズテーブルコーポレーション,小売業,0.856
9986.T,蔵王産業,卸売業,2816.T,ダイショー,食料品,0.856
2883.T,大冷,食料品,2169.T,ＣＤＳ,サービス業,0.854
9661.T,歌舞伎座,サービス業,2904.T,一正蒲鉾,食料品,0.854
2883.T,大冷,食料品,9656.T,グリーンランドリゾート,サービス業,0.854
3065.T,ライフフーズ,小売業,2226.T,湖池屋,食料品,0.853
2798.T,ワイズテーブルコーポレーション,小売業,2904.T,一正蒲鉾,食料品,0.852
9950.T,ハチバン,小売業,9656.T,グリーンランドリゾート,サービス業,0.851
2818.T,ピエトロ,食料品,9846.T,天満屋ストア,小売業,0.851
3800.T,ユニリタ,情報・通信業,9950.T,ハチバン,小売業,0.85
2904.T,一正蒲鉾,食料品,9846.T,天満屋ストア,小売業,0.849
2169.T,ＣＤＳ,サービス業,2268.T,Ｂ－Ｒ　サーティワン　アイスクリーム,食料品,0.848
2169.T,ＣＤＳ,サービス業,9950.T,ハチバン,小売業,0.847
2169.T,ＣＤＳ,サービス業,7514.T,ヒマラヤ,小売業,0.846
3059.T,ヒラキ,小売業,9656.T,グリーンランドリゾート,サービス業,0.846
9950.T,ハチバン,小売業,9661.T,歌舞伎座,サービス業,0.846
9849.T,共同紙販ホールディングス,卸売業,7562.T,安楽亭,小売業,0.846
2911.T,旭松食品,食料品,3065.T,ライフフーズ,小売業,0.845
2226.T,湖池屋,食料品,2683.T,魚喜,小売業,0.845
7514.T,ヒマラヤ,小売業,2904.T,一正蒲鉾,食料品,0.843
2911.T,旭松食品,食料品,3059.T,ヒラキ,小売業,0.843
3815.T,メディア工房,情報・通信業,2798.T,ワイズテーブルコーポレーション,小売業,0.843
2268.T,Ｂ－Ｒ　サーティワン　アイスクリーム,食料品,9656.T,グリーンランドリゾート,サービス業,0.842
3059.T,ヒラキ,小売業,9661.T,歌舞伎座,サービス業,0.842
7514.T,ヒマラヤ,小売業,2268.T,Ｂ－Ｒ　サーティワン　アイスクリーム,食料品,0.841
9849.T,共同紙販ホールディングス,卸売業,2904.T,一正蒲鉾,食料品,0.841
2883.T,大冷,食料品,9950.T,ハチバン,小売業,0.84
9849.T,共同紙販ホールディングス,卸売業,2683.T,魚喜,小売業,0.84
3800.T,ユニリタ,情報・通信業,2904.T,一正蒲鉾,食料品,0.84
3800.T,ユニリタ,情報・通信業,2818.T,ピエトロ,食料品,0.839
2911.T,旭松食品,食料品,2683.T,魚喜,小売業,0.839
3800.T,ユニリタ,情報・通信業,2186.T,ソーバル,サービス業,0.838
7872.T,エステールホールディングス,その他製品,2818.T,ピエトロ,食料品,0.838
2268.T,Ｂ－Ｒ　サーティワン　アイスクリーム,食料品,9661.T,歌舞伎座,サービス業,0.838
8898.T,センチュリー２１・ジャパン,不動産業,2816.T,ダイショー,食料品,0.837
2816.T,ダイショー,食料品,9636.T,きんえい,サービス業,0.836
9849.T,共同紙販ホールディングス,卸売業,9656.T,グリーンランドリゾート,サービス業,0.835
5990.T,スーパーツール,金属製品,2818.T,ピエトロ,食料品,0.834
2186.T,ソーバル,サービス業,9849.T,共同紙販ホールディングス,卸売業,0.834
9986.T,蔵王産業,卸売業,2169.T,ＣＤＳ,サービス業,0.834
4623.T,アサヒペン,化学,2683.T,魚喜,小売業,0.833
2268.T,Ｂ－Ｒ　サーティワン　アイスクリーム,食料品,2798.T,ワイズテーブルコーポレーション,小売業,0.833
2798.T,ワイズテーブルコーポレーション,小売業,9656.T,グリーンランドリゾート,サービス業,0.833
5990.T,スーパーツール,金属製品,2816.T,ダイショー,食料品,0.833
2911.T,旭松食品,食料品,9950.T,ハチバン,小売業,0.832
2816.T,ダイショー,食料品,9017.T,新潟交通,陸運業,0.832
8898.T,センチュリー２１・ジャパン,不動産業,2818.T,ピエトロ,食料品,0.831
7872.T,エステールホールディングス,その他製品,2816.T,ダイショー,食料品,0.831
9849.T,共同紙販ホールディングス,卸売業,9950.T,ハチバン,小売業,0.831
3059.T,ヒラキ,小売業,2268.T,Ｂ－Ｒ　サーティワン　アイスクリーム,食料品,0.83
3172.T,ティーライフ,小売業,2818.T,ピエトロ,食料品,0.83
9986.T,蔵王産業,卸売業,2683.T,魚喜,小売業,0.829
9661.T,歌舞伎座,サービス業,9846.T,天満屋ストア,小売業,0.829
4623.T,アサヒペン,化学,2816.T,ダイショー,食料品,0.829
4623.T,アサヒペン,化学,3065.T,ライフフーズ,小売業,0.828
2169.T,ＣＤＳ,サービス業,2798.T,ワイズテーブルコーポレーション,小売業,0.827
2911.T,旭松食品,食料品,2186.T,ソーバル,サービス業,0.827
3059.T,ヒラキ,小売業,9849.T,共同紙販ホールディングス,卸売業,0.827
7872.T,エステールホールディングス,その他製品,2683.T,魚喜,小売業,0.826
8898.T,センチュリー２１・ジャパン,不動産業,3065.T,ライフフーズ,小売業,0.826
9986.T,蔵王産業,卸売業,9950.T,ハチバン,小売業,0.826
3059.T,ヒラキ,小売業,2169.T,ＣＤＳ,サービス業,0.826
3329.T,東和フードサービス,小売業,2818.T,ピエトロ,食料品,0.825
3329.T,東和フードサービス,小売業,2816.T,ダイショー,食料品,0.825
2816.T,ダイショー,食料品,9993.T,ヤマザワ,小売業,0.825
4524.T,森下仁丹,医薬品,2816.T,ダイショー,食料品,0.825
3800.T,ユニリタ,情報・通信業,7514.T,ヒマラヤ,小売業,0.825
2226.T,湖池屋,食料品,9656.T,グリーンランドリゾート,サービス業,0.825
2186.T,ソーバル,サービス業,7562.T,安楽亭,小売業,0.823
3065.T,ライフフーズ,小売業,9636.T,きんえい,サービス業,0.823
2883.T,大冷,食料品,9849.T,共同紙販ホールディングス,卸売業,0.823
7514.T,ヒマラヤ,小売業,9656.T,グリーンランドリゾート,サービス業,0.822
2268.T,Ｂ－Ｒ　サーティワン　アイスクリーム,食料品,9846.T,天満屋ストア,小売業,0.822
2818.T,ピエトロ,食料品,3068.T,ＷＤＩ,小売業,0.821
9986.T,蔵王産業,卸売業,7514.T,ヒマラヤ,小売業,0.821
2883.T,大冷,食料品,9661.T,歌舞伎座,サービス業,0.821
2186.T,ソーバル,サービス業,2226.T,湖池屋,食料品,0.821
9950.T,ハチバン,小売業,2226.T,湖池屋,食料品,0.82
9986.T,蔵王産業,卸売業,2818.T,ピエトロ,食料品,0.819
3800.T,ユニリタ,情報・通信業,2169.T,ＣＤＳ,サービス業,0.819
2683.T,魚喜,小売業,9017.T,新潟交通,陸運業,0.819
7872.T,エステールホールディングス,その他製品,3065.T,ライフフーズ,小売業,0.818
6087.T,アビスト,サービス業,2818.T,ピエトロ,食料品,0.818
5990.T,スーパーツール,金属製品,3065.T,ライフフーズ,小売業,0.818
3800.T,ユニリタ,情報・通信業,9656.T,グリーンランドリゾート,サービス業,0.818
3065.T,ライフフーズ,小売業,9017.T,新潟交通,陸運業,0.818
9661.T,歌舞伎座,サービス業,2789.T,カルラ,小売業,0.817
5990.T,スーパーツール,金属製品,2683.T,魚喜,小売業,0.817
2169.T,ＣＤＳ,サービス業,9846.T,天満屋ストア,小売業,0.817
9846.T,天満屋ストア,小売業,9656.T,グリーンランドリゾート,サービス業,0.817
7872.T,エステールホールディングス,その他製品,2186.T,ソーバル,サービス業,0.816
3800.T,ユニリタ,情報・通信業,3059.T,ヒラキ,小売業,0.815
3172.T,ティーライフ,小売業,9636.T,きんえい,サービス業,0.815
2818.T,ピエトロ,食料品,9853.T,銀座ルノアール,小売業,0.815
7514.T,ヒマラヤ,小売業,2226.T,湖池屋,食料品,0.814
4925.T,ハーバー研究所,化学,7562.T,安楽亭,小売業,0.814
2226.T,湖池屋,食料品,9661.T,歌舞伎座,サービス業,0.813
2169.T,ＣＤＳ,サービス業,2226.T,湖池屋,食料品,0.813
2883.T,大冷,食料品,7562.T,安楽亭,小売業,0.813
2186.T,ソーバル,サービス業,9846.T,天満屋ストア,小売業,0.812
9986.T,蔵王産業,卸売業,2268.T,Ｂ－Ｒ　サーティワン　アイスクリーム,食料品,0.812
9849.T,共同紙販ホールディングス,卸売業,9661.T,歌舞伎座,サービス業,0.812
3800.T,ユニリタ,情報・通信業,2268.T,Ｂ－Ｒ　サーティワン　アイスクリーム,食料品,0.812
3172.T,ティーライフ,小売業,9656.T,グリーンランドリゾート,サービス業,0.812
3800.T,ユニリタ,情報・通信業,9661.T,歌舞伎座,サービス業,0.811
7514.T,ヒマラヤ,小売業,9849.T,共同紙販ホールディングス,卸売業,0.811
2877.T,日東ベスト,食料品,2683.T,魚喜,小売業,0.811
2186.T,ソーバル,サービス業,3172.T,ティーライフ,小売業,0.811
2911.T,旭松食品,食料品,9656.T,グリーンランドリゾート,サービス業,0.811
2186.T,ソーバル,サービス業,8898.T,センチュリー２１・ジャパン,不動産業,0.81
2904.T,一正蒲鉾,食料品,7562.T,安楽亭,小売業,0.81
2911.T,旭松食品,食料品,9849.T,共同紙販ホールディングス,卸売業,0.81
4623.T,アサヒペン,化学,2904.T,一正蒲鉾,食料品,0.809
7487.T,小津産業,卸売業,2493.T,イーサポートリンク,サービス業,0.809
7514.T,ヒマラヤ,小売業,9636.T,きんえい,サービス業,0.808
8898.T,センチュリー２１・ジャパン,不動産業,2683.T,魚喜,小売業,0.808
4623.T,アサヒペン,化学,2186.T,ソーバル,サービス業,0.808
9986.T,蔵王産業,卸売業,2186.T,ソーバル,サービス業,0.808
3140.T,ＢＲＵＮＯ,卸売業,9656.T,グリーンランドリゾート,サービス業,0.808
9661.T,歌舞伎座,サービス業,9993.T,ヤマザワ,小売業,0.808
2816.T,ダイショー,食料品,3068.T,ＷＤＩ,小売業,0.807
2818.T,ピエトロ,食料品,9017.T,新潟交通,陸運業,0.807
9636.T,きんえい,サービス業,2904.T,一正蒲鉾,食料品,0.807
2883.T,大冷,食料品,7514.T,ヒマラヤ,小売業,0.807
3800.T,ユニリタ,情報・通信業,9846.T,天満屋ストア,小売業,0.807
2169.T,ＣＤＳ,サービス業,9849.T,共同紙販ホールディングス,卸売業,0.807
4524.T,森下仁丹,医薬品,2818.T,ピエトロ,食料品,0.806
2883.T,大冷,食料品,3172.T,ティーライフ,小売業,0.806
9986.T,蔵王産業,卸売業,3059.T,ヒラキ,小売業,0.806
7636.T,ハンズマン,小売業,2816.T,ダイショー,食料品,0.806
4623.T,アサヒペン,化学,2818.T,ピエトロ,食料品,0.806
2911.T,旭松食品,食料品,7562.T,安楽亭,小売業,0.806
2883.T,大冷,食料品,9846.T,天満屋ストア,小売業,0.806
4524.T,森下仁丹,医薬品,2683.T,魚喜,小売業,0.805
7562.T,安楽亭,小売業,9656.T,グリーンランドリゾート,サービス業,0.805
3172.T,ティーライフ,小売業,2904.T,一正蒲鉾,食料品,0.805
9986.T,蔵王産業,卸売業,2798.T,ワイズテーブルコーポレーション,小売業,0.805
3140.T,ＢＲＵＮＯ,卸売業,2816.T,ダイショー,食料品,0.805
2911.T,旭松食品,食料品,9661.T,歌舞伎座,サービス業,0.804
4925.T,ハーバー研究所,化学,2818.T,ピエトロ,食料品,0.804
7872.T,エステールホールディングス,その他製品,9661.T,歌舞伎座,サービス業,0.804
8898.T,センチュリー２１・ジャパン,不動産業,9950.T,ハチバン,小売業,0.804
3800.T,ユニリタ,情報・通信業,4623.T,アサヒペン,化学,0.803
2883.T,大冷,食料品,3190.T,ホットマン,小売業,0.803
3172.T,ティーライフ,小売業,9661.T,歌舞伎座,サービス業,0.803
9986.T,蔵王産業,卸売業,2904.T,一正蒲鉾,食料品,0.803
2816.T,ダイショー,食料品,9853.T,銀座ルノアール,小売業,0.802
2883.T,大冷,食料品,2798.T,ワイズテーブルコーポレーション,小売業,0.802
2169.T,ＣＤＳ,サービス業,3172.T,ティーライフ,小売業,0.802
5990.T,スーパーツール,金属製品,9656.T,グリーンランドリゾート,サービス業,0.801
9849.T,共同紙販ホールディングス,卸売業,2798.T,ワイズテーブルコーポレーション,小売業,0.801
2818.T,ピエトロ,食料品,9993.T,ヤマザワ,小売業,0.8
7872.T,エステールホールディングス,その他製品,9656.T,グリーンランドリゾート,サービス業,0.8
6942.T,ソフィアホールディングス,情報・通信業,8207.T,テンアライド,小売業,0.8
3140.T,ＢＲＵＮＯ,卸売業,2904.T,一正蒲鉾,食料品,0.8
6087.T,アビスト,サービス業,7562.T,安楽亭,小売業,0.8
2186.T,ソーバル,サービス業,9017.T,新潟交通,陸運業,0.8
5990.T,スーパーツール,金属製品,7514.T,ヒマラヤ,小売業,0.8
9849.T,共同紙販ホールディングス,卸売業,7127.T,一家ホールディングス,小売業,0.8
3059.T,ヒラキ,小売業,8898.T,センチュリー２１・ジャパン,不動産業,0.8
5990.T,スーパーツール,金属製品,9950.T,ハチバン,小売業,0.8
2816.T,ダイショー,食料品,3190.T,ホットマン,小売業,0.799
3059.T,ヒラキ,小売業,5990.T,スーパーツール,金属製品,0.799
3800.T,ユニリタ,情報・通信業,2798.T,ワイズテーブルコーポレーション,小売業,0.799
7872.T,エステールホールディングス,その他製品,2798.T,ワイズテーブルコーポレーション,小売業,0.799
7872.T,エステールホールディングス,その他製品,2904.T,一正蒲鉾,食料品,0.799
2816.T,ダイショー,食料品,2789.T,カルラ,小売業,0.799
2818.T,ピエトロ,食料品,9636.T,きんえい,サービス業,0.799
4524.T,森下仁丹,医薬品,9846.T,天満屋ストア,小売業,0.798
7514.T,ヒマラヤ,小売業,2391.T,プラネット,サービス業,0.798
5990.T,スーパーツール,金属製品,2904.T,一正蒲鉾,食料品,0.798
2911.T,旭松食品,食料品,7514.T,ヒマラヤ,小売業,0.798
2683.T,魚喜,小売業,3293.T,アズマハウス,不動産業,0.797
3059.T,ヒラキ,小売業,2226.T,湖池屋,食料品,0.797
2911.T,旭松食品,食料品,2798.T,ワイズテーブルコーポレーション,小売業,0.797
2911.T,旭松食品,食料品,3800.T,ユニリタ,情報・通信業,0.797
2683.T,魚喜,小売業,9636.T,きんえい,サービス業,0.797
4925.T,ハーバー研究所,化学,2883.T,大冷,食料品,0.797
2883.T,大冷,食料品,7621.T,うかい,小売業,0.796
4623.T,アサヒペン,化学,9950.T,ハチバン,小売業,0.796
3059.T,ヒラキ,小売業,9636.T,きんえい,サービス業,0.796
2816.T,ダイショー,食料品,7604.T,梅の花グループ,小売業,0.795
4524.T,森下仁丹,医薬品,3065.T,ライフフーズ,小売業,0.795
9986.T,蔵王産業,卸売業,9661.T,歌舞伎座,サービス業,0.795
8898.T,センチュリー２１・ジャパン,不動産業,9656.T,グリーンランドリゾート,サービス業,0.795
2911.T,旭松食品,食料品,9846.T,天満屋ストア,小売業,0.795
9849.T,共同紙販ホールディングス,卸売業,2268.T,Ｂ－Ｒ　サーティワン　アイスクリーム,食料品,0.794
2169.T,ＣＤＳ,サービス業,3329.T,東和フードサービス,小売業,0.793
3140.T,ＢＲＵＮＯ,卸売業,3065.T,ライフフーズ,小売業,0.793
4925.T,ハーバー研究所,化学,2816.T,ダイショー,食料品,0.793
2169.T,ＣＤＳ,サービス業,7562.T,安楽亭,小売業,0.793
3065.T,ライフフーズ,小売業,2877.T,日東ベスト,食料品,0.793
9986.T,蔵王産業,卸売業,9846.T,天満屋ストア,小売業,0.793
4623.T,アサヒペン,化学,7514.T,ヒマラヤ,小売業,0.792
4925.T,ハーバー研究所,化学,9849.T,共同紙販ホールディングス,卸売業,0.792
8898.T,センチュリー２１・ジャパン,不動産業,2904.T,一正蒲鉾,食料品,0.792
3065.T,ライフフーズ,小売業,3815.T,メディア工房,情報・通信業,0.792
2268.T,Ｂ－Ｒ　サーティワン　アイスクリーム,食料品,9993.T,ヤマザワ,小売業,0.792
6942.T,ソフィアホールディングス,情報・通信業,7127.T,一家ホールディングス,小売業,0.791
7872.T,エステールホールディングス,その他製品,9849.T,共同紙販ホールディングス,卸売業,0.791
2268.T,Ｂ－Ｒ　サーティワン　アイスクリーム,食料品,7562.T,安楽亭,小売業,0.791
2818.T,ピエトロ,食料品,7127.T,一家ホールディングス,小売業,0.791
3329.T,東和フードサービス,小売業,2268.T,Ｂ－Ｒ　サーティワン　アイスクリーム,食料品,0.79
7872.T,エステールホールディングス,その他製品,7514.T,ヒマラヤ,小売業,0.79
2904.T,一正蒲鉾,食料品,9993.T,ヤマザワ,小売業,0.79
6082.T,ライドオンエクスプレスホールディングス,サービス業,2818.T,ピエトロ,食料品,0.79
3800.T,ユニリタ,情報・通信業,9986.T,蔵王産業,卸売業,0.79
7938.T,リーガルコーポレーション,その他製品,2818.T,ピエトロ,食料品,0.79
8898.T,センチュリー２１・ジャパン,不動産業,9661.T,歌舞伎座,サービス業,0.789
2186.T,ソーバル,サービス業,9993.T,ヤマザワ,小売業,0.789
3329.T,東和フードサービス,小売業,2904.T,一正蒲鉾,食料品,0.789
9661.T,歌舞伎座,サービス業,9017.T,新潟交通,陸運業,0.789
7938.T,リーガルコーポレーション,その他製品,2816.T,ダイショー,食料品,0.789
3815.T,メディア工房,情報・通信業,2683.T,魚喜,小売業,0.789
2169.T,ＣＤＳ,サービス業,8898.T,センチュリー２１・ジャパン,不動産業,0.789
2798.T,ワイズテーブルコーポレーション,小売業,9636.T,きんえい,サービス業,0.789
9661.T,歌舞伎座,サービス業,7562.T,安楽亭,小売業,0.788
2594.T,キーコーヒー,食料品,2683.T,魚喜,小売業,0.788
7872.T,エステールホールディングス,その他製品,2883.T,大冷,食料品,0.788
3800.T,ユニリタ,情報・通信業,9849.T,共同紙販ホールディングス,卸売業,0.788
4623.T,アサヒペン,化学,2169.T,ＣＤＳ,サービス業,0.788
3800.T,ユニリタ,情報・通信業,2883.T,大冷,食料品,0.788
4623.T,アサヒペン,化学,2798.T,ワイズテーブルコーポレーション,小売業,0.787
7872.T,エステールホールディングス,その他製品,7562.T,安楽亭,小売業,0.787
2186.T,ソーバル,サービス業,4524.T,森下仁丹,医薬品,0.787
2883.T,大冷,食料品,9986.T,蔵王産業,卸売業,0.786
6087.T,アビスト,サービス業,2816.T,ダイショー,食料品,0.786
3800.T,ユニリタ,情報・通信業,9017.T,新潟交通,陸運業,0.786
4524.T,森下仁丹,医薬品,2169.T,ＣＤＳ,サービス業,0.786
6082.T,ライドオンエクスプレスホールディングス,サービス業,3065.T,ライフフーズ,小売業,0.786
4524.T,森下仁丹,医薬品,2904.T,一正蒲鉾,食料品,0.786
7636.T,ハンズマン,小売業,2818.T,ピエトロ,食料品,0.786
3172.T,ティーライフ,小売業,2268.T,Ｂ－Ｒ　サーティワン　アイスクリーム,食料品,0.786
5990.T,スーパーツール,金属製品,2268.T,Ｂ－Ｒ　サーティワン　アイスクリーム,食料品,0.786
4248.T,竹本容器,化学,2816.T,ダイショー,食料品,0.786
9849.T,共同紙販ホールディングス,卸売業,9853.T,銀座ルノアール,小売業,0.786
9849.T,共同紙販ホールディングス,卸売業,2226.T,湖池屋,食料品,0.785
5990.T,スーパーツール,金属製品,2169.T,ＣＤＳ,サービス業,0.785
2911.T,旭松食品,食料品,2169.T,ＣＤＳ,サービス業,0.785
3140.T,ＢＲＵＮＯ,卸売業,2818.T,ピエトロ,食料品,0.785
2816.T,ダイショー,食料品,3293.T,アズマハウス,不動産業,0.785
3172.T,ティーライフ,小売業,9849.T,共同紙販ホールディングス,卸売業,0.785
