コード,終値,日付
3600.T,1700.0,2026-06-25
7034.T,337.0,2026-06-25
5856.T,1.0,2026-06-25
9885.T,333.0,2026-06-25
3189.T,101.0,2026-06-25
1897.T,3035.0,2026-06-25
7297.T,864.0,2026-06-25
2484.T,116.0,2026-06-25
6513.T,1072.0,2026-06-25
6771.T,646.0,2026-06-25
2055.T,321.0,2026-06-25
8617.T,540.0,2026-06-25
4387.T,473.0,2026-06-25
6986.T,558.0,2026-06-25
5956.T,559.0,2026-06-25
7399.T,576.0,2026-06-25
7427.T,830.0,2026-06-25
6943.T,4945.0,2026-06-25
5658.T,350.0,2026-06-25
2788.T,360.0,2026-06-25
8881.T,630.0,2026-06-25
8917.T,1047.0,2026-06-25
5900.T,849.0,2026-06-25
7879.T,643.0,2026-06-25
5921.T,3965.0,2026-06-25
6222.T,875.0,2026-06-25
5753.T,2304.0,2026-06-25
5962.T,1884.0,2026-06-25
8013.T,338.0,2026-06-25
8746.T,196.0,2026-06-25
6390.T,1242.0,2026-06-25
5603.T,1218.0,2026-06-25
8040.T,1027.0,2026-06-25
8138.T,4000.0,2026-06-25
6249.T,2312.0,2026-06-25
4102.T,1459.0,2026-06-25
7902.T,1110.0,2026-06-25
3787.T,294.0,2026-06-25
6155.T,488.0,2026-06-25
6049.T,249.0,2026-06-25
8144.T,1265.0,2026-06-25
8891.T,1885.0,2026-06-25
5280.T,2133.0,2026-06-25
6964.T,654.0,2026-06-25
5909.T,947.0,2026-06-25
6257.T,988.0,2026-06-25
5923.T,1102.0,2026-06-25
3396.T,855.0,2026-06-25
8904.T,814.0,2026-06-25
8165.T,109.0,2026-06-25
8772.T,803.0,2026-06-25
7851.T,167.0,2026-06-26
4234.T,698.0,2026-06-25
3261.T,380.0,2026-06-25
9767.T,1522.0,2026-06-25
5408.T,602.0,2026-06-25
5928.T,270.0,2026-06-25
7442.T,466.0,2026-06-25
2388.T,34.0,2026-06-25
4624.T,3410.0,2026-06-25
7219.T,2288.0,2026-06-25
7857.T,1300.0,2026-06-25
6467.T,326.0,2026-06-25
7266.T,905.0,2026-06-25
9914.T,712.0,2026-06-26
8995.T,867.0,2026-06-25
1994.T,567.0,2026-06-25
9162.T,236.0,2026-06-25
8046.T,828.0,2026-06-25
5988.T,1545.0,2026-06-25
8147.T,1244.0,2026-06-25
7624.T,139.0,2026-06-25
8119.T,753.0,2026-06-25
4341.T,870.0,2026-06-25
7538.T,346.0,2026-06-25
9929.T,471.0,2026-06-25
7877.T,1984.0,2026-06-25
9872.T,898.0,2026-06-25
6262.T,501.0,2026-06-25
4839.T,983.0,2026-06-25
6228.T,518.0,2026-06-25
2193.T,113.0,2026-06-25
2499.T,283.0,2026-06-25
7991.T,1022.0,2026-06-25
7887.T,1491.0,2026-06-25
7841.T,1079.0,2026-06-25
6346.T,5500.0,2026-06-25
6054.T,107.0,2026-06-25
5918.T,7100.0,2026-06-25
4231.T,980.0,2026-06-25
2917.T,920.0,2026-06-25
1420.T,624.0,2026-06-25
6867.T,412.0,2026-06-25
3439.T,680.0,2026-06-25
1758.T,2430.0,2026-06-25
7871.T,919.0,2026-06-25
7347.T,735.0,2026-06-25
8135.T,416.0,2026-06-25
3320.T,1253.0,2026-06-25
9854.T,269.0,2026-06-25
3426.T,1305.0,2026-06-25
5541.T,2171.0,2026-06-25
6393.T,2845.0,2026-06-25
4629.T,1846.0,2026-06-25
5971.T,8000.0,2026-06-25
7531.T,1279.0,2026-06-25
4569.T,1143.0,2026-06-25
7434.T,1775.0,2026-06-25
3246.T,615.0,2026-06-25
6342.T,2731.0,2026-06-25
5984.T,711.0,2026-06-25
5697.T,696.0,2026-06-25
3420.T,1504.0,2026-06-25
1850.T,410.0,2026-06-25
7937.T,2622.0,2026-06-25
4224.T,1994.0,2026-06-25
4705.T,779.0,2026-06-25
7670.T,1004.0,2026-06-25
6694.T,634.0,2026-06-25
2795.T,912.0,2026-06-25
3758.T,226.0,2026-06-25
5951.T,1129.0,2026-06-25
7435.T,1339.0,2026-06-25
7422.T,365.0,2026-06-25
3236.T,265.0,2026-06-25
5819.T,1800.0,2026-06-25
3161.T,656.0,2026-06-25
7175.T,1375.0,2026-06-25
5946.T,2007.0,2026-06-25
8938.T,305.0,2026-06-25
6292.T,818.0,2026-06-25
3668.T,354.0,2026-06-25
6748.T,695.0,2026-06-25
9972.T,258.0,2026-06-25
6335.T,631.0,2026-06-25
7021.T,1791.0,2026-06-25
2814.T,3040.0,2026-06-25
6899.T,2285.0,2026-06-25
7997.T,1006.0,2026-06-25
4360.T,784.0,2026-06-25
5187.T,1105.0,2026-06-25
5446.T,1147.0,2026-06-25
3632.T,380.0,2026-06-25
6718.T,2658.0,2026-06-25
9876.T,221.0,2026-06-25
8869.T,777.0,2026-06-25
5282.T,412.0,2026-06-25
3537.T,1612.0,2026-06-25
8595.T,2317.0,2026-06-25
6497.T,1346.0,2026-06-25
2168.T,1460.0,2026-06-25
7264.T,1297.0,2026-06-25
5079.T,2419.0,2026-06-25
7122.T,2401.0,2026-06-25
8281.T,1044.0,2026-06-25
3765.T,2209.0,2026-06-25
1853.T,323.0,2026-06-25
7218.T,1118.0,2026-06-25
7908.T,227.0,2026-06-25
4627.T,1776.0,2026-06-25
4243.T,974.0,2026-06-25
4625.T,740.0,2026-06-25
7521.T,2680.0,2026-06-25
5986.T,232.0,2026-06-25
6743.T,806.0,2026-06-25
6150.T,2671.0,2026-06-25
7975.T,1073.0,2026-06-25
5966.T,2550.0,2026-06-25
3477.T,830.0,2026-06-25
7464.T,1531.0,2026-06-25
4365.T,20550.0,2026-06-25
3639.T,215.0,2026-06-25
7865.T,338.0,2026-06-25
2491.T,464.0,2026-06-25
5078.T,4780.0,2026-06-25
3054.T,232.0,2026-06-25
3297.T,1071.0,2026-06-25
5915.T,2361.0,2026-06-25
8584.T,3425.0,2026-06-25
7279.T,2014.0,2026-06-25
9895.T,1253.0,2026-06-25
6159.T,1953.0,2026-06-25
2489.T,281.0,2026-06-25
8159.T,3235.0,2026-06-25
3954.T,2816.0,2026-06-25
143A.T,674.0,2026-06-25
4644.T,1023.0,2026-06-25
3710.T,616.0,2026-06-25
8076.T,1961.0,2026-06-25
7486.T,769.0,2026-06-25
7985.T,716.0,2026-06-26
7957.T,1687.0,2026-06-25
3131.T,3595.0,2026-06-25
5969.T,1190.0,2026-06-25
7885.T,1059.0,2026-06-25
3134.T,258.0,2026-06-25
6325.T,396.0,2026-06-25
6797.T,1161.0,2026-06-25
7628.T,1095.0,2026-06-25
6276.T,306.0,2026-06-25
7472.T,3600.0,2026-06-25
6151.T,1717.0,2026-06-25
7537.T,1717.0,2026-06-25
6820.T,3035.0,2026-06-25
2221.T,3020.0,2026-06-25
8141.T,1574.0,2026-06-25
3583.T,1205.0,2026-06-25
9932.T,1167.0,2026-06-25
6778.T,670.0,2026-06-25
4170.T,102.0,2026-06-25
5945.T,2500.0,2026-06-25
6158.T,989.0,2026-06-25
3386.T,1237.0,2026-06-25
3892.T,1625.0,2026-06-25
3944.T,2499.0,2026-06-25
7928.T,612.0,2026-06-25
2497.T,493.0,2026-06-25
3851.T,827.0,2026-06-25
3895.T,403.0,2026-06-25
9867.T,10380.0,2026-06-25
5997.T,857.0,2026-06-25
7953.T,386.0,2026-06-25
5363.T,687.0,2026-06-25
1887.T,512.0,2026-06-25
1793.T,2064.0,2026-06-25
7872.T,599.0,2026-06-25
3417.T,1124.0,2026-06-25
3277.T,1290.0,2026-06-25
6349.T,1499.0,2026-06-25
7614.T,1538.0,2026-06-25
8075.T,2392.0,2026-06-25
6360.T,4450.0,2026-06-25
9414.T,898.0,2026-06-25
6907.T,621.0,2026-06-25
3641.T,937.0,2026-06-25
2654.T,391.0,2026-06-25
1376.T,1447.0,2026-06-25
3953.T,740.0,2026-06-25
5440.T,1707.0,2026-06-25
4829.T,103.0,2026-06-25
2449.T,1050.0,2026-06-25
6358.T,2066.0,2026-06-25
5958.T,4380.0,2026-06-25
3597.T,10100.0,2026-06-25
8093.T,1683.0,2026-06-25
5388.T,1255.0,2026-06-25
4548.T,714.0,2026-06-25
3388.T,2094.0,2026-06-25
7859.T,232.0,2026-06-25
6485.T,1483.0,2026-06-25
8123.T,1338.0,2026-06-25
5304.T,2382.0,2026-06-25
8935.T,1721.0,2026-06-25
6419.T,2904.0,2026-06-25
9425.T,164.0,2026-06-25
7896.T,490.0,2026-06-25
5368.T,918.0,2026-06-25
6619.T,176.0,2026-06-25
6482.T,715.0,2026-06-25
7820.T,705.0,2026-06-25
1905.T,1545.0,2026-06-25
3958.T,554.0,2026-06-25
6919.T,1352.0,2026-06-25
2999.T,576.0,2026-06-25
7565.T,5960.0,2026-06-25
2700.T,1805.0,2026-06-25
8150.T,2730.0,2026-06-25
3176.T,1555.0,2026-06-25
7677.T,2510.0,2026-06-25
8084.T,3885.0,2026-06-25
8844.T,1234.0,2026-06-25
4119.T,5490.0,2026-06-25
7602.T,142.0,2026-06-25
7551.T,685.0,2026-06-25
3321.T,1750.0,2026-06-25
6165.T,527.0,2026-06-25
9820.T,3505.0,2026-06-25
3513.T,3090.0,2026-06-25
4308.T,353.0,2026-06-25
6149.T,2092.0,2026-06-25
7681.T,924.0,2026-06-25
1768.T,1059.0,2026-06-25
6418.T,990.0,2026-06-25
7265.T,3795.0,2026-06-25
6091.T,902.0,2026-06-25
7235.T,1426.0,2026-06-25
8045.T,1866.0,2026-06-25
548A.T,905.0,2026-06-25
6118.T,1176.0,2026-06-25
6730.T,1158.0,2026-06-25
6245.T,1879.0,2026-06-25
6858.T,920.0,2026-06-25
8103.T,868.0,2026-06-25
5871.T,1302.0,2026-06-25
3577.T,922.0,2026-06-25
7446.T,4625.0,2026-06-25
3674.T,311.0,2026-06-25
4301.T,1793.0,2026-06-25
5464.T,930.0,2026-06-25
7544.T,556.0,2026-06-25
8700.T,1750.0,2026-06-25
4628.T,9360.0,2026-06-25
9478.T,488.0,2026-06-25
4996.T,733.0,2026-06-25
6365.T,5430.0,2026-06-25
189A.T,956.0,2026-06-25
2385.T,244.0,2026-06-25
9980.T,91.0,2026-06-25
5757.T,5410.0,2026-06-25
6678.T,1947.0,2026-06-25
6463.T,1410.0,2026-06-25
9760.T,112.0,2026-06-25
1899.T,7540.0,2026-06-25
3943.T,1210.0,2026-06-25
1724.T,692.0,2026-06-25
2329.T,520.0,2026-06-25
3580.T,706.0,2026-06-25
6022.T,2476.0,2026-06-25
6915.T,3175.0,2026-06-25
1807.T,1830.0,2026-06-25
7314.T,1170.0,2026-06-25
3653.T,588.0,2026-06-25
9857.T,2408.0,2026-06-25
2911.T,2265.0,2026-06-25
8152.T,7200.0,2026-06-25
373A.T,1500.0,2026-06-25
8202.T,146.0,2026-06-25
3802.T,473.0,2026-06-25
8104.T,636.0,2026-06-25
4925.T,1706.0,2026-06-25
4299.T,1171.0,2026-06-25
6804.T,2763.0,2026-06-25
3434.T,1209.0,2026-06-25
248A.T,862.0,2026-06-25
1826.T,996.0,2026-06-25
6382.T,1230.0,2026-06-25
8572.T,445.5,2026-06-25
9625.T,1073.0,2026-06-25
4936.T,319.0,2026-06-25
6494.T,96.0,2026-06-25
7689.T,312.0,2026-06-25
2735.T,609.0,2026-06-25
6229.T,1480.0,2026-06-25
2425.T,626.0,2026-06-25
6882.T,1401.0,2026-06-25
9845.T,1368.0,2026-06-25
7952.T,3350.0,2026-06-25
6894.T,2194.0,2026-06-25
7607.T,3175.0,2026-06-25
1770.T,1843.0,2026-06-25
6488.T,935.0,2026-06-25
4120.T,2740.0,2026-06-25
6647.T,2678.0,2026-06-25
7847.T,611.0,2026-06-25
9253.T,749.0,2026-06-25
3291.T,2166.5,2026-06-25
167A.T,2671.0,2026-06-25
7487.T,1749.0,2026-06-25
8622.T,659.0,2026-06-25
5129.T,261.0,2026-06-25
5218.T,1601.0,2026-06-25
3816.T,1085.0,2026-06-25
7128.T,2114.0,2026-06-25
7510.T,2341.0,2026-06-25
1866.T,999.0,2026-06-25
8616.T,754.0,2026-06-25
3139.T,3230.0,2026-06-25
220A.T,923.0,2026-06-25
9475.T,493.0,2026-06-25
4761.T,1371.0,2026-06-25
3435.T,1418.0,2026-06-25
8705.T,232.0,2026-06-25
1798.T,1056.0,2026-06-25
5449.T,2284.0,2026-06-25
1879.T,2092.0,2026-06-25
4534.T,3140.0,2026-06-25
2009.T,1082.0,2026-06-25
6338.T,1789.0,2026-06-25
5461.T,1962.0,2026-06-25
6104.T,4430.0,2026-06-25
2693.T,360.0,2026-06-25
7185.T,3730.0,2026-06-25
7946.T,355.0,2026-06-25
4547.T,4035.0,2026-06-25
6832.T,2941.0,2026-06-25
7313.T,1714.0,2026-06-25
1847.T,2582.0,2026-06-25
2483.T,2051.0,2026-06-25
1867.T,2379.0,2026-06-25
7228.T,3710.0,2026-06-25
4406.T,203.0,2026-06-25
6265.T,3685.0,2026-06-25
9996.T,1955.0,2026-06-25
9339.T,1250.0,2026-06-25
1811.T,8100.0,2026-06-25
8041.T,4205.0,2026-06-25
5458.T,1240.0,2026-06-25
9908.T,2591.0,2026-06-25
7567.T,537.0,2026-06-25
6030.T,1228.0,2026-06-25
9755.T,2822.0,2026-06-25
5189.T,3010.0,2026-06-25
8101.T,2355.0,2026-06-25
2108.T,4680.0,2026-06-25
4918.T,290.0,2026-06-25
3512.T,800.0,2026-06-25
3089.T,1180.0,2026-06-25
5976.T,1281.0,2026-06-25
1430.T,919.0,2026-06-25
8871.T,3215.0,2026-06-25
6706.T,3130.0,2026-06-25
1716.T,1372.0,2026-06-25
3766.T,1286.0,2026-06-25
6034.T,624.0,2026-06-25
5820.T,770.0,2026-06-25
6038.T,905.0,2026-06-25
7287.T,2531.0,2026-06-25
9906.T,3870.0,2026-06-25
6737.T,2390.0,2026-06-25
4591.T,58.0,2026-06-25
5906.T,788.0,2026-06-25
7922.T,717.0,2026-06-24
6430.T,2130.0,2026-06-25
4429.T,705.0,2026-06-25
3932.T,2859.0,2026-06-25
3437.T,2680.0,2026-06-25
9955.T,2681.0,2026-06-25
6337.T,2608.0,2026-06-25
7523.T,1675.0,2026-06-25
4116.T,1055.0,2026-06-25
9647.T,6730.0,2026-06-25
6316.T,2546.0,2026-06-25
3377.T,383.0,2026-06-25
7444.T,1945.0,2026-06-25
2613.T,2031.0,2026-06-25
1822.T,740.0,2026-06-25
6572.T,198.0,2026-06-25
8098.T,3900.0,2026-06-25
6496.T,4825.0,2026-06-25
4229.T,4670.0,2026-06-25
7031.T,638.0,2026-06-25
8185.T,960.0,2026-06-25
1981.T,1313.0,2026-06-25
5816.T,1771.0,2026-06-25
1788.T,4525.0,2026-06-25
2481.T,654.0,2026-06-25
7192.T,554.0,2026-06-25
6918.T,3410.0,2026-06-25
8737.T,585.0,2026-06-25
6417.T,1563.0,2026-06-25
1786.T,334.0,2026-06-25
1972.T,1242.0,2026-06-25
6540.T,1463.0,2026-06-25
3908.T,319.0,2026-06-25
7370.T,693.0,2026-06-25
5451.T,1268.0,2026-06-25
6927.T,908.0,2026-06-25
7983.T,1065.0,2026-06-25
4316.T,127.0,2026-06-25
7613.T,1347.0,2026-06-25
8877.T,4800.0,2026-06-25
9726.T,1831.0,2026-06-25
6848.T,856.0,2026-06-25
6484.T,2300.0,2026-06-25
5125.T,474.0,2026-06-25
6279.T,925.0,2026-06-25
9363.T,527.0,2026-06-25
1888.T,3205.0,2026-06-25
7955.T,875.0,2026-06-25
3553.T,843.0,2026-06-25
7833.T,645.0,2026-06-25
2763.T,1036.0,2026-06-25
7460.T,4800.0,2026-06-25
7527.T,47.0,2026-06-25
9902.T,2531.0,2026-06-25
2053.T,1861.0,2026-06-25
3682.T,584.0,2026-06-25
2961.T,6620.0,2026-06-25
4059.T,381.0,2026-06-25
2121.T,2552.0,2026-06-25
4635.T,1333.0,2026-06-25
1443.T,242.0,2026-06-25
7722.T,753.0,2026-06-25
8091.T,2277.0,2026-06-25
9888.T,988.0,2026-06-25
4754.T,1478.0,2026-06-25
6047.T,438.0,2026-06-25
5542.T,820.0,2026-06-25
9248.T,1546.0,2026-06-25
7292.T,6750.0,2026-06-25
5959.T,904.0,2026-06-25
4990.T,500.0,2026-06-25
7077.T,974.0,2026-06-25
4772.T,67.0,2026-06-25
7208.T,1198.0,2026-06-25
3431.T,1514.0,2026-06-25
7539.T,808.0,2026-06-25
8742.T,553.0,2026-06-25
9408.T,2750.0,2026-06-25
3930.T,1032.0,2026-06-25
8014.T,3820.0,2026-06-25
6870.T,2535.0,2026-06-25
6897.T,655.0,2026-06-25
4620.T,1079.0,2026-06-25
9466.T,220.0,2026-06-25
4934.T,609.0,2026-06-25
4623.T,1719.0,2026-06-25
4388.T,359.0,2026-06-25
3826.T,436.0,2026-06-25
3839.T,627.0,2026-06-25
2408.T,817.0,2026-06-25
7351.T,454.0,2026-06-25
4095.T,1728.0,2026-06-25
6063.T,999.0,2026-06-25
1795.T,4775.0,2026-06-25
3903.T,224.0,2026-06-25
6626.T,2025.0,2026-06-25
196A.T,259.0,2026-06-25
3071.T,99.0,2026-06-25
5357.T,1750.0,2026-06-25
4992.T,2245.0,2026-06-25
6794.T,2964.0,2026-06-25
5695.T,3200.0,2026-06-25
8137.T,3700.0,2026-06-25
3911.T,190.0,2026-06-25
331A.T,481.0,2026-06-25
4512.T,257.0,2026-06-25
5410.T,2567.0,2026-06-25
9404.T,2698.5,2026-06-25
9990.T,735.0,2026-06-25
1799.T,3295.0,2026-06-25
3143.T,695.0,2026-06-25
5967.T,425.0,2026-06-25
6637.T,3320.0,2026-06-25
2330.T,70.0,2026-06-25
304A.T,1784.0,2026-06-25
6384.T,1860.0,2026-06-25
6517.T,3650.0,2026-06-25
3622.T,505.0,2026-06-25
9563.T,292.0,2026-06-25
6505.T,1970.0,2026-06-25
6905.T,1515.0,2026-06-25
2819.T,2371.0,2026-06-25
5527.T,619.0,2026-06-25
5983.T,13700.0,2026-06-25
8747.T,2090.0,2026-06-25
8052.T,2676.0,2026-06-25
4351.T,945.0,2026-06-25
7600.T,928.0,2026-06-25
7046.T,1295.0,2026-06-25
7140.T,846.0,2026-06-25
6580.T,787.0,2026-06-25
6676.T,2507.0,2026-06-25
7916.T,1784.0,2026-06-25
7878.T,1450.0,2026-06-25
7965.T,1414.0,2026-06-25
1780.T,1410.0,2026-06-25
3352.T,1658.0,2026-06-25
6599.T,3240.0,2026-06-25
4994.T,2372.0,2026-06-25
5131.T,140.0,2026-06-25
8023.T,940.0,2026-06-25
7837.T,300.0,2026-06-25
3416.T,805.0,2026-06-25
4728.T,643.0,2026-06-25
7782.T,452.0,2026-06-25
8127.T,585.0,2026-06-25
7213.T,582.0,2026-06-25
7299.T,1620.0,2026-06-25
8158.T,1113.0,2026-06-25
3079.T,994.0,2026-06-25
6161.T,1103.0,2026-06-25
8999.T,502.0,2026-06-25
7466.T,1271.0,2026-06-25
8066.T,2463.0,2026-06-25
8226.T,365.0,2026-06-25
3299.T,1782.0,2026-06-25
5957.T,780.0,2026-06-25
4725.T,1760.0,2026-06-25
3550.T,216.0,2026-06-25
9739.T,2506.0,2026-06-25
7989.T,2521.0,2026-06-25
3375.T,1620.0,2026-06-25
6552.T,180.0,2026-06-25
3646.T,320.0,2026-06-25
7940.T,1050.0,2026-06-25
4736.T,618.0,2026-06-25
8946.T,74.0,2026-06-25
3266.T,81.0,2026-06-25
7634.T,4785.0,2026-06-25
6664.T,233.0,2026-06-25
8059.T,2990.0,2026-06-25
3800.T,1965.0,2026-06-25
9193.T,807.0,2026-06-25
5911.T,2800.0,2026-06-25
7296.T,3420.0,2026-06-25
5240.T,117.0,2026-06-25
4094.T,2083.0,2026-06-25
3023.T,1787.0,2026-06-25
6923.T,3562.0,2026-06-25
3267.T,668.0,2026-06-25
3799.T,1004.0,2026-06-25
2479.T,226.0,2026-06-25
9409.T,3070.0,2026-06-25
4076.T,1701.0,2026-06-25
7849.T,3320.0,2026-06-25
7425.T,2555.0,2026-06-25
3760.T,636.0,2026-06-25
6741.T,1586.0,2026-06-25
3306.T,629.0,2026-06-25
6247.T,1776.0,2026-06-25
4893.T,119.0,2026-06-25
5184.T,4185.0,2026-06-25
9799.T,848.0,2026-06-25
8077.T,206.0,2026-06-25
8011.T,3950.0,2026-06-25
9330.T,843.0,2026-06-25
6844.T,4180.0,2026-06-25
2883.T,1974.0,2026-06-25
6069.T,600.0,2026-06-25
2806.T,1818.0,2026-06-25
7501.T,1500.0,2026-06-25
6248.T,1769.0,2026-06-25
3772.T,1076.0,2026-06-25
6033.T,1376.0,2026-06-25
8707.T,3995.0,2026-06-25
2411.T,447.0,2026-06-25
6769.T,1194.0,2026-06-25
7938.T,2068.0,2026-06-25
4616.T,1833.0,2026-06-25
4880.T,304.0,2026-06-25
7447.T,1632.0,2026-06-25
6809.T,1580.0,2026-06-25
1964.T,4035.0,2026-06-25
7962.T,762.0,2026-06-25
7804.T,2192.0,2026-06-25
9986.T,2435.0,2026-06-25
5302.T,4685.0,2026-06-25
9753.T,1276.0,2026-06-25
8118.T,1225.0,2026-06-25
7483.T,2836.0,2026-06-25
6864.T,2003.0,2026-06-25
130A.T,426.0,2026-06-25
3611.T,2389.0,2026-06-25
1911.T,1347.5,2026-06-25
2349.T,2294.0,2026-06-25
9827.T,595.0,2026-06-25
7813.T,949.0,2026-06-25
3948.T,1107.0,2026-06-25
6763.T,3005.0,2026-06-25
4769.T,1097.0,2026-06-25
7723.T,2940.0,2026-06-25
7417.T,1465.0,2026-06-25
4619.T,2311.0,2026-06-25
6345.T,1346.0,2026-06-25
8945.T,1148.0,2026-06-25
8043.T,1194.0,2026-06-25
3636.T,4410.0,2026-06-25
6405.T,1025.0,2026-06-25
4356.T,1530.0,2026-06-25
7590.T,399.0,2026-06-25
6209.T,3890.0,2026-06-25
1810.T,1324.0,2026-06-25
9698.T,1208.0,2026-06-25
6282.T,2783.0,2026-06-25
9994.T,2040.0,2026-06-25
256A.T,1965.0,2026-06-25
6267.T,3780.0,2026-06-25
7039.T,1703.0,2026-06-25
8006.T,1435.0,2026-06-25
7749.T,2810.0,2026-06-25
3571.T,709.0,2026-06-25
3670.T,1660.0,2026-06-26
7067.T,968.0,2026-06-25
4069.T,650.0,2026-06-25
3913.T,917.0,2026-06-25
7800.T,854.0,2026-06-25
7459.T,2612.5,2026-06-25
1514.T,526.0,2026-06-25
2831.T,3490.0,2026-06-25
7112.T,698.0,2026-06-25
3848.T,788.0,2026-06-25
4997.T,1020.0,2026-06-25
6156.T,2011.0,2026-06-25
1997.T,3980.0,2026-06-25
4883.T,31.0,2026-06-25
6157.T,939.0,2026-06-25
6445.T,1288.0,2026-06-25
5186.T,6250.0,2026-06-25
6926.T,185.0,2026-06-25
5122.T,5320.0,2026-06-25
7305.T,2502.0,2026-06-25
6246.T,1820.0,2026-06-25
7087.T,1300.0,2026-06-25
9991.T,1505.0,2026-06-25
3159.T,349.0,2026-06-25
1960.T,1364.0,2026-06-25
3627.T,271.0,2026-06-25
3482.T,2807.0,2026-06-25
2153.T,1580.0,2026-06-25
2908.T,1498.0,2026-06-25
3529.T,873.0,2026-06-25
9441.T,2720.0,2026-06-25
4719.T,3400.0,2026-06-25
6291.T,1293.0,2026-06-25
9622.T,1423.0,2026-06-25
9341.T,585.0,2026-06-25
9780.T,897.0,2026-06-25
6103.T,4520.0,2026-06-25
6863.T,2800.0,2026-06-25
5939.T,5000.0,2026-06-25
7525.T,3465.0,2026-06-25
4247.T,1255.0,2026-06-25
6286.T,1380.0,2026-06-25
8219.T,682.0,2026-06-25
1762.T,3465.0,2026-06-25
3559.T,412.0,2026-06-25
3355.T,1567.0,2026-06-25
4270.T,1819.0,2026-06-25
6898.T,3600.0,2026-06-25
5619.T,790.0,2026-06-25
6230.T,2185.0,2026-06-25
7931.T,3025.0,2026-06-25
3825.T,191.0,2026-06-25
3665.T,375.0,2026-06-25
198A.T,134.0,2026-06-25
4287.T,448.0,2026-06-25
5982.T,3825.0,2026-06-25
7482.T,1330.0,2026-06-25
6998.T,2139.0,2026-06-25
8154.T,4325.0,2026-06-25
1835.T,4160.0,2026-06-25
7294.T,828.0,2026-06-25
1828.T,2390.0,2026-06-25
8018.T,793.0,2026-06-25
6364.T,1860.0,2026-06-25
4265.T,313.0,2026-06-25
9476.T,1010.0,2026-06-25
1914.T,655.0,2026-06-25
3302.T,3380.0,2026-06-25
7477.T,1911.0,2026-06-25
7713.T,2426.0,2026-06-25
8085.T,4155.0,2026-06-25
244A.T,1188.0,2026-06-25
6309.T,1781.0,2026-06-25
4978.T,132.0,2026-06-25
2185.T,1788.0,2026-06-25
5943.T,2292.0,2026-06-25
4540.T,3697.0,2026-06-25
3698.T,1197.0,2026-06-25
5142.T,1166.0,2026-06-25
3421.T,1728.0,2026-06-25
192A.T,1220.0,2026-06-25
4434.T,1904.0,2026-06-25
7433.T,4540.0,2026-06-25
6322.T,1650.0,2026-06-25
5576.T,2840.0,2026-06-25
4471.T,5020.0,2026-06-25
6125.T,5730.0,2026-06-25
4767.T,327.0,2026-06-25
7807.T,815.0,2026-06-25
6912.T,2110.0,2026-06-25
5237.T,1215.0,2026-06-25
9413.T,3470.0,2026-06-25
9344.T,950.0,2026-06-25
4394.T,385.0,2026-06-25
6592.T,1603.5,2026-06-25
8029.T,2655.0,2026-06-25
7769.T,3775.0,2026-06-25
6493.T,450.0,2026-06-25
8708.T,1469.0,2026-06-25
7860.T,1183.0,2026-06-25
7079.T,2541.0,2026-06-25
2792.T,1356.0,2026-06-25
4376.T,157.0,2026-06-25
4524.T,2151.0,2026-06-25
4752.T,1460.0,2026-06-25
3940.T,111.0,2026-06-25
1976.T,1833.0,2026-06-25
4112.T,2154.0,2026-06-25
6742.T,999.0,2026-06-25
4372.T,1090.0,2026-06-25
3768.T,566.0,2026-06-25
6239.T,1359.0,2026-06-25
483A.T,2105.0,2026-06-25
4240.T,320.0,2026-06-25
9651.T,1664.0,2026-06-25
9258.T,289.0,2026-06-25
1301.T,4360.0,2026-06-25
4521.T,3845.0,2026-06-25
6336.T,2018.0,2026-06-25
2612.T,1715.0,2026-06-25
8918.T,10.0,2026-06-25
8081.T,2517.0,2026-06-25
3680.T,208.0,2026-06-25
9345.T,550.0,2026-06-25
6082.T,982.0,2026-06-25
7545.T,1882.0,2026-06-25
4072.T,2819.0,2026-06-25
6989.T,2488.0,2026-06-25
550A.T,2368.0,2026-06-25
7844.T,425.0,2026-06-25
6874.T,2641.0,2026-06-25
6137.T,1470.0,2026-06-25
4998.T,1151.0,2026-06-25
3461.T,552.0,2026-06-25
7254.T,723.0,2026-06-25
8078.T,1674.0,2026-06-25
1450.T,1408.0,2026-06-25
3020.T,4140.0,2026-06-25
7050.T,1280.0,2026-06-25
3841.T,1195.0,2026-06-25
9376.T,761.0,2026-06-25
1928.T,3280.0,2026-06-25
4172.T,2121.0,2026-06-25
6050.T,1660.0,2026-06-25
7240.T,2888.5,2026-06-25
1966.T,1725.0,2026-06-25
5990.T,1978.0,2026-06-25
8613.T,1059.0,2026-06-25
2461.T,411.0,2026-06-25
6635.T,719.0,2026-06-25
5356.T,1389.0,2026-06-25
7114.T,696.0,2026-06-25
4093.T,427.0,2026-06-25
2415.T,1593.0,2026-06-25
7595.T,1184.0,2026-06-25
1377.T,4155.0,2026-06-25
423A.T,298.0,2026-06-25
8887.T,349.0,2026-06-25
7239.T,2137.0,2026-06-25
1787.T,5220.0,2026-06-25
5535.T,248.0,2026-06-25
4017.T,198.0,2026-06-25
6630.T,721.0,2026-06-25
4378.T,568.0,2026-06-25
5138.T,386.0,2026-06-25
3965.T,827.0,2026-06-25
2750.T,1220.0,2026-06-25
5950.T,140.0,2026-06-25
5702.T,1526.0,2026-06-25
7276.T,2630.0,2026-06-25
5018.T,1838.0,2026-06-25
9987.T,4970.0,2026-06-25
5659.T,1440.0,2026-06-25
8927.T,442.0,2026-06-25
2493.T,916.0,2026-06-25
5423.T,1678.0,2026-06-25
2186.T,902.0,2026-06-25
2475.T,1730.0,2026-06-25
5273.T,1466.0,2026-06-25
7222.T,933.0,2026-06-25
6307.T,415.0,2026-06-25
6824.T,4685.0,2026-06-25
2722.T,351.0,2026-06-25
2733.T,2416.0,2026-06-25
3490.T,2880.0,2026-06-25
4362.T,2570.0,2026-06-25
6888.T,519.0,2026-06-25
2122.T,1280.0,2026-06-25
9709.T,1207.0,2026-06-25
3059.T,702.0,2026-06-25
6995.T,2970.0,2026-06-25
4027.T,2342.0,2026-06-25
6459.T,1672.0,2026-06-25
3598.T,152.0,2026-06-25
9856.T,1142.0,2026-06-25
3245.T,990.0,2026-06-25
6351.T,2215.0,2026-06-25
1967.T,2000.0,2026-06-25
4178.T,515.0,2026-06-25
4249.T,2343.0,2026-06-25
3183.T,1223.0,2026-06-25
3950.T,1371.0,2026-06-25
4951.T,1482.0,2026-06-25
3624.T,64.0,2026-06-25
9715.T,3625.0,2026-06-25
6850.T,1671.0,2026-06-25
2784.T,2173.0,2026-06-25
4977.T,1309.0,2026-06-25
442A.T,1010.0,2026-06-25
7863.T,966.0,2026-06-25
6662.T,219.0,2026-06-25
4881.T,61.0,2026-06-25
6677.T,3500.0,2026-06-25
2916.T,717.0,2026-06-25
3201.T,1689.0,2026-06-25
9273.T,748.0,2026-06-25
1382.T,1461.0,2026-06-25
547A.T,436.0,2026-06-25
5602.T,1392.0,2026-06-25
1992.T,2978.0,2026-06-25
1941.T,5680.0,2026-06-25
2815.T,4995.0,2026-06-25
6663.T,330.0,2026-06-25
5590.T,647.0,2026-06-25
7927.T,2181.0,2026-06-25
5445.T,1809.0,2026-06-25
8624.T,1370.0,2026-06-25
7172.T,2061.0,2026-06-25
8508.T,798.0,2026-06-25
6198.T,236.0,2026-06-25
8065.T,2941.0,2026-06-25
4882.T,170.0,2026-06-25
7270.T,2401.5,2026-06-25
6466.T,4440.0,2026-06-25
2477.T,2214.0,2026-06-25
8934.T,2365.0,2026-06-25
6340.T,4380.0,2026-06-25
8928.T,2340.0,2026-06-25
3678.T,1286.0,2026-06-25
9629.T,1253.0,2026-06-25
5660.T,1742.0,2026-06-25
2152.T,1472.0,2026-06-25
7949.T,2520.0,2026-06-25
7673.T,1580.0,2026-06-25
7803.T,261.0,2026-06-25
3172.T,1148.0,2026-06-25
6333.T,3135.0,2026-06-25
3963.T,295.0,2026-06-25
5035.T,361.0,2026-06-25
9127.T,2763.0,2026-06-25
6391.T,4190.0,2026-06-25
9212.T,265.0,2026-06-25
2915.T,2010.0,2026-06-25
7231.T,2674.0,2026-06-25
9849.T,4445.0,2026-06-25
4667.T,2076.0,2026-06-25
6070.T,2175.0,2026-06-25
6932.T,2382.0,2026-06-25
8051.T,1688.0,2026-06-25
5463.T,1647.5,2026-06-25
5563.T,464.0,2026-06-25
6167.T,979.0,2026-06-25
5947.T,3543.0,2026-06-25
4526.T,3075.0,2026-06-25
9225.T,960.0,2026-06-25
5941.T,2502.0,2026-06-25
5868.T,988.0,2026-06-25
9768.T,3350.0,2026-06-25
1938.T,2704.0,2026-06-25
9930.T,362.0,2026-06-25
5185.T,1786.0,2026-06-25
7480.T,2259.0,2026-06-25
1720.T,1152.0,2026-06-25
9265.T,3295.0,2026-06-25
1435.T,163.0,2026-06-25
2332.T,1765.0,2026-06-25
5192.T,3960.0,2026-06-25
5973.T,609.0,2026-06-25
6191.T,754.0,2026-06-25
2737.T,18610.0,2026-06-25
4491.T,2976.0,2026-06-25
6455.T,2422.0,2026-06-25
3333.T,1265.0,2026-06-25
1930.T,1709.0,2026-06-25
4097.T,1124.0,2026-06-25
8704.T,1189.0,2026-06-25
5262.T,1010.0,2026-06-25
2335.T,1025.0,2026-06-25
1662.T,1569.0,2026-06-25
3991.T,907.0,2026-06-25
6272.T,1454.0,2026-06-25
6379.T,2216.0,2026-06-25
4914.T,1121.0,2026-06-25
4220.T,1696.0,2026-06-25
6803.T,95.0,2026-06-25
4310.T,2574.0,2026-06-25
6203.T,1581.0,2026-06-25
7976.T,2602.0,2026-06-25
1852.T,815.0,2026-06-25
2341.T,160.0,2026-06-25
7864.T,2853.0,2026-06-25
4012.T,1619.0,2026-06-25
4465.T,2128.0,2026-06-25
7702.T,446.0,2026-06-25
2305.T,1796.0,2026-06-25
5268.T,817.0,2026-06-25
6770.T,2113.0,2026-06-25
6395.T,1301.0,2026-06-25
6675.T,1847.0,2026-06-25
206A.T,127.0,2026-06-25
2975.T,1554.0,2026-06-25
2342.T,209.0,2026-06-25
6788.T,4515.0,2026-06-25
4053.T,421.0,2026-06-25
4516.T,4037.0,2026-06-25
3934.T,2208.0,2026-06-25
4750.T,535.0,2026-06-25
6143.T,2064.0,2026-06-25
2114.T,611.0,2026-06-25
4577.T,1241.0,2026-06-25
3773.T,994.0,2026-06-25
4956.T,1498.0,2026-06-25
4284.T,418.0,2026-06-25
4792.T,1627.0,2026-06-25
6381.T,1684.0,2026-06-25
7921.T,3060.0,2026-06-25
6339.T,1210.0,2026-06-25
9438.T,530.0,2026-06-25
3465.T,3765.0,2026-06-25
6643.T,5080.0,2026-06-25
8898.T,1128.0,2026-06-25
9621.T,2792.0,2026-06-25
7255.T,473.0,2026-06-25
4840.T,633.0,2026-06-25
3288.T,8399.0,2026-06-25
3284.T,1170.0,2026-06-25
7717.T,8910.0,2026-06-25
7951.T,1147.5,2026-06-25
1518.T,1504.0,2026-06-25
4171.T,1678.0,2026-06-25
1814.T,3180.0,2026-06-25
1844.T,462.0,2026-06-25
4238.T,1910.0,2026-06-25
4931.T,1939.0,2026-06-25
9233.T,1110.0,2026-06-25
7514.T,853.0,2026-06-25
4673.T,4510.0,2026-06-25
137A.T,741.0,2026-06-25
3918.T,1237.0,2026-06-25
4167.T,270.0,2026-06-25
4922.T,5000.0,2026-06-25
2325.T,4735.0,2026-06-25
6772.T,1100.0,2026-06-25
3834.T,603.0,2026-06-25
3445.T,7080.0,2026-06-25
2876.T,448.0,2026-06-25
6853.T,850.0,2026-06-25
2292.T,2635.0,2026-06-25
9782.T,3295.0,2026-06-25
2169.T,1749.0,2026-06-25
4595.T,1688.0,2026-06-25
2907.T,1445.0,2026-06-25
6250.T,3895.0,2026-06-25
5011.T,2128.0,2026-06-25
6822.T,5600.0,2026-06-25
3042.T,282.0,2026-06-25
6420.T,3260.0,2026-06-25
8227.T,3263.0,2026-06-25
2454.T,337.0,2026-06-25
4317.T,452.0,2026-06-25
6546.T,1144.0,2026-06-25
7217.T,415.0,2026-06-25
6535.T,487.0,2026-06-25
6392.T,7110.0,2026-06-25
9687.T,4370.0,2026-06-25
5126.T,1396.0,2026-06-25
5484.T,4480.0,2026-06-25
2652.T,408.0,2026-06-25
9904.T,213.0,2026-06-25
4891.T,102.0,2026-06-25
7725.T,1856.0,2026-06-25
302A.T,540.0,2026-06-25
4334.T,368.0,2026-06-25
6238.T,1353.0,2026-06-25
4668.T,682.0,2026-06-25
6378.T,1236.0,2026-06-25
8285.T,702.0,2026-06-25
7095.T,1057.0,2026-06-25
4218.T,1849.0,2026-06-25
6849.T,1415.0,2026-06-25
1827.T,1212.0,2026-06-25
7072.T,970.0,2026-06-25
4958.T,3270.0,2026-06-25
7942.T,2542.0,2026-06-25
7981.T,3135.0,2026-06-25
6786.T,49.0,2026-06-25
1491.T,651.0,2026-06-25
7846.T,5114.0,2026-06-25
6750.T,1779.0,2026-06-25
4586.T,51.0,2026-06-25
8129.T,3828.0,2026-06-25
1381.T,3665.0,2026-06-25
6908.T,2922.0,2026-06-25
2438.T,309.0,2026-06-25
7500.T,10160.0,2026-06-25
2670.T,2808.0,2026-06-25
4599.T,311.0,2026-06-25
4025.T,4715.0,2026-06-25
6190.T,349.0,2026-06-25
3904.T,389.0,2026-06-25
5974.T,870.0,2026-06-25
6929.T,3785.0,2026-06-25
8518.T,125.0,2026-06-25
4694.T,3635.0,2026-06-25
4248.T,876.0,2026-06-25
1968.T,2574.0,2026-06-25
7377.T,1831.0,2026-06-25
9729.T,2320.0,2026-06-25
6432.T,7210.0,2026-06-25
9763.T,1178.0,2026-06-25
8614.T,611.0,2026-06-25
4424.T,200.0,2026-06-25
3138.T,1150.0,2026-06-25
4391.T,1082.0,2026-06-25
6518.T,2079.0,2026-06-25
1934.T,2406.0,2026-06-25
2183.T,202.0,2026-06-25
4427.T,170.0,2026-06-25
1861.T,1362.0,2026-06-25
6332.T,2582.0,2026-06-25
4416.T,410.0,2026-06-25
7883.T,386.0,2026-06-25
6369.T,2380.0,2026-06-25
9107.T,2447.0,2026-06-25
6138.T,1105.0,2026-06-25
7277.T,308.0,2026-06-25
1433.T,1132.0,2026-06-25
3623.T,1043.0,2026-06-25
2301.T,1557.0,2026-06-25
4251.T,1237.0,2026-06-25
9837.T,1754.0,2026-06-25
7506.T,1352.0,2026-06-25
9692.T,2063.0,2026-06-25
8012.T,1207.0,2026-06-25
1950.T,4375.0,2026-06-25
6875.T,10520.0,2026-06-25
3909.T,186.0,2026-06-25
1870.T,1789.0,2026-06-25
3723.T,2596.0,2026-06-25
2981.T,1999.0,2026-06-25
6877.T,6100.0,2026-06-25
7042.T,633.0,2026-06-25
1904.T,4870.0,2026-06-25
3842.T,927.0,2026-06-25
6140.T,1230.0,2026-06-25
6081.T,153.0,2026-06-25
1929.T,1081.0,2026-06-25
9605.T,5680.0,2026-06-25
6620.T,757.0,2026-06-25
6287.T,2342.0,2026-06-25
7038.T,612.0,2026-06-25
4401.T,4353.0,2026-06-25
6306.T,905.0,2026-06-25
9612.T,1185.0,2026-06-25
7811.T,1894.0,2026-06-25
3625.T,550.0,2026-06-25
1982.T,3090.0,2026-06-25
7986.T,1777.0,2026-06-25
2669.T,3830.0,2026-06-25
3242.T,533.0,2026-06-25
3035.T,818.0,2026-06-25
6199.T,1112.0,2026-06-25
4042.T,2952.5,2026-06-25
4849.T,1106.0,2026-06-25
166A.T,1228.0,2026-06-25
3998.T,311.0,2026-06-25
9242.T,1869.0,2026-06-25
264A.T,253.0,2026-06-25
6458.T,1247.0,2026-06-25
7413.T,2540.0,2026-06-25
542A.T,939.0,2026-06-25
3001.T,2363.0,2026-06-25
3486.T,1805.0,2026-06-25
3467.T,2471.0,2026-06-25
8037.T,3425.0,2026-06-25
4064.T,3740.0,2026-06-25
5355.T,670.0,2026-06-25
9165.T,1741.0,2026-06-25
7990.T,2308.0,2026-06-25
7984.T,819.7,2026-06-25
3733.T,10250.0,2026-06-25
9740.T,2552.0,2026-06-25
8157.T,3955.0,2026-06-25
4206.T,3660.0,2026-06-25
7226.T,2111.0,2026-06-25
1663.T,3815.0,2026-06-25
7309.T,17340.0,2026-06-25
2136.T,1420.0,2026-06-25
5444.T,12100.0,2026-06-25
6612.T,599.0,2026-06-25
4929.T,717.0,2026-06-25
9743.T,1325.0,2026-06-25
177A.T,978.0,2026-06-25
6648.T,1901.0,2026-06-25
3926.T,288.0,2026-06-25
7244.T,508.0,2026-06-25
3371.T,1680.0,2026-06-25
4052.T,226.0,2026-06-25
3195.T,500.0,2026-06-25
4262.T,1283.0,2026-06-25
4634.T,4370.0,2026-06-25
6255.T,713.0,2026-06-25
6470.T,1073.0,2026-06-25
7416.T,668.0,2026-06-25
6277.T,4945.0,2026-06-25
343A.T,1430.0,2026-06-25
6185.T,384.0,2026-06-25
7284.T,1255.0,2026-06-25
5965.T,1136.0,2026-06-25
3817.T,4280.0,2026-06-25
4479.T,812.0,2026-06-25
387A.T,841.0,2026-06-25
9240.T,390.0,2026-06-25
1783.T,51.0,2026-06-25
2296.T,4670.0,2026-06-25
4114.T,2085.5,2026-06-25
6171.T,383.0,2026-06-25
4633.T,2445.0,2026-06-25
5367.T,1916.0,2026-06-25
265A.T,588.0,2026-06-25
6633.T,328.0,2026-06-25
3107.T,3385.0,2026-06-25
4044.T,4505.0,2026-06-25
3996.T,167.0,2026-06-25
8079.T,4085.0,2026-06-25
3969.T,1333.0,2026-06-25
7819.T,860.0,2026-06-25
415A.T,4645.0,2026-06-25
6586.T,5857.0,2026-06-25
7057.T,900.0,2026-06-25
9347.T,2628.0,2026-06-25
3028.T,2077.0,2026-06-25
4886.T,2237.0,2026-06-25
7596.T,2211.0,2026-06-25
3181.T,959.0,2026-06-25
3132.T,3329.0,2026-06-25
410A.T,1079.0,2026-06-25
3659.T,2134.0,2026-06-25
5970.T,2055.0,2026-06-25
9036.T,1237.0,2026-06-25
9401.T,5991.0,2026-06-25
3675.T,570.0,2026-06-25
5888.T,2950.0,2026-06-25
4198.T,491.0,2026-06-25
3070.T,62.0,2026-06-25
3912.T,1100.0,2026-06-25
4031.T,1024.0,2026-06-25
3374.T,3525.0,2026-06-25
2498.T,2916.0,2026-06-25
7102.T,3120.0,2026-06-25
4440.T,1106.0,2026-06-25
6363.T,2886.0,2026-06-25
7856.T,1761.0,2026-06-25
5284.T,2209.0,2026-06-25
1438.T,1858.0,2026-06-25
9788.T,497.0,2026-06-25
1979.T,4935.0,2026-06-25
6424.T,858.0,2026-06-25
2370.T,24.0,2026-06-25
4124.T,2530.0,2026-06-25
3945.T,2133.0,2026-06-25
1882.T,1515.0,2026-06-25
3858.T,287.0,2026-06-25
7374.T,1533.0,2026-06-25
2433.T,1108.0,2026-06-25
4892.T,518.0,2026-06-25
6902.T,1860.5,2026-06-25
4205.T,2424.5,2026-06-25
4078.T,5110.0,2026-06-25
7049.T,833.0,2026-06-25
7979.T,2014.0,2026-06-25
7608.T,747.0,2026-06-25
5103.T,38.0,2026-06-25
4028.T,2963.0,2026-06-25
7505.T,2120.0,2026-06-25
4687.T,847.0,2026-06-25
7911.T,5213.0,2026-06-25
3569.T,3270.0,2026-06-25
7360.T,584.0,2026-06-25
5936.T,893.0,2026-06-25
8283.T,6638.0,2026-06-25
5013.T,2898.0,2026-06-25
7048.T,163.0,2026-06-25
4113.T,688.0,2026-06-25
3915.T,2464.0,2026-06-25
1808.T,2761.0,2026-06-25
4488.T,2000.0,2026-06-25
1717.T,907.0,2026-06-25
4826.T,497.0,2026-06-25
4197.T,2162.0,2026-06-25
4447.T,429.0,2026-06-25
4884.T,309.0,2026-06-25
5244.T,164.0,2026-06-25
5161.T,2957.0,2026-06-25
6859.T,4580.0,2026-06-25
2060.T,1228.0,2026-06-25
7943.T,3070.0,2026-06-25
7836.T,81.0,2026-06-25
4642.T,1478.0,2026-06-25
4664.T,1060.0,2026-06-25
2440.T,116.0,2026-06-25
3648.T,1095.0,2026-06-25
6223.T,2441.0,2026-06-25
3662.T,948.0,2026-06-25
9716.T,1074.0,2026-06-25
2480.T,1700.0,2026-06-25
3937.T,930.0,2026-06-25
7963.T,1709.0,2026-06-25
4445.T,1496.0,2026-06-25
7043.T,922.0,2026-06-25
4272.T,2057.5,2026-06-25
6371.T,2604.0,2026-06-25
6145.T,3060.0,2026-06-25
9934.T,2692.0,2026-06-25
2436.T,1070.0,2026-06-25
2003.T,1701.0,2026-06-25
5834.T,2629.0,2026-06-25
9467.T,963.0,2026-06-25
4685.T,2656.0,2026-06-25
4662.T,1607.0,2026-06-25
1813.T,2575.0,2026-06-25
6090.T,628.0,2026-06-25
2311.T,796.0,2026-06-25
5821.T,3785.0,2026-06-25
9702.T,2290.0,2026-06-25
4926.T,1205.0,2026-06-25
4335.T,1232.0,2026-06-25
2910.T,1316.0,2026-06-25
241A.T,427.0,2026-06-25
4263.T,800.0,2026-06-25
1736.T,2384.0,2026-06-25
4169.T,175.0,2026-06-25
4414.T,1024.0,2026-06-25
7058.T,3020.0,2026-06-25
9213.T,1045.0,2026-06-25
4008.T,1291.0,2026-06-25
2207.T,3130.0,2026-06-25
2676.T,2164.0,2026-06-25
4671.T,2547.0,2026-06-25
1766.T,12440.0,2026-06-25
5589.T,2770.0,2026-06-25
6029.T,186.0,2026-06-25
6289.T,1715.0,2026-06-25
3988.T,516.0,2026-06-25
7609.T,3815.0,2026-06-25
7917.T,1339.0,2026-06-25
2120.T,190.0,2026-06-25
3907.T,1059.0,2026-06-25
3076.T,2748.0,2026-06-25
7980.T,791.0,2026-06-25
2602.T,1828.0,2026-06-25
6294.T,1974.0,2026-06-25
4361.T,1445.0,2026-06-25
9543.T,1240.0,2026-06-25
4068.T,1799.0,2026-06-25
5729.T,1441.0,2026-06-25
4476.T,945.0,2026-06-25
3835.T,396.0,2026-06-25
2983.T,1398.0,2026-06-25
6644.T,1463.0,2026-06-25
7970.T,2372.0,2026-06-25
7211.T,309.4,2026-06-25
7687.T,413.0,2026-06-25
9244.T,1162.0,2026-06-25
2359.T,2005.0,2026-06-25
5121.T,2575.0,2026-06-25
6448.T,3763.0,2026-06-25
2930.T,114.0,2026-06-25
2437.T,562.0,2026-06-25
2488.T,1321.0,2026-06-25
4212.T,2523.0,2026-06-25
1719.T,1731.5,2026-06-25
7148.T,1496.0,2026-06-25
3974.T,526.0,2026-06-25
7438.T,1490.0,2026-06-25
4464.T,3615.0,2026-06-25
4832.T,1887.0,2026-06-25
157A.T,898.0,2026-06-25
7727.T,780.0,2026-06-25
4041.T,3555.0,2026-06-25
2767.T,1358.0,2026-06-25
3361.T,859.0,2026-06-25
7988.T,4771.0,2026-06-25
4814.T,148.0,2026-06-25
261A.T,1988.0,2026-06-25
9558.T,1913.0,2026-06-25
9982.T,2650.0,2026-06-25
4346.T,749.0,2026-06-25
6408.T,4080.0,2026-06-25
2391.T,1187.0,2026-06-25
5025.T,532.0,2026-06-25
6659.T,75.0,2026-06-25
7343.T,1152.0,2026-06-25
2790.T,2099.0,2026-06-25
2982.T,408.0,2026-06-25
6328.T,2523.0,2026-06-25
7513.T,1292.0,2026-06-25
8005.T,1642.0,2026-06-25
8022.T,3480.0,2026-06-25
4462.T,3495.0,2026-06-25
6554.T,1000.0,2026-06-25
291A.T,1741.0,2026-06-25
4746.T,4380.0,2026-06-25
9219.T,905.0,2026-06-25
3608.T,1149.0,2026-06-25
3440.T,903.0,2026-06-25
9214.T,1260.0,2026-06-25
3970.T,764.0,2026-06-25
7744.T,2044.0,2026-06-25
7555.T,747.0,2026-06-25
6073.T,1395.0,2026-06-25
7575.T,1261.0,2026-06-25
5208.T,2631.0,2026-06-25
5015.T,1008.0,2026-06-25
7971.T,658.0,2026-06-25
7358.T,1398.0,2026-06-25
4380.T,1030.0,2026-06-25
1952.T,3630.0,2026-06-25
9663.T,4980.0,2026-06-25
3548.T,721.0,2026-06-25
472A.T,381.0,2026-06-25
4574.T,273.0,2026-06-25
4221.T,4935.0,2026-06-25
9332.T,575.0,2026-06-25
6823.T,3900.0,2026-06-25
6356.T,1516.0,2026-06-25
3002.T,3870.0,2026-06-25
8841.T,972.0,2026-06-25
2594.T,1965.0,2026-06-25
6094.T,517.0,2026-06-25
2810.T,3690.0,2026-06-25
1945.T,2180.0,2026-06-25
9468.T,3361.0,2026-06-25
6193.T,988.0,2026-06-25
4496.T,724.0,2026-06-25
3947.T,2165.0,2026-06-25
6798.T,3210.0,2026-06-25
4686.T,3540.0,2026-06-25
7707.T,190.0,2026-06-25
3280.T,1002.0,2026-06-25
3917.T,405.0,2026-06-25
9791.T,1114.0,2026-06-25
4763.T,1278.0,2026-06-25
7066.T,390.0,2026-06-25
5195.T,2218.0,2026-06-25
4743.T,1590.0,2026-06-25
9742.T,2088.0,2026-06-25
6731.T,100.0,2026-06-25
2978.T,349.0,2026-06-25
4617.T,3410.0,2026-06-25
149A.T,859.0,2026-06-25
4439.T,720.0,2026-06-25
6925.T,4508.0,2026-06-25
9632.T,3465.0,2026-06-25
416A.T,1133.0,2026-06-25
7060.T,576.0,2026-06-25
4507.T,2718.5,2026-06-25
3779.T,130.0,2026-06-25
4674.T,1434.0,2026-06-25
7875.T,984.0,2026-06-25
5139.T,996.0,2026-06-25
6413.T,966.0,2026-06-25
3179.T,1063.0,2026-06-25
5901.T,4111.0,2026-06-25
6960.T,10670.0,2026-06-25
4216.T,7590.0,2026-06-25
4486.T,631.0,2026-06-25
6357.T,2492.0,2026-06-25
7093.T,476.0,2026-06-25
3667.T,30.0,2026-06-25
2286.T,878.0,2026-06-25
2148.T,1146.0,2026-06-25
9340.T,690.0,2026-06-25
6403.T,4015.0,2026-06-23
8908.T,840.0,2026-06-25
6563.T,480.0,2026-06-25
4020.T,664.0,2026-06-25
480A.T,957.0,2026-06-25
8074.T,5130.0,2026-06-25
2708.T,1884.0,2026-06-25
6460.T,2143.0,2026-06-25
5987.T,1870.0,2026-06-25
4290.T,634.0,2026-06-25
3151.T,1533.0,2026-06-25
334A.T,917.0,2026-06-25
9101.T,5271.0,2026-06-25
5949.T,1209.0,2026-06-25
7893.T,1065.0,2026-06-25
4845.T,333.0,2026-06-25
3672.T,26.0,2026-06-25
5570.T,603.0,2026-06-25
5582.T,1801.0,2026-06-25
6093.T,158.0,2026-06-25
6904.T,441.0,2026-06-25
1963.T,2540.5,2026-06-25
7822.T,241.0,2026-06-25
6135.T,15710.0,2026-06-25
4428.T,626.0,2026-06-25
332A.T,993.0,2026-06-25
4973.T,5830.0,2026-06-25
7637.T,3495.0,2026-06-25
9381.T,2228.0,2026-06-25
5922.T,17430.0,2026-06-25
3153.T,2833.0,2026-06-25
9346.T,1650.0,2026-06-25
4074.T,733.0,2026-06-25
5471.T,2958.0,2026-06-25
2307.T,919.0,2026-06-25
4450.T,1931.0,2026-06-25
1885.T,2043.0,2026-06-25
3004.T,2190.0,2026-06-25
7715.T,4735.0,2026-06-25
5331.T,4340.0,2026-06-25
7522.T,920.0,2026-06-25
6266.T,4820.0,2026-06-25
9353.T,2795.0,2026-06-25
4175.T,2202.0,2026-06-25
2266.T,1068.0,2026-06-25
7740.T,1213.0,2026-06-25
1871.T,2151.0,2026-06-25
6486.T,2873.0,2026-06-25
4045.T,1782.5,2026-06-25
2429.T,2441.0,2026-06-25
7745.T,2867.0,2026-06-25
3106.T,10260.0,2026-06-25
340A.T,316.0,2026-06-25
6298.T,1418.0,2026-06-25
6087.T,3325.0,2026-06-25
6436.T,3608.0,2026-06-25
7731.T,2269.5,2026-06-25
5247.T,535.0,2026-06-25
6080.T,3390.0,2026-06-25
2926.T,95.0,2026-06-25
6044.T,1570.0,2026-06-25
7138.T,123.0,2026-06-25
4370.T,307.0,2026-06-25
6835.T,241.0,2026-06-25
3686.T,70.0,2026-06-25
6837.T,392.0,2026-06-25
5134.T,508.0,2026-06-25
4477.T,256.0,2026-06-25
1414.T,1249.0,2026-06-25
3865.T,872.0,2026-06-25
6046.T,112.0,2026-06-25
1718.T,7050.0,2026-06-25
3920.T,991.0,2026-06-25
2689.T,2015.0,2026-06-25
2892.T,4210.0,2026-06-25
3836.T,1077.0,2026-06-25
3173.T,1004.0,2026-06-25
9405.T,760.0,2026-06-25
3560.T,4130.0,2026-06-25
1418.T,516.0,2026-06-25
7912.T,2819.5,2026-06-25
5071.T,1354.0,2026-06-25
6176.T,875.0,2026-06-25
7078.T,344.0,2026-06-25
4420.T,813.0,2026-06-25
6258.T,3150.0,2026-06-25
3452.T,1449.0,2026-06-25
3925.T,1149.0,2026-06-25
9551.T,3560.0,2026-06-25
4576.T,69.0,2026-06-25
4046.T,1889.0,2026-06-25
9765.T,1081.0,2026-06-25
3844.T,1241.0,2026-06-25
5288.T,1485.0,2026-06-25
6113.T,3088.0,2026-06-25
3036.T,2394.0,2026-06-25
2811.T,2581.0,2026-06-25
2764.T,140.0,2026-06-25
2173.T,673.0,2026-06-25
3475.T,1401.0,2026-06-25
5867.T,1141.0,2026-06-25
9790.T,3045.0,2026-06-25
4641.T,2300.0,2026-06-25
9832.T,1449.0,2026-06-25
9610.T,101.0,2026-06-25
4366.T,533.0,2026-06-25
6331.T,3930.0,2026-06-25
3798.T,501.0,2026-06-25
7456.T,5730.0,2026-06-25
4733.T,5723.0,2026-06-25
3634.T,589.0,2026-06-25
4318.T,703.0,2026-06-25
7779.T,250.0,2026-06-25
3169.T,656.0,2026-06-25
6952.T,1933.5,2026-06-25
1939.T,2032.0,2026-06-25
5644.T,7610.0,2026-06-25
5851.T,2741.0,2026-06-25
9869.T,5800.0,2026-06-25
6347.T,272.0,2026-06-25
190A.T,70.0,2026-06-25
8117.T,1994.0,2026-06-25
6035.T,706.0,2026-06-25
7552.T,2839.0,2026-06-25
2294.T,2484.0,2026-06-25
7994.T,2283.0,2026-06-25
7476.T,2210.5,2026-06-25
5599.T,984.0,2026-06-25
7490.T,2184.0,2026-06-25
6273.T,72930.0,2026-06-25
3542.T,1362.0,2026-06-25
1833.T,5590.0,2026-06-25
7809.T,1370.0,2026-06-25
7987.T,560.0,2026-06-25
8130.T,2921.0,2026-06-25
6180.T,3635.0,2026-06-25
8061.T,2755.0,2026-06-25
9640.T,2021.0,2026-06-25
2760.T,3940.0,2026-06-25
6237.T,3580.0,2026-06-25
7269.T,1936.5,2026-06-25
5133.T,277.0,2026-06-25
2206.T,5415.0,2026-06-25
1434.T,1870.0,2026-06-25
5033.T,876.0,2026-06-25
4972.T,3305.0,2026-06-25
4204.T,2546.5,2026-06-25
1721.T,5350.0,2026-06-25
4665.T,4277.0,2026-06-25
2327.T,3214.0,2026-06-25
6284.T,9120.0,2026-06-25
9236.T,1050.0,2026-06-25
7734.T,3620.0,2026-06-25
2001.T,2805.0,2026-06-25
4344.T,101.0,2026-06-25
1926.T,4015.0,2026-06-25
6961.T,13370.0,2026-06-25
7821.T,1754.0,2026-06-25
7610.T,145.0,2026-06-25
6744.T,4135.0,2026-06-25
2922.T,1915.0,2026-06-25
5930.T,1885.0,2026-06-25
5942.T,606.0,2026-06-25
5955.T,78.0,2026-06-25
5250.T,1133.0,2026-06-25
1444.T,2807.0,2026-06-25
3984.T,1655.0,2026-06-25
9087.T,1925.0,2026-06-25
2002.T,1960.0,2026-06-25
6516.T,7130.0,2026-06-25
6814.T,6130.0,2026-06-25
7131.T,3450.0,2026-06-25
9319.T,1767.0,2026-06-25
1401.T,1334.0,2026-06-25
5975.T,2644.0,2026-06-25
4433.T,825.0,2026-06-25
3657.T,318.0,2026-06-25
8275.T,1005.0,2026-06-25
9684.T,2362.5,2026-06-25
5242.T,835.0,2026-06-25
9368.T,859.0,2026-06-25
7414.T,1321.0,2026-06-25
3156.T,4540.0,2026-06-25
6840.T,873.0,2026-06-25
6810.T,2174.0,2026-06-25
4326.T,1700.0,2026-06-25
3252.T,2871.0,2026-06-25
7683.T,1425.0,2026-06-25
2315.T,54.0,2026-06-25
3983.T,1932.0,2026-06-25
3935.T,744.0,2026-06-25
6579.T,340.0,2026-06-25
3656.T,209.0,2026-06-25
9830.T,2200.0,2026-06-25
6013.T,3715.0,2026-06-25
9474.T,849.0,2026-06-25
4261.T,3450.0,2026-06-25
9685.T,584.0,2026-06-25
4395.T,687.0,2026-06-25
3489.T,741.0,2026-06-25
7974.T,6859.0,2026-06-25
8739.T,2156.0,2026-06-25
7874.T,911.0,2026-06-25
6653.T,2475.0,2026-06-25
4421.T,925.0,2026-06-25
8008.T,1911.0,2026-06-25
6136.T,3648.0,2026-06-25
7246.T,777.0,2026-06-25
4927.T,1255.5,2026-06-25
6728.T,10415.0,2026-06-25
7080.T,785.0,2026-06-25
3040.T,1930.0,2026-06-25
2432.T,2358.0,2026-06-25
500A.T,2807.0,2026-06-25
6928.T,3370.0,2026-06-25
6195.T,207.0,2026-06-25
6947.T,4470.0,2026-06-25
5279.T,1176.0,2026-06-25
6668.T,4295.0,2026-06-25
7504.T,3255.0,2026-06-25
478A.T,704.0,2026-06-25
3645.T,233.0,2026-06-25
7242.T,3825.0,2026-06-25
2004.T,3360.0,2026-06-25
3180.T,1388.0,2026-06-25
9564.T,463.0,2026-06-25
7325.T,658.0,2026-06-25
368A.T,1286.0,2026-06-25
3929.T,270.0,2026-06-25
1965.T,5620.0,2026-06-25
6177.T,72.0,2026-06-25
2326.T,3570.0,2026-06-25
6543.T,1190.0,2026-06-25
2986.T,8560.0,2026-06-25
520A.T,308.0,2026-06-25
3690.T,517.0,2026-06-25
3457.T,1039.0,2026-06-25
4057.T,352.0,2026-06-25
8060.T,3327.0,2026-06-25
6045.T,1397.0,2026-06-25
3652.T,2601.0,2026-06-25
7278.T,5790.0,2026-06-25
1975.T,4325.0,2026-06-25
2674.T,2649.0,2026-06-25
2303.T,1228.0,2026-06-25
6317.T,1739.0,2026-06-25
6144.T,2862.0,2026-06-25
2586.T,102.0,2026-06-25
5310.T,7920.0,2026-06-25
7282.T,5111.0,2026-06-25
3771.T,1732.0,2026-06-25
7775.T,415.0,2026-06-25
2109.T,3215.0,2026-06-25
7353.T,580.0,2026-06-25
1959.T,9496.0,2026-06-25
2782.T,3680.0,2026-06-25
6302.T,5288.0,2026-06-25
6951.T,7315.0,2026-06-25
6807.T,2328.0,2026-06-25
7164.T,2951.0,2026-06-25
9746.T,3310.0,2026-06-25
3985.T,169.0,2026-06-25
4389.T,883.0,2026-06-25
9416.T,975.0,2026-06-25
6768.T,976.0,2026-06-25
7373.T,1149.0,2026-06-25
3168.T,1271.0,2026-06-25
8007.T,745.0,2026-06-25
3024.T,1015.0,2026-06-25
7110.T,2001.0,2026-06-25
5621.T,1330.0,2026-06-25
6402.T,1364.0,2026-06-25
4768.T,2713.5,2026-06-25
6745.T,1936.0,2026-06-25
7839.T,1802.0,2026-06-25
5714.T,8735.0,2026-06-25
2875.T,9833.0,2026-06-25
6806.T,30250.0,2026-06-25
5933.T,1050.0,2026-06-25
7701.T,3919.0,2026-06-25
8771.T,1689.0,2026-06-25
7781.T,1560.0,2026-06-25
3916.T,802.0,2026-06-25
8111.T,2168.5,2026-06-25
7966.T,6720.0,2026-06-25
8131.T,1900.0,2026-06-25
3087.T,2668.0,2026-06-25
9682.T,967.0,2026-06-25
3566.T,838.0,2026-06-25
3640.T,2273.0,2026-06-25
6560.T,1686.0,2026-06-25
6480.T,2440.0,2026-06-25
6638.T,1815.0,2026-06-25
5162.T,819.0,2026-06-25
6578.T,459.0,2026-06-25
5290.T,1323.0,2026-06-25
3921.T,1519.0,2026-06-25
7064.T,853.0,2026-06-25
6492.T,16250.0,2026-06-25
3776.T,280.0,2026-06-25
2805.T,5240.0,2026-06-25
9537.T,4000.0,2026-06-25
6465.T,5303.0,2026-06-25
6724.T,2767.5,2026-06-25
6914.T,4330.0,2026-06-25
3080.T,755.0,2026-06-25
7035.T,235.0,2026-06-25
3900.T,589.0,2026-06-25
9889.T,1195.0,2026-06-25
1944.T,8162.0,2026-06-25
3441.T,3675.0,2026-06-25
8218.T,3520.0,2026-06-25
4571.T,100.0,2026-06-25
2924.T,2057.0,2026-06-25
9562.T,492.0,2026-06-25
3676.T,705.0,2026-06-25
7762.T,2546.0,2026-06-25
8113.T,934.6,2026-06-25
6240.T,502.0,2026-06-25
2659.T,3145.0,2026-06-25
4800.T,1330.0,2026-06-25
4403.T,2582.5,2026-06-25
336A.T,799.0,2026-06-25
7115.T,1452.0,2026-06-25
6474.T,6120.0,2026-06-25
9644.T,725.0,2026-06-25
3443.T,1295.0,2026-06-25
4187.T,5900.0,2026-06-25
6498.T,2601.0,2026-06-25
1429.T,733.0,2026-06-25
3719.T,174.0,2026-06-25
7823.T,836.0,2026-06-25
4166.T,652.0,2026-06-25
2428.T,614.0,2026-06-25
2813.T,4005.0,2026-06-25
6196.T,1247.0,2026-06-25
9795.T,2195.0,2026-06-25
228A.T,1611.0,2026-06-25
255A.T,6230.0,2026-06-25
3360.T,2099.5,2026-06-25
4274.T,1034.0,2026-06-25
7792.T,1430.0,2026-06-25
4174.T,709.0,2026-06-25
4932.T,630.0,2026-06-25
9962.T,3767.0,2026-06-25
9364.T,4716.0,2026-06-25
6566.T,1204.0,2026-06-25
4888.T,312.0,2026-06-25
4709.T,1050.0,2026-06-25
6539.T,932.0,2026-06-25
4393.T,4410.0,2026-06-25
7619.T,883.0,2026-06-25
8153.T,3550.0,2026-06-25
6577.T,2136.0,2026-06-25
3423.T,264.0,2026-06-25
3726.T,342.0,2026-06-25
4919.T,2667.0,2026-06-25
7721.T,6420.0,2026-06-25
150A.T,340.0,2026-06-25
6194.T,692.0,2026-06-25
7224.T,2048.0,2026-06-25
4275.T,2134.0,2026-06-25
4885.T,908.0,2026-06-25
4967.T,5544.0,2026-06-25
2991.T,563.0,2026-06-25
3647.T,116.0,2026-06-25
9824.T,7170.0,2026-06-25
2267.T,2725.5,2026-06-25
2304.T,903.0,2026-06-25
7191.T,1063.0,2026-06-25
6651.T,4775.0,2026-06-25
151A.T,596.0,2026-06-25
6334.T,463.0,2026-06-25
3901.T,1220.0,2026-06-25
3150.T,2433.0,2026-06-25
3444.T,1338.0,2026-06-25
3928.T,224.0,2026-06-25
6988.T,3213.0,2026-06-25
4811.T,743.0,2026-06-25
9331.T,835.0,2026-06-25
4558.T,198.0,2026-06-25
7094.T,1267.0,2026-06-25
1848.T,613.0,2026-06-25
2288.T,2227.0,2026-06-25
9237.T,785.0,2026-06-25
250A.T,1631.0,2026-06-25
2146.T,172.0,2026-06-25
2354.T,907.0,2026-06-25
6088.T,518.0,2026-06-25
2753.T,1334.0,2026-06-25
4323.T,1512.0,2026-06-25
8115.T,1768.0,2026-06-25
5903.T,1680.0,2026-06-25
7716.T,2989.0,2026-06-25
7956.T,2006.5,2026-06-25
3922.T,2213.0,2026-06-25
6841.T,5579.0,2026-06-25
6454.T,1676.0,2026-06-25
2573.T,4020.0,2026-06-25
2929.T,543.0,2026-06-25
2112.T,422.0,2026-06-25
5482.T,3045.0,2026-06-25
2139.T,510.0,2026-06-25
4783.T,2403.0,2026-06-25
4013.T,619.0,2026-06-25
4890.T,222.0,2026-06-25
3992.T,425.0,2026-06-25
7014.T,3640.0,2026-06-25
9307.T,902.0,2026-06-25
2751.T,3670.0,2026-06-25
2376.T,810.0,2026-06-25
5533.T,1887.0,2026-06-25
5929.T,3749.0,2026-06-25
4498.T,1061.0,2026-06-25
4933.T,1255.0,2026-06-25
9367.T,1809.0,2026-06-25
3591.T,4387.0,2026-06-25
5257.T,2500.0,2026-06-25
4203.T,7592.0,2026-06-25
3075.T,1625.0,2026-06-25
5721.T,73.0,2026-06-25
7134.T,1174.0,2026-06-25
6184.T,461.0,2026-06-25
3744.T,496.0,2026-06-25
4523.T,3949.0,2026-06-25
9423.T,100.0,2026-06-25
3635.T,1503.5,2026-06-25
5991.T,4012.0,2026-06-25
9735.T,6374.0,2026-06-25
5214.T,6697.0,2026-06-25
2130.T,1058.0,2026-06-25
9216.T,1485.0,2026-06-25
4481.T,2854.0,2026-06-25
4722.T,1453.0,2026-06-25
3221.T,3200.0,2026-06-25
4838.T,634.0,2026-06-25
4151.T,2559.5,2026-06-25
6037.T,1103.0,2026-06-25
7832.T,3731.0,2026-06-25
3495.T,2372.0,2026-06-25
5105.T,3799.0,2026-06-25
4528.T,2340.5,2026-06-25
3837.T,1310.0,2026-06-25
3626.T,3029.0,2026-06-25
303A.T,550.0,2026-06-25
4596.T,56.0,2026-06-25
4208.T,3181.0,2026-06-25
4582.T,67.0,2026-06-25
8132.T,7260.0,2026-06-25
3747.T,378.0,2026-06-25
8089.T,1845.0,2026-06-25
1515.T,2397.0,2026-06-25
5256.T,2274.0,2026-06-25
145A.T,763.0,2026-06-25
5269.T,323.0,2026-06-25
2980.T,2360.0,2026-06-25
2531.T,2290.0,2026-06-25
5580.T,1444.0,2026-06-25
4848.T,1513.0,2026-06-25
5572.T,2660.0,2026-06-25
254A.T,1003.0,2026-06-25
4816.T,2294.0,2026-06-25
7793.T,1374.0,2026-06-25
4751.T,1293.5,2026-06-25
3562.T,1471.0,2026-06-25
3116.T,2120.0,2026-06-25
6101.T,7780.0,2026-06-25
3088.T,2369.0,2026-06-25
2208.T,2940.0,2026-06-25
9421.T,591.0,2026-06-25
3649.T,791.0,2026-06-25
9818.T,1595.0,2026-06-25
6235.T,4130.0,2026-06-25
2726.T,1462.0,2026-06-25
5034.T,2124.0,2026-06-25
9941.T,1246.0,2026-06-25
9068.T,7230.0,2026-06-25
476A.T,1450.0,2026-06-25
7183.T,256.0,2026-06-25
5108.T,3425.0,2026-06-25
9256.T,4710.0,2026-06-25
7059.T,744.0,2026-06-25
4912.T,1697.5,2026-06-25
9880.T,4285.0,2026-06-25
7867.T,3152.0,2026-06-25
4597.T,24.0,2026-06-25
6658.T,445.0,2026-06-25
4345.T,821.0,2026-06-25
1333.T,1284.0,2026-06-25
1980.T,2904.0,2026-06-25
5031.T,350.0,2026-06-25
2117.T,2580.0,2026-06-25
7570.T,1377.0,2026-06-25
6800.T,6350.0,2026-06-25
2780.T,4925.0,2026-06-25
219A.T,1539.0,2026-06-25
2217.T,1520.0,2026-06-25
5699.T,1465.0,2026-06-25
7694.T,411.0,2026-06-25
8151.T,2000.0,2026-06-25
6134.T,8463.0,2026-06-25
299A.T,926.0,2026-06-25
3788.T,1932.0,2026-06-25
5337.T,805.0,2026-06-25
350A.T,738.0,2026-06-25
7840.T,1218.0,2026-06-25
146A.T,2934.0,2026-06-25
9928.T,1727.0,2026-06-25
3558.T,1516.0,2026-06-25
3329.T,2040.0,2026-06-25
4193.T,2278.0,2026-06-25
3140.T,1071.0,2026-06-25
6845.T,1717.5,2026-06-25
1921.T,1667.0,2026-06-25
6018.T,5610.0,2026-06-25
4264.T,1517.0,2026-06-25
1898.T,1429.0,2026-06-25
7177.T,999.0,2026-06-25
4985.T,4690.0,2026-06-25
6994.T,1456.0,2026-06-25
7818.T,1400.0,2026-06-25
4375.T,636.0,2026-06-25
6551.T,528.0,2026-06-25
1969.T,4973.0,2026-06-25
6707.T,10815.0,2026-06-25
4404.T,1817.0,2026-06-25
3791.T,1298.0,2026-06-25
6869.T,1432.0,2026-06-25
6526.T,2697.5,2026-06-25
7357.T,1616.0,2026-06-25
9159.T,1860.0,2026-06-25
3664.T,22.0,2026-06-25
4979.T,2592.0,2026-06-25
4825.T,1981.0,2026-06-25
9948.T,3340.0,2026-06-25
2269.T,3750.0,2026-06-25
5713.T,7653.0,2026-06-25
8929.T,1269.0,2026-06-25
4168.T,717.0,2026-06-25
2809.T,4326.0,2026-06-25
4966.T,27570.0,2026-06-25
2667.T,124.0,2026-06-25
8070.T,807.0,2026-06-25
5698.T,833.0,2026-06-25
4320.T,1763.0,2026-06-25
7481.T,2593.0,2026-06-25
7033.T,1320.0,2026-06-25
3931.T,1813.0,2026-06-25
5631.T,7945.0,2026-06-25
5703.T,2822.0,2026-06-25
5857.T,2860.0,2026-06-25
6471.T,1195.5,2026-06-25
5869.T,1185.0,2026-06-25
2593.T,2836.5,2026-06-25
3271.T,1268.0,2026-06-25
3538.T,905.0,2026-06-25
8105.T,154.0,2026-06-25
4928.T,4320.0,2026-06-25
4658.T,1583.0,2026-06-25
4237.T,328.0,2026-06-25
1417.T,3850.0,2026-06-25
9417.T,392.0,2026-06-25
2331.T,1062.5,2026-06-25
1723.T,2296.0,2026-06-25
6962.T,967.0,2026-06-25
6785.T,3345.0,2026-06-25
7443.T,632.0,2026-06-25
4099.T,7290.0,2026-06-25
4109.T,6820.0,2026-06-25
4820.T,488.0,2026-06-25
6996.T,4515.0,2026-06-25
2410.T,2890.0,2026-06-25
5393.T,4063.0,2026-06-25
7261.T,1092.0,2026-06-25
5574.T,2150.0,2026-06-25
4975.T,8000.0,2026-06-25
2998.T,488.0,2026-06-25
7826.T,8980.0,2026-06-25
1961.T,3125.0,2026-06-25
4579.T,465.0,2026-06-25
6440.T,529.0,2026-06-25
9556.T,1682.0,2026-06-25
7081.T,1335.0,2026-06-25
5027.T,418.0,2026-06-25
4182.T,5273.0,2026-06-25
6617.T,7950.0,2026-06-25
6584.T,1026.0,2026-06-25
6775.T,121.0,2026-06-25
479A.T,1258.0,2026-06-25
4527.T,2355.0,2026-06-25
3741.T,3245.0,2026-06-25
7939.T,575.0,2026-06-25
3763.T,1653.0,2026-06-25
2317.T,386.0,2026-06-25
6099.T,740.0,2026-06-25
8139.T,2015.0,2026-06-25
8198.T,3160.0,2026-06-25
4398.T,1248.0,2026-06-25
4575.T,564.0,2026-06-25
2127.T,623.8,2026-06-25
6396.T,3975.0,2026-06-25
6616.T,2585.0,2026-06-25
1840.T,236.0,2026-06-25
4075.T,872.0,2026-06-25
3393.T,2970.0,2026-06-25
9816.T,234.0,2026-06-25
4812.T,1993.0,2026-06-25
4293.T,456.0,2026-06-25
7606.T,2388.0,2026-06-25
4536.T,2128.0,2026-06-25
4199.T,719.0,2026-06-25
6622.T,18930.0,2026-06-25
3105.T,2468.5,2026-06-25
300A.T,2790.0,2026-06-25
3989.T,998.0,2026-06-25
324A.T,662.0,2026-06-25
3936.T,163.0,2026-06-25
5586.T,807.0,2026-06-25
7068.T,481.0,2026-06-25
2379.T,1729.0,2026-06-25
4015.T,480.0,2026-06-25
9238.T,373.0,2026-06-25
2459.T,161.0,2026-06-25
4684.T,3687.0,2026-06-25
4118.T,5763.0,2026-06-25
6058.T,1679.0,2026-06-25
335A.T,337.0,2026-06-25
5287.T,858.0,2026-06-25
5028.T,356.0,2026-06-25
3823.T,30.0,2026-06-25
147A.T,1000.0,2026-06-25
6856.T,28580.0,2026-06-25
148A.T,1707.0,2026-06-25
4446.T,688.0,2026-06-25
9602.T,1278.0,2026-06-25
4493.T,1661.0,2026-06-25
9960.T,3980.0,2026-06-25
2749.T,565.0,2026-06-25
519A.T,486.0,2026-06-25
4055.T,1927.0,2026-06-25
9517.T,722.0,2026-06-25
3712.T,835.0,2026-06-25
2801.T,1636.5,2026-06-25
4063.T,7150.0,2026-06-25
7636.T,807.0,2026-06-25
7236.T,14770.0,2026-06-25
9759.T,2412.5,2026-06-25
7461.T,458.0,2026-06-25
3323.T,70.0,2026-06-25
7283.T,1904.0,2026-06-25
7719.T,461.0,2026-06-25
2804.T,1717.0,2026-06-25
4192.T,241.0,2026-06-25
7089.T,1561.0,2026-06-25
3762.T,1651.0,2026-06-25
6055.T,2718.0,2026-06-25
4813.T,339.0,2026-06-25
3804.T,410.0,2026-06-25
3708.T,1812.0,2026-06-25
6254.T,4940.0,2026-06-25
9936.T,2783.0,2026-06-25
9560.T,691.0,2026-06-25
5612.T,1560.0,2026-06-25
7774.T,609.0,2026-06-25
5334.T,10860.0,2026-06-25
6023.T,2561.0,2026-06-25
4382.T,717.0,2026-06-25
6086.T,974.0,2026-06-25
4495.T,1858.0,2026-06-25
4286.T,1058.0,2026-06-25
173A.T,1348.0,2026-06-25
366A.T,1034.0,2026-06-25
4584.T,132.0,2026-06-25
4923.T,1138.0,2026-06-25
1431.T,640.0,2026-06-25
5285.T,1261.0,2026-06-25
8282.T,1918.0,2026-06-25
5905.T,1335.0,2026-06-25
5333.T,7853.0,2026-06-25
4347.T,1635.0,2026-06-25
9385.T,700.0,2026-06-25
7906.T,2304.0,2026-06-25
3840.T,58.0,2026-06-25
6727.T,800.0,2026-06-25
9691.T,5180.0,2026-06-25
2201.T,2559.5,2026-06-25
3031.T,565.0,2026-06-25
6545.T,718.0,2026-06-25
1951.T,2760.0,2026-06-25
1801.T,13705.0,2026-06-25
4189.T,2961.0,2026-06-25
9436.T,3675.0,2026-06-25
5885.T,2935.0,2026-06-25
1942.T,6673.0,2026-06-25
3845.T,229.0,2026-06-25
4165.T,451.0,2026-06-25
4828.T,958.0,2026-06-25
7378.T,1460.0,2026-06-25
3633.T,1613.0,2026-06-25
8919.T,3330.0,2026-06-25
8783.T,85.0,2026-06-25
3660.T,366.0,2026-06-25
5992.T,3825.0,2026-06-25
4583.T,66.0,2026-06-25
6548.T,90.0,2026-06-25
7259.T,2162.0,2026-06-25
8167.T,1342.0,2026-06-25
4043.T,5150.0,2026-06-25
2321.T,128.0,2026-06-25
6473.T,2046.0,2026-06-25
1909.T,3725.0,2026-06-25
4538.T,2064.0,2026-06-25
4441.T,1376.0,2026-06-25
6614.T,888.0,2026-06-25
7729.T,20060.0,2026-06-25
9435.T,35400.0,2026-06-25
9989.T,3792.0,2026-06-25
4056.T,206.0,2026-06-25
4549.T,2489.0,2026-06-25
253A.T,1061.0,2026-06-25
4437.T,821.0,2026-06-25
6330.T,1957.0,2026-06-25
9039.T,2889.0,2026-06-25
1948.T,11480.0,2026-06-25
5029.T,658.0,2026-06-25
8097.T,2063.0,2026-06-25
7995.T,7680.0,2026-06-25
4396.T,945.0,2026-06-25
6573.T,23.0,2026-06-25
5384.T,4720.0,2026-06-25
369A.T,2080.0,2026-06-25
9561.T,401.0,2026-06-25
3683.T,1001.0,2026-06-25
3317.T,1359.0,2026-06-25
8923.T,1666.0,2026-06-25
274A.T,2198.0,2026-06-25
4896.T,645.0,2026-06-25
7730.T,1705.0,2026-06-25
7317.T,1103.0,2026-06-25
9342.T,811.0,2026-06-25
6301.T,6250.0,2026-06-25
5575.T,615.0,2026-06-25
6696.T,246.0,2026-06-25
4242.T,1760.0,2026-06-25
446A.T,1179.0,2026-06-25
9554.T,1536.0,2026-06-25
6855.T,8810.0,2026-06-25
4676.T,3989.0,2026-06-25
9757.T,1075.0,2026-06-25
4968.T,2222.0,2026-06-25
6323.T,4836.0,2026-06-25
6555.T,423.0,2026-06-25
6490.T,10830.0,2026-06-25
7291.T,445.0,2026-06-25
7564.T,6780.0,2026-06-25
6407.T,7840.0,2026-06-25
3964.T,1375.0,2026-06-25
6268.T,5325.0,2026-06-25
7944.T,4325.0,2026-06-25
4425.T,1854.0,2026-06-25
3038.T,2564.0,2026-06-25
7345.T,919.0,2026-06-25
3539.T,1212.0,2026-06-25
9913.T,3865.0,2026-06-25
1436.T,1384.0,2026-06-25
7812.T,2184.0,2026-06-25
2270.T,3635.0,2026-06-25
5254.T,3640.0,2026-06-25
6315.T,3380.0,2026-06-25
3696.T,1699.0,2026-06-25
6866.T,12770.0,2026-06-25
2156.T,263.0,2026-06-25
4397.T,356.0,2026-06-25
4180.T,733.0,2026-06-25
9882.T,1763.0,2026-06-25
8836.T,25.0,2026-06-25
4092.T,5270.0,2026-06-25
9697.T,2889.0,2026-06-25
6954.T,7357.0,2026-06-25
9744.T,3058.0,2026-06-25
2997.T,938.0,2026-06-25
2163.T,1923.0,2026-06-25
4288.T,366.0,2026-06-25
5616.T,603.0,2026-06-25
5351.T,1894.0,2026-06-25
4499.T,2345.0,2026-06-25
1446.T,525.0,2026-06-25
4371.T,1448.0,2026-06-25
421A.T,3200.0,2026-06-25
4019.T,575.0,2026-06-25
9658.T,978.0,2026-06-25
2124.T,840.0,2026-06-25
8056.T,4138.0,2026-06-25
3694.T,403.0,2026-06-25
3191.T,2193.0,2026-06-25
4369.T,3615.0,2026-06-25
7368.T,1654.0,2026-06-25
6955.T,523.0,2026-06-25
2685.T,3335.0,2026-06-25
5252.T,737.0,2026-06-25
4194.T,7058.0,2026-06-25
4444.T,792.0,2026-06-25
4484.T,263.0,2026-06-25
4073.T,427.0,2026-06-25
4246.T,1010.0,2026-06-25
3914.T,2347.0,2026-06-25
3177.T,3555.0,2026-06-25
7036.T,608.0,2026-06-25
4021.T,8534.0,2026-06-25
6632.T,1102.0,2026-06-25
2211.T,2341.0,2026-06-25
6965.T,2739.5,2026-06-25
3979.T,366.0,2026-06-25
7599.T,1359.0,2026-06-25
7581.T,5400.0,2026-06-25
6861.T,77370.0,2026-06-25
6819.T,456.0,2026-06-25
2970.T,1160.0,2026-06-25
3433.T,3335.0,2026-06-25
6200.T,573.0,2026-06-25
6208.T,1708.0,2026-06-25
2375.T,208.0,2026-06-25
6368.T,17100.0,2026-06-25
6457.T,3872.0,2026-06-25
7760.T,2455.0,2026-06-25
4539.T,1566.0,2026-06-25
6645.T,5831.0,2026-06-25
6503.T,5986.0,2026-06-25
7735.T,17625.0,2026-06-25
5341.T,179.0,2026-06-25
2180.T,1305.0,2026-06-25
4419.T,1286.0,2026-06-25
6754.T,4559.0,2026-06-25
5884.T,565.0,2026-06-25
7198.T,772.0,2026-06-25
5588.T,716.0,2026-06-25
6963.T,5660.0,2026-06-25
9439.T,249.0,2026-06-25
9065.T,8598.0,2026-06-25
1384.T,2020.0,2026-06-25
4594.T,46.0,2026-06-25
8931.T,1234.0,2026-06-25
4592.T,991.0,2026-06-25
4563.T,46.0,2026-06-25
3661.T,630.0,2026-06-25
4256.T,919.0,2026-06-25
4937.T,1500.0,2026-06-25
4894.T,3900.0,2026-06-25
3237.T,93.0,2026-06-25
2937.T,1676.0,2026-06-25
4377.T,1801.0,2026-06-25
8095.T,510.0,2026-06-25
7776.T,205.0,2026-06-25
4071.T,2520.0,2026-06-25
4765.T,561.0,2026-06-25
330A.T,386.0,2026-06-25
6522.T,1017.0,2026-06-25
6757.T,815.0,2026-06-25
4196.T,1695.0,2026-06-25
7202.T,2168.5,2026-06-25
6182.T,543.0,2026-06-25
6504.T,14290.0,2026-06-25
6941.T,10880.0,2026-06-25
4887.T,1650.5,2026-06-25
9424.T,107.0,2026-06-25
7096.T,695.0,2026-06-25
3695.T,1433.0,2026-06-25
4598.T,119.0,2026-06-25
4082.T,2148.0,2026-06-25
3854.T,2133.0,2026-06-25
3727.T,129.0,2026-06-25
7868.T,535.0,2026-06-25
6506.T,7223.0,2026-06-25
4771.T,2394.0,2026-06-25
2597.T,1108.0,2026-06-25
4570.T,989.0,2026-06-25
276A.T,3030.0,2026-06-25
2894.T,326.0,2026-06-25
8230.T,307.0,2026-06-25
6597.T,5120.0,2026-06-25
4442.T,372.0,2026-06-25
3521.T,146.0,2026-06-25
1815.T,4345.0,2026-06-25
3769.T,8277.0,2026-06-25
6674.T,7129.0,2026-06-25
5332.T,8868.0,2026-06-25
280A.T,2055.0,2026-06-25
1419.T,2752.0,2026-06-25
4578.T,10840.0,2026-06-25
4422.T,567.0,2026-06-25
4412.T,1096.0,2026-06-25
4418.T,653.0,2026-06-25
5817.T,1006.0,2026-06-25
338A.T,2018.0,2026-06-25
4431.T,2806.0,2026-06-25
9412.T,2592.0,2026-06-25
5985.T,1941.0,2026-06-25
6568.T,1318.0,2026-06-25
3091.T,4670.0,2026-06-25
4386.T,809.0,2026-06-25
7041.T,250.0,2026-06-25
5032.T,2054.0,2026-06-25
4379.T,386.0,2026-06-25
6226.T,2282.0,2026-06-25
6383.T,7100.0,2026-06-25
6278.T,23530.0,2026-06-25
6702.T,3187.0,2026-06-25
4478.T,1888.0,2026-06-25
9343.T,726.0,2026-06-25
7463.T,890.0,2026-06-25
4766.T,179.0,2026-06-25
4587.T,997.3,2026-06-25
3276.T,1308.0,2026-06-25
9946.T,1778.0,2026-06-25
3496.T,4060.0,2026-06-25
4732.T,1906.5,2026-06-25
138A.T,2953.0,2026-06-25
6376.T,4160.0,2026-06-25
6367.T,23850.0,2026-06-25
215A.T,1510.0,2026-06-25
4022.T,2299.0,2026-06-25
7073.T,2200.0,2026-06-25
7082.T,1414.0,2026-06-25
9793.T,3920.0,2026-06-25
153A.T,1104.0,2026-06-25
8032.T,1069.0,2026-06-25
4058.T,1849.0,2026-06-25
9246.T,991.0,2026-06-25
155A.T,869.0,2026-06-25
3415.T,341.0,2026-06-25
4107.T,3685.0,2026-06-25
4519.T,7534.0,2026-06-25
7356.T,112.0,2026-06-25
7794.T,1050.0,2026-06-25
156A.T,840.0,2026-06-25
6481.T,7923.0,2026-06-25
3372.T,221.0,2026-06-25
4016.T,872.0,2026-06-25
3093.T,2012.0,2026-06-25
4482.T,713.0,2026-06-25
2668.T,1257.0,2026-06-25
3850.T,2878.0,2026-06-25
4415.T,1280.0,2026-06-25
5344.T,69080.0,2026-06-25
505A.T,1059.0,2026-06-25
6736.T,8840.0,2026-06-25
4179.T,459.0,2026-06-25
7120.T,1006.0,2026-06-25
5038.T,1725.0,2026-06-25
6387.T,14380.0,2026-06-25
3405.T,1699.5,2026-06-25
9686.T,1603.0,2026-06-25
296A.T,751.0,2026-06-25
6083.T,1337.0,2026-06-25
7711.T,5060.0,2026-06-25
323A.T,378.0,2026-06-25
6532.T,5506.0,2026-06-25
9303.T,3715.0,2026-06-25
3446.T,1706.0,2026-06-25
3843.T,1469.0,2026-06-25
5132.T,1873.0,2026-06-25
2229.T,2863.0,2026-06-25
4889.T,1650.0,2026-06-25
3987.T,536.0,2026-06-25
2160.T,2582.0,2026-06-25
3853.T,1178.0,2026-06-25
3968.T,564.0,2026-06-25
6629.T,1073.0,2026-06-25
460A.T,943.0,2026-06-25
6836.T,699.0,2026-06-25
6524.T,5900.0,2026-06-25
3148.T,3220.0,2026-06-25
8697.T,2028.0,2026-06-25
4014.T,464.0,2026-06-25
2736.T,670.0,2026-06-25
4847.T,935.0,2026-06-25
475A.T,640.0,2026-06-25
5136.T,1785.0,2026-06-25
1802.T,3117.0,2026-06-25
1812.T,5670.0,2026-06-25
2464.T,318.0,2026-06-25
3807.T,84.0,2026-06-25
5802.T,12240.0,2026-06-25
3687.T,2688.0,2026-06-25
8225.T,3300.0,2026-06-25
6862.T,2330.0,2026-06-25
4564.T,19.0,2026-06-25
5592.T,2291.0,2026-06-25
8125.T,1676.0,2026-06-25
7611.T,2528.0,2026-06-25
7376.T,1116.0,2026-06-25
6652.T,3255.0,2026-06-25
9272.T,1463.0,2026-06-25
431A.T,1734.0,2026-06-25
3891.T,10430.0,2026-06-25
4543.T,2193.5,2026-06-25
3993.T,2622.0,2026-06-25
3679.T,376.0,2026-06-25
4490.T,618.0,2026-06-25
4258.T,3210.0,2026-06-25
2413.T,1744.0,2026-06-25
7187.T,1303.0,2026-06-25
4554.T,2151.0,2026-06-25
2222.T,2445.5,2026-06-25
9419.T,292.0,2026-06-25
7972.T,2571.0,2026-06-25
4971.T,11300.0,2026-06-25
9271.T,920.0,2026-06-25
7806.T,7470.0,2026-06-25
3359.T,505.0,2026-06-25
3939.T,476.0,2026-06-25
6507.T,15920.0,2026-06-25
8160.T,2313.0,2026-06-25
9552.T,839.0,2026-06-25
9168.T,383.0,2026-06-25
6305.T,5281.0,2026-06-25
4392.T,1160.0,2026-06-25
4186.T,11515.0,2026-06-25
3065.T,1610.0,2026-06-25
9418.T,1570.0,2026-06-25
6590.T,4825.0,2026-06-25
3697.T,614.0,2026-06-25
288A.T,90.0,2026-06-25
5381.T,1168.0,2026-06-25
4776.T,2165.0,2026-06-25
3498.T,6750.0,2026-06-25
9766.T,17380.0,2026-06-25
4051.T,6510.0,2026-06-25
9241.T,1280.0,2026-06-25
9445.T,525.0,2026-06-25
4177.T,1378.0,2026-06-25
6834.T,31100.0,2026-06-25
6508.T,10310.0,2026-06-25
6721.T,82.0,2026-06-25
4714.T,193.0,2026-06-25
7747.T,3622.0,2026-06-25
3994.T,3940.0,2026-06-25
2664.T,3510.0,2026-06-25
5210.T,2758.0,2026-06-25
3053.T,197.0,2026-06-25
6946.T,5020.0,2026-06-25
5537.T,2585.0,2026-06-25
290A.T,1184.0,2026-06-25
7741.T,26120.0,2026-06-25
4461.T,12760.0,2026-06-25
9325.T,1116.0,2026-06-25
269A.T,2243.0,2026-06-25
1803.T,2488.5,2026-06-25
7751.T,4258.0,2026-06-25
378A.T,2065.0,2026-06-25
2175.T,2068.0,2026-06-25
3803.T,455.0,2026-06-25
7453.T,3527.0,2026-06-25
9025.T,2670.0,2026-06-25
8020.T,2060.0,2026-06-25
7388.T,2044.0,2026-06-25
4374.T,2321.0,2026-06-25
4611.T,1331.0,2026-06-25
438A.T,694.0,2026-06-25
277A.T,2000.0,2026-06-25
3092.T,1122.0,2026-06-25
4368.T,4815.0,2026-06-25
3223.T,911.0,2026-06-25
3469.T,1019.0,2026-06-25
6227.T,7390.0,2026-06-25
2371.T,3305.0,2026-06-25
6838.T,2125.0,2026-06-25
5253.T,1165.0,2026-06-25
4438.T,248.0,2026-06-25
3048.T,1629.5,2026-06-25
246A.T,1062.0,2026-06-25
247A.T,736.0,2026-06-25
6890.T,10260.0,2026-06-25
456A.T,1531.0,2026-06-25
5591.T,728.0,2026-06-25
8016.T,723.0,2026-06-25
2938.T,1506.0,2026-06-25
4559.T,2026.0,2026-06-25
4475.T,1050.0,2026-06-25
2962.T,1669.0,2026-06-25
7810.T,155.0,2026-06-25
2158.T,589.0,2026-06-25
6981.T,11825.0,2026-06-25
6361.T,6464.0,2026-06-25
325A.T,4105.0,2026-06-25
3815.T,444.0,2026-06-25
184A.T,306.0,2026-06-25
9708.T,995.0,2026-06-25
8136.T,1005.5,2026-06-25
3224.T,709.0,2026-06-25
4176.T,245.0,2026-06-25
5137.T,199.0,2026-06-25
6016.T,8500.0,2026-06-25
3104.T,4290.0,2026-06-25
6327.T,6610.0,2026-06-25
5243.T,1730.0,2026-06-25
8789.T,119.0,2026-06-25
3777.T,53.0,2026-06-25
3064.T,1760.5,2026-06-25
2134.T,26.0,2026-06-25
9337.T,1490.0,2026-06-25
4704.T,5698.0,2026-06-25
142A.T,729.0,2026-06-25
7827.T,1640.0,2026-06-25
5246.T,597.0,2026-06-25
3402.T,1158.0,2026-06-25
6656.T,1302.0,2026-06-25
2345.T,115.0,2026-06-25
6036.T,2780.0,2026-06-25
3449.T,9830.0,2026-06-25
3565.T,375.0,2026-06-25
554A.T,1578.0,2026-06-25
402A.T,518.0,2026-06-25
6479.T,5246.0,2026-06-25
5715.T,3680.0,2026-06-25
6042.T,3885.0,2026-06-25
8850.T,4515.0,2026-06-25
3166.T,1380.0,2026-06-25
4463.T,1696.0,2026-06-25
5578.T,851.0,2026-06-25
5258.T,339.0,2026-06-25
7196.T,777.0,2026-06-25
2216.T,1084.0,2026-06-25
4762.T,1704.0,2026-06-25
4452.T,6241.0,2026-06-25
4718.T,2288.0,2026-06-25
5845.T,994.0,2026-06-25
4833.T,34.0,2026-06-25
9950.T,3410.0,2026-06-25
4819.T,1727.0,2026-06-25
6969.T,1589.0,2026-06-25
3110.T,20440.0,2026-06-25
3185.T,150.0,2026-06-25
7643.T,1690.0,2026-06-25
7352.T,361.0,2026-06-25
212A.T,2659.0,2026-06-25
3358.T,85.0,2026-06-25
8035.T,75340.0,2026-06-25
4487.T,220.0,2026-06-25
4390.T,3355.0,2026-06-25
9215.T,896.0,2026-06-25
4588.T,2652.0,2026-06-25
9983.T,84300.0,2026-06-25
7752.T,1466.5,2026-06-25
6777.T,28100.0,2026-06-25
7992.T,100.0,2026-06-25
341A.T,2079.0,2026-06-25
6920.T,53180.0,2026-06-25
3691.T,1485.0,2026-06-25
3135.T,1419.0,2026-06-25
2590.T,2607.0,2026-06-25
4449.T,1002.0,2026-06-25
4716.T,8223.0,2026-06-25
5587.T,750.0,2026-06-25
6433.T,1152.0,2026-06-25
7621.T,3300.0,2026-06-25
3561.T,1527.0,2026-06-25
9639.T,2251.0,2026-06-25
3663.T,1842.0,2026-06-25
6971.T,3558.0,2026-06-25
7678.T,6180.0,2026-06-25
3671.T,273.0,2026-06-25
2492.T,366.0,2026-06-25
6558.T,659.0,2026-06-25
3692.T,4680.0,2026-06-25
6613.T,3255.0,2026-06-25
8566.T,6090.0,2026-06-25
9312.T,2767.0,2026-06-25
7777.T,338.0,2026-06-25
9245.T,1863.0,2026-06-25
2154.T,1884.0,2026-06-25
7932.T,11470.0,2026-06-25
9553.T,500.0,2026-06-25
1860.T,1609.5,2026-06-25
2702.T,7400.0,2026-06-25
7638.T,1315.0,2026-06-25
6146.T,85970.0,2026-06-25
9900.T,1609.0,2026-06-25
4054.T,520.0,2026-06-25
429A.T,4455.0,2026-06-25
6776.T,266.0,2026-06-25
135A.T,4180.0,2026-06-25
9254.T,1111.0,2026-06-25
7630.T,866.0,2026-06-25
278A.T,8000.0,2026-06-25
5704.T,395.0,2026-06-25
6871.T,17650.0,2026-06-25
4568.T,2566.5,2026-06-25
5726.T,2660.0,2026-06-25
3923.T,890.5,2026-06-25
4047.T,4055.0,2026-06-25
6072.T,1178.0,2026-06-25
6232.T,1800.0,2026-06-25
3198.T,2264.0,2026-06-25
5706.T,46390.0,2026-06-25
6031.T,295.0,2026-06-25
3933.T,434.0,2026-06-25
4572.T,326.0,2026-06-25
8173.T,3920.0,2026-06-25
2681.T,2070.0,2026-06-25
7069.T,1280.0,2026-06-25
218A.T,997.0,2026-06-25
1878.T,3005.0,2026-06-25
2678.T,1214.0,2026-06-25
3399.T,3260.0,2026-06-25
2656.T,151.0,2026-06-25
7044.T,552.0,2026-06-25
3796.T,275.0,2026-06-25
6762.T,3908.0,2026-06-25
6098.T,11240.0,2026-06-25
7272.T,1242.5,2026-06-25
6588.T,2911.0,2026-06-25
6779.T,3985.0,2026-06-25
6942.T,1317.0,2026-06-25
2338.T,109.0,2026-06-25
2871.T,2148.0,2026-06-25
7936.T,4524.0,2026-06-25
2936.T,275.0,2026-06-25
3077.T,753.0,2026-06-25
3353.T,2720.0,2026-06-25
4443.T,1428.0,2026-06-25
9470.T,1009.0,2026-06-25
4661.T,2393.0,2026-06-25
2877.T,741.0,2026-06-25
9028.T,3655.0,2026-06-25
2351.T,305.0,2026-06-25
6324.T,7900.0,2026-06-25
5597.T,1344.0,2026-06-25
6701.T,3757.0,2026-06-25
287A.T,1086.0,2026-06-25
1893.T,1675.5,2026-06-25
5803.T,6436.0,2026-06-25
6666.T,985.0,2026-06-25
556A.T,2301.0,2026-06-25
6366.T,687.0,2026-06-25
4430.T,1576.0,2026-06-25
2282.T,5979.0,2026-06-25
4531.T,377.0,2026-06-25
4626.T,5050.0,2026-06-25
6370.T,9382.0,2026-06-25
7805.T,732.0,2026-06-25
4448.T,266.0,2026-06-25
464A.T,1986.0,2026-06-25
4255.T,2451.0,2026-06-25
2901.T,191.0,2026-06-25
3810.T,182.0,2026-06-25
7649.T,3081.0,2026-06-25
8698.T,611.0,2026-06-25
407A.T,876.0,2026-06-25
6027.T,2009.0,2026-06-25
8864.T,918.0,2026-06-25
3981.T,1172.0,2026-06-25
3046.T,7890.0,2026-06-25
9259.T,784.0,2026-06-25
2215.T,600.0,2026-06-25
3501.T,1053.0,2026-06-25
4413.T,2457.0,2026-06-25
7726.T,1527.0,2026-06-25
9262.T,639.0,2026-06-25
208A.T,2781.0,2026-06-25
3030.T,825.0,2026-06-25
6537.T,320.0,2026-06-25
6594.T,2654.0,2026-06-25
7692.T,73.0,2026-06-25
6525.T,10150.0,2026-06-25
7733.T,1635.5,2026-06-25
6976.T,18820.0,2026-06-25
6857.T,35900.0,2026-06-25
7695.T,687.0,2026-06-25
285A.T,103850.0,2026-06-25
3997.T,325.0,2026-06-25
9449.T,3227.0,2026-06-25
2334.T,606.0,2026-06-25
2220.T,1203.0,2026-06-25
1332.T,1271.5,2026-06-25
5842.T,2833.0,2026-06-25
4980.T,5021.0,2026-06-25
9713.T,891.0,2026-06-25
7214.T,967.0,2026-06-25
2533.T,485.0,2026-06-25
8253.T,4260.0,2026-06-25
6538.T,225.0,2026-06-25
3409.T,90.0,2026-06-25
9227.T,897.0,2026-06-25
6231.T,11390.0,2026-06-25
7419.T,1342.0,2026-06-25
8291.T,551.0,2026-06-25
2212.T,3145.0,2026-06-25
365A.T,728.0,2026-06-25
4259.T,828.0,2026-06-25
5891.T,1657.0,2026-06-25
6040.T,479.0,2026-06-25
5805.T,13980.0,2026-06-25
4552.T,454.0,2026-06-25
4417.T,3300.0,2026-06-25
559A.T,1140.0,2026-06-25
9428.T,1252.0,2026-06-25
2268.T,4135.0,2026-06-25
6544.T,1669.0,2026-06-25
3113.T,74.0,2026-06-25
2209.T,2342.0,2026-06-25
8088.T,1885.0,2026-06-25
7011.T,3618.0,2026-06-25
7615.T,94.0,2026-06-25
2935.T,1100.0,2026-06-25
5801.T,49920.0,2026-06-25
7699.T,733.0,2026-06-25
4875.T,215.0,2026-06-25
485A.T,1922.0,2026-06-25
4373.T,916.0,2026-06-25
6574.T,85.0,2026-06-25
7685.T,3480.0,2026-06-25
4062.T,26370.0,2026-06-25
9257.T,700.0,2026-06-25
4385.T,3908.0,2026-06-25
8050.T,8140.0,2026-06-25
5711.T,4424.0,2026-06-25
3962.T,940.0,2026-06-25
6269.T,9652.0,2026-06-25
2353.T,245.0,2026-06-25
8015.T,6000.0,2026-06-25
9083.T,1871.0,2026-06-25
186A.T,1162.0,2026-06-25
3905.T,4860.0,2026-06-25
6993.T,90.0,2026-06-25
9059.T,880.0,2026-06-25
4307.T,4267.0,2026-06-25
6634.T,66.0,2026-06-25
9074.T,5290.0,2026-06-25
7897.T,98.0,2026-06-25
5742.T,699.0,2026-06-25
3083.T,1027.0,2026-06-25
4784.T,447.0,2026-06-25
7220.T,3970.0,2026-06-25
9533.T,1179.5,2026-06-25
3491.T,1236.0,2026-06-25
4202.T,1345.5,2026-06-25
7280.T,1114.0,2026-06-25
2195.T,330.0,2026-06-25
4613.T,2648.0,2026-06-25
9565.T,660.0,2026-06-25
7383.T,338.0,2026-06-25
9348.T,443.0,2026-06-25
9301.T,1492.0,2026-06-25
3241.T,588.0,2026-06-25
4935.T,214.0,2026-06-25
5016.T,4887.0,2026-06-25
2897.T,2732.5,2026-06-25
2705.T,7370.0,2026-06-25
9672.T,4850.0,2026-06-25
6501.T,4554.0,2026-06-25
2226.T,4695.0,2026-06-25
3547.T,1468.0,2026-06-25
4483.T,2701.0,2026-06-25
3157.T,1365.0,2026-06-25
7554.T,1086.0,2026-06-25
8207.T,284.0,2026-06-25
6703.T,3855.0,2026-06-25
2923.T,7860.0,2026-06-25
6999.T,3035.0,2026-06-25
6059.T,339.0,2026-06-25
5026.T,538.0,2026-06-25
6533.T,1200.0,2026-06-25
7412.T,370.0,2026-06-25
4494.T,680.0,2026-06-25
6787.T,32400.0,2026-06-25
3154.T,843.0,2026-06-25
2281.T,2318.0,2026-06-25
7085.T,918.0,2026-06-25
6469.T,2535.0,2026-06-25
7245.T,1747.0,2026-06-25
4432.T,2255.0,2026-06-25
319A.T,17310.0,2026-06-25
2181.T,240.6,2026-06-25
9110.T,6710.0,2026-06-25
3955.T,777.0,2026-06-25
2323.T,261.0,2026-06-25
175A.T,604.0,2026-06-25
4960.T,553.0,2026-06-25
4492.T,388.0,2026-06-25
268A.T,2781.0,2026-06-25
9831.T,661.5,2026-06-25
7003.T,4109.0,2026-06-25
7075.T,795.0,2026-06-25
6085.T,300.0,2026-06-25
2752.T,1162.0,2026-06-25
3193.T,2660.0,2026-06-25
9769.T,2509.0,2026-06-25
7409.T,3640.0,2026-06-25
9235.T,489.0,2026-06-25
9090.T,766.0,2026-06-25
6958.T,695.0,2026-06-25
2802.T,5742.0,2026-06-25
5618.T,289.0,2026-06-25
3436.T,3794.0,2026-06-25
6977.T,1420.0,2026-06-25
6521.T,5140.0,2026-06-25
3753.T,150.0,2026-06-25
7030.T,1003.0,2026-06-25
9828.T,3055.0,2026-06-25
9336.T,3645.0,2026-06-25
4367.T,2535.0,2026-06-25
9073.T,1246.0,2026-06-25
2204.T,3160.0,2026-06-25
3186.T,3905.0,2026-06-25
2587.T,4449.0,2026-06-25
5632.T,2217.0,2026-06-25
8255.T,1088.0,2026-06-25
281A.T,753.0,2026-06-25
2769.T,838.0,2026-06-25
3300.T,2134.0,2026-06-25
4060.T,1105.0,2026-06-25
7273.T,627.0,2026-06-25
1946.T,2258.0,2026-06-25
5110.T,2175.5,2026-06-25
2914.T,5948.0,2026-06-25
4593.T,247.0,2026-06-25
1773.T,77.0,2026-06-25
6343.T,149.0,2026-06-25
3878.T,798.0,2026-06-25
2683.T,1000.0,2026-06-25
6224.T,1340.0,2026-06-25
9304.T,1577.0,2026-06-25
7709.T,55.0,2026-06-25
5892.T,2007.0,2026-06-25
2768.T,5235.0,2026-06-25
2198.T,668.0,2026-06-25
8996.T,993.0,2026-06-25
2607.T,3890.0,2026-06-25
5609.T,900.0,2026-06-25
3401.T,1631.0,2026-06-25
7508.T,1343.0,2026-06-25
504A.T,393.0,2026-06-25
9853.T,902.0,2026-06-25
8596.T,1435.0,2026-06-25
3774.T,3070.0,2026-06-25
2818.T,1736.0,2026-06-25
6564.T,1911.0,2026-06-25
5401.T,547.0,2026-06-25
2820.T,4750.0,2026-06-25
9861.T,3055.0,2026-06-25
2932.T,1035.0,2026-06-25
6380.T,4715.0,2026-06-25
197A.T,487.0,2026-06-25
5724.T,2445.0,2026-06-25
4011.T,2022.0,2026-06-25
3391.T,1996.0,2026-06-25
2579.T,4307.0,2026-06-25
5301.T,1719.0,2026-06-25
7090.T,720.0,2026-06-25
3097.T,4675.0,2026-06-25
4901.T,3413.0,2026-06-25
9037.T,1789.0,2026-06-25
2730.T,2272.0,2026-06-25
7509.T,4575.0,2026-06-25
2816.T,1401.0,2026-06-25
2585.T,1608.0,2026-06-25
2698.T,3365.0,2026-06-25
141A.T,3025.0,2026-06-25
6997.T,5980.0,2026-06-25
9163.T,2180.0,2026-06-25
2872.T,2036.0,2026-06-25
3778.T,2989.0,2026-06-25
9310.T,1121.0,2026-06-25
9252.T,3440.0,2026-06-25
8252.T,2787.0,2026-06-25
7914.T,1550.0,2026-06-25
9143.T,1489.5,2026-06-25
8214.T,1619.0,2026-06-25
3793.T,393.0,2026-06-25
3350.T,220.0,2026-06-25
7674.T,2749.0,2026-06-25
9279.T,4065.0,2026-06-25
6549.T,2175.0,2026-06-25
4023.T,3800.0,2026-06-25
2903.T,1468.0,2026-06-25
2224.T,3640.0,2026-06-25
7012.T,2941.5,2026-06-25
5216.T,154.0,2026-06-25
6752.T,4610.0,2026-06-25
2393.T,4450.0,2026-06-25
2170.T,522.0,2026-06-25
5194.T,614.0,2026-06-25
3184.T,4350.0,2026-06-25
3927.T,1002.0,2026-06-25
3096.T,1610.0,2026-06-25
6326.T,2755.0,2026-06-25
7421.T,1413.0,2026-06-25
5858.T,1270.0,2026-06-25
8769.T,485.0,2026-06-25
5036.T,1388.0,2026-06-25
3407.T,1794.0,2026-06-25
5101.T,7577.0,2026-06-25
2501.T,2038.5,2026-06-25
6966.T,1044.0,2026-06-25
436A.T,941.0,2026-06-25
6627.T,13690.0,2026-06-25
2264.T,4887.0,2026-06-25
3673.T,740.0,2026-06-25
4911.T,2500.0,2026-06-25
4183.T,2187.0,2026-06-25
9270.T,2289.0,2026-06-25
3178.T,1048.0,2026-06-25
6078.T,1411.0,2026-06-25
8174.T,2818.5,2026-06-25
7462.T,670.0,2026-06-25
3041.T,528.0,2026-06-25
2673.T,91.0,2026-06-25
5019.T,1209.5,2026-06-25
7746.T,764.0,2026-06-25
9072.T,6055.0,2026-06-25
8798.T,119.0,2026-06-25
7361.T,1169.0,2026-06-25
7915.T,1414.0,2026-06-25
6723.T,4844.0,2026-06-25
2395.T,1098.0,2026-06-25
1925.T,4351.0,2026-06-25
2721.T,121.0,2026-06-25
8848.T,634.0,2026-06-25
1379.T,1853.0,2026-06-25
4061.T,4437.0,2026-06-25
7135.T,223.0,2026-06-25
5406.T,1875.0,2026-06-25
7458.T,1642.0,2026-06-25
3205.T,705.0,2026-06-25
7771.T,318.0,2026-06-25
9661.T,4450.0,2026-06-25
3951.T,853.0,2026-06-25
4260.T,246.0,2026-06-25
3082.T,953.0,2026-06-25
160A.T,1927.0,2026-06-25
6005.T,3181.0,2026-06-25
9532.T,5359.0,2026-06-25
9029.T,1858.0,2026-06-25
3877.T,2019.0,2026-06-25
6264.T,2893.0,2026-06-25
4970.T,16900.0,2026-06-25
4544.T,3198.0,2026-06-25
7532.T,820.7,2026-06-25
3628.T,489.0,2026-06-25
9896.T,1440.0,2026-06-25
7888.T,763.0,2026-06-25
523A.T,1716.0,2026-06-25
4410.T,1077.0,2026-06-25
7013.T,2719.0,2026-06-25
9450.T,745.0,2026-06-25
6495.T,135.0,2026-06-25
4503.T,2147.0,2026-06-25
9278.T,1936.0,2026-06-25
4902.T,589.6,2026-06-25
5201.T,7264.0,2026-06-25
4125.T,3270.0,2026-06-25
8058.T,4400.0,2026-06-25
9843.T,2397.0,2026-06-25
7318.T,2324.0,2026-06-25
2798.T,2979.0,2026-06-25
7022.T,245.0,2026-06-25
7366.T,1561.0,2026-06-25
7363.T,1011.0,2026-06-25
9076.T,2586.5,2026-06-25
9057.T,3210.0,2026-06-25
6096.T,392.0,2026-06-25
7018.T,9070.0,2026-06-25
2776.T,90.0,2026-06-25
8133.T,1997.0,2026-06-25
7780.T,1700.0,2026-06-25
7682.T,4045.0,2026-06-25
7004.T,1283.0,2026-06-25
4004.T,17770.0,2026-06-25
6561.T,790.0,2026-06-25
2934.T,1526.0,2026-06-25
9678.T,5320.0,2026-06-25
8002.T,4607.0,2026-06-25
8039.T,3730.0,2026-06-25
7571.T,80.0,2026-06-25
6197.T,1109.0,2026-06-25
5199.T,1921.0,2026-06-25
5232.T,6372.0,2026-06-25
8200.T,2138.0,2026-06-25
8142.T,1347.0,2026-06-25
4480.T,1997.0,2026-06-25
3910.T,262.0,2026-06-25
7947.T,2614.0,2026-06-25
7047.T,2061.0,2026-06-25
469A.T,1575.0,2026-06-25
3563.T,9883.0,2026-06-25
3196.T,1590.0,2026-06-25
6547.T,2177.0,2026-06-25
8876.T,1835.0,2026-06-25
3058.T,691.0,2026-06-25
6740.T,55.0,2026-06-25
2462.T,1437.0,2026-06-25
3549.T,3561.0,2026-06-25
5952.T,180.0,2026-06-25
2931.T,320.0,2026-06-25
8053.T,6130.0,2026-06-25
3551.T,1304.0,2026-06-25
9360.T,2736.0,2026-06-25
3418.T,1101.0,2026-06-25
7585.T,420.0,2026-06-25
6062.T,1323.0,2026-06-25
5255.T,75.0,2026-06-25
9218.T,706.0,2026-06-25
5981.T,1967.0,2026-06-25
7603.T,49.0,2026-06-25
8030.T,3455.0,2026-06-25
9145.T,536.0,2026-06-25
9322.T,2294.0,2026-06-25
7201.T,302.0,2026-06-25
8914.T,854.0,2026-06-25
9633.T,1617.0,2026-06-25
9976.T,1044.0,2026-06-25
3480.T,8980.0,2026-06-25
2469.T,2809.0,2026-06-25
9302.T,3491.0,2026-06-25
339A.T,882.0,2026-06-25
6089.T,1013.0,2026-06-25
9636.T,4195.0,2026-06-25
3187.T,234.0,2026-06-25
3387.T,707.0,2026-06-25
9064.T,1812.0,2026-06-25
8166.T,78.0,2026-06-25
6071.T,760.0,2026-06-25
2762.T,93.0,2026-06-25
1383.T,2852.0,2026-06-25
1407.T,2291.0,2026-06-25
2694.T,70.0,2026-06-25
7520.T,2312.0,2026-06-25
9306.T,1986.0,2026-06-25
4777.T,198.0,2026-06-25
3099.T,4132.0,2026-06-25
8163.T,1220.0,2026-06-25
262A.T,2007.0,2026-06-25
7074.T,165.0,2026-06-25
3349.T,6000.0,2026-06-25
414A.T,897.0,2026-06-25
6472.T,421.0,2026-06-25
8031.T,4446.0,2026-06-25
2157.T,921.0,2026-06-25
7367.T,340.0,2026-06-25
4098.T,1028.0,2026-06-25
7238.T,107.0,2026-06-25
2695.T,1522.0,2026-06-25
5491.T,862.0,2026-06-25
8001.T,1814.0,2026-06-25
195A.T,667.0,2026-06-25
8585.T,825.0,2026-06-25
9010.T,2563.0,2026-06-25
5480.T,4790.0,2026-06-25
4222.T,666.0,2026-06-25
6039.T,1018.0,2026-06-25
9104.T,5255.0,2026-06-25
3190.T,572.0,2026-06-25
7126.T,1504.0,2026-06-25
8793.T,4030.0,2026-06-25
1820.T,5244.0,2026-06-25
3976.T,527.0,2026-06-25
7524.T,180.0,2026-06-25
9308.T,1436.0,2026-06-25
194A.T,1239.0,2026-06-25
4631.T,5148.0,2026-06-25
9433.T,2668.5,2026-06-25
7162.T,267.0,2026-06-25
7850.T,852.0,2026-06-25
7886.T,707.0,2026-06-25
3454.T,1186.0,2026-06-25
3946.T,3870.0,2026-06-25
5020.T,1191.0,2026-06-25
4801.T,2360.0,2026-06-25
7354.T,311.0,2026-06-25
211A.T,3415.0,2026-06-25
9887.T,4605.0,2026-06-25
3133.T,121.0,2026-06-25
9601.T,10220.0,2026-06-25
409A.T,1196.0,2026-06-25
7550.T,8064.0,2026-06-25
7475.T,2452.0,2026-06-25
3484.T,1095.0,2026-06-25
5889.T,2185.0,2026-06-25
7359.T,212.0,2026-06-25
3474.T,530.0,2026-06-25
3067.T,450.0,2026-06-25
7084.T,2795.0,2026-06-25
8944.T,231.0,2026-06-25
2882.T,2012.0,2026-06-25
245A.T,2312.0,2026-06-25
4553.T,3835.0,2026-06-25
9722.T,1831.0,2026-06-25
9535.T,384.0,2026-06-25
9539.T,1397.0,2026-06-25
9979.T,1077.0,2026-06-25
2384.T,4150.0,2026-06-25
9973.T,20.0,2026-06-25
5741.T,2498.0,2026-06-25
8194.T,2569.0,2026-06-25
2164.T,161.0,2026-06-25
2404.T,590.0,2026-06-25
6147.T,162.0,2026-06-25
9706.T,4875.0,2026-06-25
3556.T,732.0,2026-06-25
417A.T,1736.5,2026-06-25
9221.T,1152.0,2026-06-25
9249.T,1596.0,2026-06-25
4565.T,937.0,2026-06-25
7119.T,1622.0,2026-06-25
8920.T,736.0,2026-06-25
3543.T,2737.0,2026-06-25
9627.T,5410.0,2026-06-25
2884.T,610.0,2026-06-25
9327.T,194.0,2026-06-25
9969.T,232.0,2026-06-25
3864.T,1034.0,2026-06-25
2742.T,3615.0,2026-06-25
7133.T,1060.0,2026-06-25
4091.T,5673.0,2026-06-25
9720.T,5150.0,2026-06-25
9699.T,3880.0,2026-06-25
463A.T,864.0,2026-06-25
3546.T,1455.0,2026-06-25
8892.T,1055.0,2026-06-25
3068.T,2859.0,2026-06-25
8179.T,1217.0,2026-06-25
9365.T,1522.0,2026-06-25
9267.T,3375.0,2026-06-25
3967.T,548.0,2026-06-25
4088.T,2860.0,2026-06-25
2340.T,482.0,2026-06-25
4026.T,1667.0,2026-06-25
5571.T,985.0,2026-06-25
6141.T,3686.0,2026-06-25
1375.T,1104.0,2026-06-25
7919.T,187.0,2026-06-25
9997.T,943.0,2026-06-25
9984.T,7118.0,2026-06-25
9628.T,1321.0,2026-06-25
8860.T,731.0,2026-06-25
9274.T,1007.0,2026-06-25
3050.T,1483.0,2026-06-25
7241.T,944.0,2026-06-25
8237.T,1643.0,2026-06-25
9733.T,2220.0,2026-06-25
7097.T,2960.0,2026-06-25
3750.T,788.0,2026-06-25
2293.T,2659.0,2026-06-25
9034.T,1581.0,2026-06-25
4681.T,1753.5,2026-06-25
3447.T,906.0,2026-06-25
9247.T,2158.0,2026-06-25
2734.T,1048.0,2026-06-25
6428.T,309.0,2026-06-25
9959.T,914.0,2026-06-25
4666.T,2057.5,2026-06-25
3167.T,1136.0,2026-06-25
5076.T,2704.0,2026-06-25
543A.T,282.0,2026-06-25
9531.T,6068.0,2026-06-25
9890.T,1300.0,2026-06-25
2503.T,2815.5,2026-06-25
9264.T,1636.0,2026-06-25
7247.T,352.0,2026-06-25
7203.T,2700.5,2026-06-25
7562.T,3720.0,2026-06-25
4337.T,2376.0,2026-06-25
3395.T,2464.0,2026-06-25
9147.T,4967.0,2026-06-25
6758.T,3197.0,2026-06-25
6400.T,259.0,2026-06-25
7795.T,197.0,2026-06-25
3397.T,3764.0,2026-06-25
1605.T,3287.0,2026-06-25
3222.T,792.0,2026-06-25
4612.T,1049.0,2026-06-25
6570.T,1866.0,2026-06-25
5902.T,2333.0,2026-06-25
7271.T,969.0,2026-06-25
386A.T,1336.0,2026-06-25
3045.T,1463.0,2026-06-25
6092.T,693.0,2026-06-25
2904.T,783.0,2026-06-25
5391.T,1435.0,2026-06-25
4689.T,409.7,2026-06-25
8276.T,2561.0,2026-06-25
3197.T,2808.0,2026-06-25
7375.T,1332.0,2026-06-25
9049.T,6590.0,2026-06-25
2179.T,775.0,2026-06-25
7698.T,2465.0,2026-06-25
9075.T,5710.0,2026-06-25
7679.T,1611.0,2026-06-25
4506.T,1493.5,2026-06-25
9211.T,1376.0,2026-06-25
2337.T,425.0,2026-06-25
9701.T,4100.0,2026-06-25
3175.T,912.0,2026-06-25
3174.T,412.0,2026-06-25
2874.T,1965.0,2026-06-25
3231.T,913.3,2026-06-25
298A.T,292.0,2026-06-25
6166.T,582.0,2026-06-25
2300.T,497.0,2026-06-25
5283.T,3035.0,2026-06-25
428A.T,1220.0,2026-06-25
5989.T,1467.0,2026-06-25
9974.T,6290.0,2026-06-25
5380.T,1200.0,2026-06-25
6753.T,601.0,2026-06-25
9220.T,1190.0,2026-06-25
1447.T,257.0,2026-06-25
5870.T,716.0,2026-06-25
2588.T,3565.0,2026-06-25
9171.T,1765.0,2026-06-25
9635.T,2513.0,2026-06-25
3941.T,1407.5,2026-06-25
4657.T,450.0,2026-06-25
1380.T,999.0,2026-06-25
3063.T,1121.0,2026-06-25
3199.T,1404.0,2026-06-25
9557.T,164.0,2026-06-25
9434.T,203.3,2026-06-25
4241.T,660.0,2026-06-25
7901.T,761.0,2026-06-25
6817.T,1430.0,2026-06-25
5998.T,3110.0,2026-06-25
4409.T,724.0,2026-06-25
5261.T,7290.0,2026-06-25
4760.T,1557.0,2026-06-25
7646.T,1732.0,2026-06-25
8244.T,1788.0,2026-06-25
7063.T,76.0,2026-06-25
2686.T,297.0,2026-06-22
3392.T,824.0,2026-06-25
5233.T,4092.0,2026-06-25
4324.T,3035.0,2026-06-25
9362.T,3585.0,2026-06-25
9201.T,2816.0,2026-06-25
9731.T,3585.0,2026-06-25
6310.T,1789.0,2026-06-25
9351.T,1799.0,2026-06-25
5021.T,3674.0,2026-06-25
4680.T,1173.0,2026-06-25
9202.T,2992.0,2026-06-25
5411.T,1546.0,2026-06-25
4679.T,242.0,2026-06-25
205A.T,1590.0,2026-06-25
8912.T,173.0,2026-06-25
7127.T,691.0,2026-06-25
4650.T,261.0,2026-06-25
2791.T,4025.0,2026-06-25
9206.T,1919.0,2026-06-25
7502.T,1611.0,2026-06-25
7320.T,1360.0,2026-06-25
9616.T,2990.5,2026-06-25
9250.T,900.0,2026-06-25
4040.T,3620.0,2026-06-25
3034.T,1820.0,2026-06-25
352A.T,454.0,2026-06-25
9850.T,940.0,2026-06-25
9978.T,45.0,2026-06-25
9009.T,1117.5,2026-06-25
4228.T,560.0,2026-06-25
4707.T,331.0,2026-06-25
9369.T,3130.0,2026-06-25
1711.T,217.0,2026-06-25
9761.T,2217.0,2026-06-25
4502.T,5054.0,2026-06-25
7426.T,599.0,2026-06-25
8278.T,1937.0,2026-06-25
9324.T,2343.0,2026-06-25
6233.T,381.0,2026-06-25
6183.T,1320.0,2026-06-25
6562.T,904.0,2026-06-25
5532.T,3365.0,2026-06-25
8802.T,3984.0,2026-06-25
6181.T,79.0,2026-06-25
3479.T,1702.0,2026-06-25
7494.T,219.0,2026-06-25
8801.T,1475.0,2026-06-25
9823.T,996.0,2026-06-25
3286.T,1027.0,2026-06-25
2789.T,463.0,2026-06-25
7616.T,1782.5,2026-06-25
9119.T,1401.0,2026-06-25
367A.T,2869.0,2026-06-25
5248.T,467.0,2026-06-25
7601.T,164.0,2026-06-25
3160.T,558.0,2026-06-25
4381.T,194.0,2026-06-25
8242.T,2869.0,2026-06-25
3557.T,527.0,2026-06-25
6571.T,1242.0,2026-06-25
8025.T,1221.0,2026-06-25
9878.T,420.0,2026-06-25
7918.T,107.0,2026-06-25
6189.T,970.0,2026-06-25
3010.T,191.0,2026-06-25
9679.T,2263.0,2026-06-25
2162.T,539.0,2026-06-25
1873.T,305.0,2026-06-25
4005.T,520.6,2026-06-25
286A.T,648.0,2026-06-25
9361.T,2077.0,2026-06-25
8217.T,771.0,2026-06-25
3238.T,369.0,2026-06-25
2666.T,171.0,2026-06-25
7512.T,820.0,2026-06-25
7791.T,805.0,2026-06-25
7369.T,336.0,2026-06-25
3103.T,1070.0,2026-06-25
7625.T,469.0,2026-06-25
3101.T,1720.0,2026-06-25
9313.T,1049.0,2026-06-25
9311.T,7650.0,2026-06-25
8818.T,2145.0,2026-06-25
2918.T,2562.0,2026-06-25
8233.T,2602.0,2026-06-25
7071.T,330.0,2026-06-25
9380.T,405.0,2026-06-25
9778.T,5530.0,2026-06-25
9069.T,1900.0,2026-06-25
9956.T,3775.0,2026-06-25
9432.T,143.8,2026-06-25
3192.T,347.0,2026-06-25
4691.T,2798.0,2026-06-25
9366.T,1005.0,2026-06-25
3021.T,1604.0,2026-06-25
3612.T,1572.0,2026-06-25
7083.T,1027.0,2026-06-25
9534.T,739.0,2026-06-25
9704.T,31.0,2026-06-25
9399.T,11.0,2026-06-25
2778.T,123.0,2026-06-25
8107.T,33.0,2026-06-25
3182.T,1470.0,2026-06-25
9619.T,2190.0,2026-06-25
9326.T,404.0,2026-06-25
9502.T,3037.0,2026-06-25
9251.T,1268.0,2026-06-25
7686.T,420.0,2026-06-25
2933.T,1055.0,2026-06-25
8273.T,942.0,2026-06-25
4343.T,2467.0,2026-06-25
4615.T,126.0,2026-06-25
4245.T,665.0,2026-06-25
4720.T,231.0,2026-06-25
8181.T,1024.0,2026-06-25
7743.T,500.0,2026-06-25
2502.T,1540.0,2026-06-25
9142.T,3446.0,2026-06-25
3086.T,3212.0,2026-06-25
9846.T,989.0,2026-06-25
9166.T,560.0,2026-06-25
3326.T,602.0,2026-06-25
3861.T,781.5,2026-06-25
8830.T,3493.0,2026-06-25
549A.T,453.0,2026-06-25
3289.T,1269.5,2026-06-25
7814.T,613.0,2026-06-25
9045.T,3127.0,2026-06-25
7065.T,945.0,2026-06-25
8267.T,1300.0,2026-06-25
2653.T,2793.0,2026-06-25
3382.T,1910.5,2026-06-25
2927.T,828.0,2026-06-25
4235.T,667.0,2026-06-25
5074.T,1015.0,2026-06-25
6217.T,1186.0,2026-06-25
7037.T,868.0,2026-06-25
9008.T,736.3,2026-06-25
9052.T,1914.0,2026-06-25
4188.T,1095.0,2026-06-25
4100.T,1826.0,2026-06-25
9051.T,1285.0,2026-06-25
9903.T,895.0,2026-06-25
7215.T,416.0,2026-06-25
5938.T,1757.5,2026-06-25
9173.T,3000.0,2026-06-25
5852.T,694.0,2026-06-25
6625.T,316.0,2026-06-25
7111.T,427.0,2026-06-25
8086.T,1622.5,2026-06-25
9006.T,1445.5,2026-06-25
9842.T,1896.0,2026-06-25
3293.T,760.0,2026-06-25
4436.T,412.0,2026-06-25
477A.T,564.0,2026-06-25
2138.T,357.0,2026-06-25
9022.T,3341.0,2026-06-25
8289.T,966.0,2026-06-25
7593.T,447.0,2026-06-25
7267.T,1414.0,2026-06-25
9063.T,4030.0,2026-06-25
8804.T,3291.0,2026-06-25
5204.T,2980.0,2026-06-25
3370.T,438.0,2026-06-25
5707.T,787.0,2026-06-25
6557.T,608.0,2026-06-25
7130.T,2790.0,2026-06-25
9042.T,4129.0,2026-06-25
4651.T,226.0,2026-06-25
3137.T,195.0,2026-06-25
6218.T,579.0,2026-06-25
9007.T,1657.0,2026-06-25
8203.T,786.0,2026-06-25
5940.T,700.0,2026-06-25
7199.T,1975.0,2026-06-25
7091.T,1198.0,2026-06-25
3069.T,147.0,2026-06-25
9023.T,1379.0,2026-06-25
9223.T,387.0,2026-06-25
9024.T,3018.0,2026-06-25
7808.T,2537.0,2026-06-25
3003.T,1700.0,2026-06-25
8897.T,404.0,2026-06-25
4809.T,2007.0,2026-06-25
8143.T,146.0,2026-06-25
3121.T,215.0,2026-06-25
2471.T,253.0,2026-06-25
3232.T,522.0,2026-06-25
7516.T,4005.0,2026-06-25
4712.T,796.0,2026-06-25
3544.T,1232.0,2026-06-25
9031.T,2838.5,2026-06-25
9993.T,1170.0,2026-06-25
7129.T,1128.0,2026-06-25
4645.T,430.0,2026-06-25
168A.T,1092.0,2026-06-25
9005.T,1650.5,2026-06-25
9723.T,632.0,2026-06-25
3123.T,613.0,2026-06-25
2445.T,389.0,2026-06-25
2485.T,473.0,2026-06-25
9656.T,614.0,2026-06-25
372A.T,4995.0,2026-06-25
7578.T,69.0,2026-06-25
3524.T,1408.0,2026-06-25
9158.T,800.0,2026-06-25
6982.T,574.0,2026-06-25
3607.T,392.0,2026-06-25
3536.T,130.0,2026-06-25
8803.T,2366.0,2026-06-25
7561.T,644.0,2026-06-25
9081.T,3510.0,2026-06-25
9021.T,2637.5,2026-06-25
3315.T,93.0,2026-06-25
9020.T,3343.0,2026-06-25
4678.T,301.0,2026-06-25
6523.T,1019.0,2026-06-25
9204.T,419.0,2026-06-25
6074.T,485.0,2026-06-25
2424.T,604.0,2026-06-25
9268.T,375.0,2026-06-25
9305.T,2025.0,2026-06-25
2984.T,713.0,2026-06-25
9503.T,2308.0,2026-06-25
9041.T,3322.0,2026-06-25
9044.T,2767.0,2026-06-25
5010.T,233.0,2026-06-25
6464.T,421.0,2026-06-25
2378.T,999.0,2026-06-25
5271.T,2104.0,2026-06-25
3204.T,510.0,2026-06-25
3856.T,506.0,2026-06-25
9048.T,1796.5,2026-06-25
3011.T,148.0,2026-06-25
9001.T,2884.0,2026-06-25
2687.T,475.0,2026-06-25
9603.T,941.0,2026-06-25
7062.T,748.0,2026-06-25
3880.T,916.0,2026-06-25
9003.T,2413.5,2026-06-25
9519.T,883.0,2026-06-25
6615.T,226.0,2026-06-25
3109.T,1018.0,2026-06-25
8835.T,751.0,2026-06-25
3422.T,495.0,2026-06-25
7604.T,866.0,2026-06-25
8424.T,4194.0,2026-06-25
2747.T,3060.0,2026-06-25
8425.T,1244.0,2026-06-25
9446.T,675.0,2026-06-25
7362.T,830.0,2026-06-25
5994.T,966.0,2026-06-25
7640.T,168.0,2026-06-25
6444.T,162.0,2026-06-25
9082.T,1391.0,2026-06-25
2796.T,509.0,2026-06-25
8439.T,2494.0,2026-06-25
297A.T,209.0,2026-06-25
7061.T,527.0,2026-06-25
7212.T,649.0,2026-06-25
9033.T,624.0,2026-06-25
2291.T,469.0,2026-06-25
4350.T,465.0,2026-06-25
9536.T,2211.0,2026-06-25
4331.T,660.0,2026-06-25
8593.T,1302.5,2026-06-25
9513.T,3661.0,2026-06-25
9355.T,2192.0,2026-06-25
7515.T,4645.0,2026-06-25
2373.T,409.0,2026-06-25
2418.T,616.0,2026-06-25
5932.T,619.0,2026-06-25
7040.T,966.0,2026-06-25
7831.T,64.0,2026-06-25
9835.T,515.0,2026-06-25
8894.T,22.0,2026-06-25
9514.T,322.0,2026-06-25
3896.T,354.0,2026-06-25
6425.T,632.0,2026-06-25
6186.T,372.0,2026-06-25
4920.T,1108.0,2026-06-25
7256.T,427.0,2026-06-25
9507.T,1484.0,2026-06-25
9060.T,4290.0,2026-06-25
6699.T,471.0,2026-06-25
3202.T,126.0,2026-06-25
4755.T,699.1,2026-06-25
9160.T,282.0,2026-06-25
3863.T,1246.0,2026-06-25
8473.T,2737.5,2026-06-25
3248.T,856.0,2026-06-25
7898.T,850.0,2026-06-25
9012.T,2086.0,2026-06-25
7372.T,378.0,2026-06-25
9046.T,2387.0,2026-06-25
9115.T,798.0,2026-06-25
6412.T,2004.0,2026-06-25
9229.T,116.0,2026-06-25
9130.T,1535.0,2026-06-25
9017.T,1975.0,2026-06-25
3494.T,338.0,2026-06-25
4735.T,310.0,2026-06-25
2993.T,2149.0,2026-06-25
9508.T,1649.0,2026-06-25
9812.T,222.0,2026-06-25
8260.T,384.0,2026-06-25
2435.T,205.0,2026-06-25
9505.T,866.6,2026-06-25
9511.T,887.0,2026-06-25
9506.T,1044.0,2026-06-25
8254.T,254.0,2026-06-25
3681.T,9.0,2026-06-25
7815.T,233.0,2026-06-25
9509.T,929.1,2026-06-25
5202.T,474.0,2026-06-25
9501.T,481.2,2026-06-25
9504.T,892.6,2026-06-25
3111.T,172.0,2026-06-25
8247.T,295.0,2026-06-25
9444.T,263.0,2026-06-25
