コード,終値,日付
3600.T,1800.0,2026-09-30
7034.T,313.0,2026-09-30
9885.T,331.0,2026-09-30
3189.T,106.0,2026-09-30
1897.T,3620.0,2026-09-29
7297.T,869.0,2026-09-30
2484.T,153.0,2026-09-30
6513.T,1309.0,2026-09-30
6771.T,688.0,2026-09-30
2055.T,344.0,2026-09-30
8617.T,603.0,2026-09-30
4387.T,558.0,2026-09-30
6986.T,741.0,2026-09-30
5956.T,580.0,2026-09-30
7399.T,616.0,2026-09-30
7427.T,833.0,2026-09-30
6943.T,6010.0,2026-09-30
5658.T,405.0,2026-09-30
2788.T,412.0,2026-09-30
8881.T,654.0,2026-09-30
8917.T,1084.0,2026-09-30
5900.T,857.0,2026-09-30
7879.T,676.0,2026-09-30
5921.T,4350.0,2026-09-30
6222.T,910.0,2026-09-30
5753.T,2595.0,2026-09-30
5962.T,2160.0,2026-09-30
8013.T,380.0,2026-09-30
8746.T,100.0,2026-09-30
6390.T,1309.0,2026-09-30
5603.T,1309.0,2026-09-30
8040.T,1060.0,2026-09-30
8138.T,4125.0,2026-09-29
6249.T,2781.0,2026-09-30
4102.T,1435.0,2026-09-29
7902.T,1107.0,2026-09-30
3787.T,680.0,2026-09-30
6155.T,543.0,2026-09-30
6049.T,251.0,2026-09-30
8144.T,1252.0,2026-09-30
8891.T,2124.0,2026-09-30
5280.T,2178.0,2026-09-30
6964.T,691.0,2026-09-30
5909.T,943.0,2026-09-30
6257.T,1010.0,2026-09-30
5923.T,1176.0,2026-09-30
3396.T,859.0,2026-09-30
8904.T,821.0,2026-09-30
8165.T,100.0,2026-09-30
8772.T,908.0,2026-09-30
7851.T,170.0,2026-09-30
4234.T,1018.0,2026-09-30
3261.T,448.0,2026-09-30
9767.T,1771.0,2026-09-30
5408.T,629.0,2026-09-30
5928.T,287.0,2026-09-30
7442.T,479.0,2026-09-30
2388.T,27.0,2026-09-30
4624.T,3970.0,2026-09-30
7219.T,2496.0,2026-09-30
7857.T,1278.0,2026-09-30
6467.T,352.0,2026-09-30
7266.T,975.0,2026-09-30
8995.T,1834.0,2026-09-30
1994.T,618.0,2026-09-30
9162.T,228.0,2026-09-30
8046.T,984.0,2026-09-30
5988.T,1669.0,2026-09-30
8147.T,1475.0,2026-09-30
7624.T,192.0,2026-09-30
8119.T,785.0,2026-09-30
4341.T,903.0,2026-09-30
7538.T,386.0,2026-09-29
9929.T,471.0,2026-09-30
7877.T,2199.0,2026-09-30
9872.T,965.0,2026-09-30
6262.T,529.0,2026-09-30
4839.T,973.0,2026-09-30
6228.T,721.0,2026-09-30
2193.T,126.0,2026-09-30
2499.T,307.0,2026-09-30
7991.T,1059.0,2026-09-30
7887.T,1560.0,2026-09-30
7841.T,1099.0,2026-09-30
6346.T,5510.0,2026-09-30
6054.T,110.0,2026-09-30
5918.T,7660.0,2026-09-29
4231.T,1021.0,2026-09-30
2917.T,889.0,2026-09-30
1420.T,629.0,2026-09-30
6867.T,411.0,2026-09-30
3439.T,679.0,2026-09-30
1758.T,2400.0,2026-09-30
7871.T,1005.0,2026-09-30
7347.T,810.0,2026-09-30
8135.T,437.0,2026-09-30
3320.T,1301.0,2026-09-30
9854.T,268.0,2026-09-30
3426.T,1305.0,2026-09-30
5541.T,2666.0,2026-09-30
6393.T,3035.0,2026-09-30
4629.T,2480.0,2026-09-30
5971.T,8850.0,2026-09-30
7531.T,1320.0,2026-09-29
4569.T,1105.0,2026-09-30
7434.T,1756.0,2026-09-30
3246.T,692.0,2026-09-30
6342.T,2894.0,2026-09-30
5984.T,787.0,2026-09-30
5697.T,825.0,2026-09-30
3420.T,1580.0,2026-09-30
1850.T,442.0,2026-09-30
7937.T,2500.0,2026-09-30
4224.T,2140.0,2026-09-30
4705.T,794.0,2026-09-30
7670.T,1221.0,2026-09-30
6694.T,854.0,2026-09-30
2795.T,965.0,2026-09-30
3758.T,248.0,2026-09-30
5951.T,1144.0,2026-09-30
7435.T,1418.0,2026-09-30
7422.T,518.0,2026-09-30
3236.T,282.0,2026-09-30
5819.T,1728.0,2026-09-30
3161.T,672.0,2026-09-30
7175.T,2055.0,2026-09-30
5946.T,1977.0,2026-09-30
8938.T,320.0,2026-09-30
6292.T,842.0,2026-09-30
3668.T,424.0,2026-09-30
6748.T,783.0,2026-09-30
9972.T,283.0,2026-09-30
6335.T,591.0,2026-09-30
7021.T,2441.0,2026-09-30
2814.T,1818.0,2026-09-30
6899.T,2202.0,2026-09-30
7997.T,1143.0,2026-09-30
4360.T,998.0,2026-09-30
5187.T,1152.0,2026-09-30
5446.T,1073.0,2026-09-29
3632.T,418.0,2026-09-30
6718.T,2765.0,2026-09-30
9876.T,222.0,2026-09-30
8869.T,804.0,2026-09-30
5282.T,400.0,2026-09-30
3537.T,1742.0,2026-09-30
8595.T,2235.0,2026-09-30
6497.T,1467.0,2026-09-30
2168.T,1539.0,2026-09-30
7264.T,1350.0,2026-09-30
5079.T,2582.0,2026-09-30
7122.T,2394.0,2026-09-30
8281.T,1107.0,2026-09-30
3765.T,2432.0,2026-09-30
1853.T,326.0,2026-09-30
7218.T,1151.0,2026-09-30
7908.T,243.0,2026-09-30
4627.T,2090.0,2026-09-30
4243.T,1072.0,2026-09-30
4625.T,910.0,2026-09-30
7521.T,2648.0,2026-09-30
5986.T,288.0,2026-09-30
6743.T,1034.0,2026-09-30
6150.T,2801.0,2026-09-30
7975.T,1186.0,2026-09-30
5966.T,2838.0,2026-09-29
3477.T,884.0,2026-09-29
7464.T,1524.0,2026-09-30
4365.T,23500.0,2026-09-29
3639.T,231.0,2026-09-30
7865.T,330.0,2026-09-30
2491.T,456.0,2026-09-30
5078.T,4670.0,2026-09-30
3054.T,385.0,2026-09-30
3297.T,1204.0,2026-09-30
5915.T,2449.0,2026-09-30
8584.T,3565.0,2026-09-30
7279.T,2428.0,2026-09-30
9895.T,1268.0,2026-09-30
6159.T,1850.0,2026-09-30
2489.T,425.0,2026-09-30
8159.T,4275.0,2026-09-30
3954.T,3150.0,2026-09-30
143A.T,697.0,2026-09-29
4644.T,1029.0,2026-09-30
3710.T,641.0,2026-09-30
8076.T,2086.0,2026-09-30
7486.T,820.0,2026-09-30
7985.T,704.0,2026-09-30
7957.T,2379.0,2026-09-30
3131.T,7960.0,2026-09-30
5969.T,1203.0,2026-09-30
7885.T,1065.0,2026-09-30
3134.T,300.0,2026-09-30
6325.T,419.0,2026-09-30
6797.T,1195.0,2026-09-30
7628.T,1144.0,2026-09-30
6276.T,352.0,2026-09-30
7472.T,3900.0,2026-09-30
6151.T,1712.0,2026-09-30
7537.T,1875.0,2026-09-30
6820.T,3730.0,2026-09-30
2221.T,3050.0,2026-09-30
8141.T,1570.0,2026-09-30
3583.T,1361.0,2026-09-30
9932.T,1354.0,2026-09-30
6778.T,643.0,2026-09-30
4170.T,113.0,2026-09-30
5945.T,2300.0,2026-09-29
6158.T,1024.0,2026-09-30
3386.T,1274.0,2026-09-30
3892.T,1605.0,2026-09-30
3944.T,3100.0,2026-09-30
7928.T,616.0,2026-09-30
2497.T,510.0,2026-09-30
3851.T,1389.0,2026-09-30
3895.T,435.0,2026-09-30
9867.T,10510.0,2026-09-29
5997.T,908.0,2026-09-29
7953.T,406.0,2026-09-30
5363.T,719.0,2026-09-30
1887.T,536.0,2026-09-30
1793.T,2105.0,2026-09-30
7872.T,615.0,2026-09-30
3417.T,1004.0,2026-09-30
3277.T,836.0,2026-09-30
6349.T,1952.0,2026-09-30
7614.T,1552.0,2026-09-30
8075.T,3150.0,2026-09-30
6360.T,4890.0,2026-09-29
9414.T,959.0,2026-09-30
6907.T,792.0,2026-09-30
3641.T,998.0,2026-09-30
2654.T,401.0,2026-09-30
1376.T,1573.0,2026-09-30
3953.T,800.0,2026-09-30
5440.T,1917.0,2026-09-30
4829.T,106.0,2026-09-30
2449.T,1030.0,2026-09-30
6358.T,2097.0,2026-09-30
5958.T,4295.0,2026-09-30
3597.T,8960.0,2026-09-30
8093.T,1770.0,2026-09-30
5388.T,1410.0,2026-09-30
4548.T,600.0,2026-09-30
3388.T,2116.0,2026-09-30
7859.T,254.0,2026-09-30
6485.T,1672.0,2026-09-30
8123.T,1390.0,2026-09-30
5304.T,2439.0,2026-09-30
8935.T,1969.0,2026-09-30
6419.T,3050.0,2026-09-30
9425.T,236.0,2026-09-30
7896.T,504.0,2026-09-30
5368.T,1038.0,2026-09-30
6619.T,147.0,2026-09-30
6482.T,721.0,2026-09-30
7820.T,698.0,2026-09-30
1905.T,1444.0,2026-09-30
3958.T,536.0,2026-09-30
6919.T,1412.0,2026-09-30
2999.T,523.0,2026-09-30
7565.T,7700.0,2026-09-29
2700.T,1813.0,2026-09-30
8150.T,3300.0,2026-09-30
3176.T,1161.0,2026-09-30
7677.T,2697.0,2026-09-29
8084.T,2352.0,2026-09-30
8844.T,1207.0,2026-09-30
4119.T,6360.0,2026-09-30
7602.T,166.0,2026-09-30
7551.T,668.0,2026-09-30
3321.T,1914.0,2026-09-30
6165.T,543.0,2026-09-30
9820.T,3945.0,2026-09-30
3513.T,3665.0,2026-09-30
4308.T,358.0,2026-09-30
6149.T,2183.0,2026-09-30
7681.T,989.0,2026-09-30
1768.T,1024.0,2026-09-30
6418.T,1245.0,2026-09-30
7265.T,3535.0,2026-09-30
6091.T,968.0,2026-09-30
7235.T,1563.0,2026-09-30
8045.T,2050.0,2026-09-30
548A.T,944.0,2026-09-30
6118.T,1214.0,2026-09-30
6730.T,1617.0,2026-09-30
6245.T,1823.0,2026-09-30
6858.T,864.0,2026-09-30
8103.T,999.0,2026-09-30
5871.T,1330.0,2026-09-30
3577.T,922.0,2026-09-30
7446.T,4340.0,2026-09-29
3674.T,334.0,2026-09-30
4301.T,1858.0,2026-09-30
5464.T,913.0,2026-09-30
7544.T,556.0,2026-09-30
8700.T,2111.0,2026-09-30
4628.T,9990.0,2026-09-30
9478.T,490.0,2026-09-30
4996.T,675.0,2026-09-30
6365.T,5610.0,2026-09-30
189A.T,1090.0,2026-09-30
2385.T,219.0,2026-09-30
9980.T,90.0,2026-09-30
5757.T,5010.0,2026-09-30
6678.T,2036.0,2026-09-30
6463.T,1536.0,2026-09-30
9760.T,117.0,2026-09-30
1899.T,4750.0,2026-09-30
3943.T,1318.0,2026-09-30
1724.T,733.0,2026-09-30
2329.T,490.0,2026-09-30
3580.T,745.0,2026-09-30
6022.T,2851.0,2026-09-30
6915.T,3620.0,2026-09-30
1807.T,1910.0,2026-09-30
7314.T,1330.0,2026-09-30
3653.T,1021.0,2026-09-30
9857.T,2644.0,2026-09-30
2911.T,2255.0,2026-09-30
8152.T,7180.0,2026-09-30
373A.T,1517.0,2026-09-30
8202.T,148.0,2026-09-30
3802.T,486.0,2026-09-30
8104.T,823.0,2026-09-30
4925.T,1676.0,2026-09-30
4299.T,1207.0,2026-09-30
6804.T,2417.0,2026-09-30
3434.T,1234.0,2026-09-30
248A.T,806.0,2026-09-30
1826.T,1071.0,2026-09-30
6382.T,1244.0,2026-09-30
8572.T,466.0,2026-09-30
9625.T,924.0,2026-09-30
4936.T,300.0,2026-09-30
6494.T,98.0,2026-09-30
7689.T,397.0,2026-09-30
2735.T,726.0,2026-09-30
6229.T,1478.0,2026-09-30
2425.T,680.0,2026-09-29
6882.T,1205.0,2026-09-30
9845.T,1397.0,2026-09-30
7952.T,3395.0,2026-09-30
6894.T,2176.0,2026-09-30
7607.T,3035.0,2026-09-30
1770.T,2158.0,2026-09-30
6488.T,1049.0,2026-09-30
4120.T,2956.0,2026-09-30
6647.T,3815.0,2026-09-30
7847.T,685.0,2026-09-30
9253.T,760.0,2026-09-30
3291.T,2168.5,2026-09-30
167A.T,3280.0,2026-09-30
7487.T,1863.0,2026-09-30
8622.T,900.0,2026-09-30
5129.T,255.0,2026-09-30
5218.T,1638.0,2026-09-30
3816.T,1101.0,2026-09-30
7128.T,2925.0,2026-09-30
7510.T,2913.0,2026-09-30
1866.T,1131.0,2026-09-30
8616.T,878.0,2026-09-30
3139.T,3430.0,2026-09-30
220A.T,930.0,2026-09-30
9475.T,509.0,2026-09-30
4761.T,1485.0,2026-09-30
3435.T,1481.0,2026-09-30
8705.T,218.0,2026-09-30
1798.T,1100.0,2026-09-30
5449.T,2438.0,2026-09-30
1879.T,2242.0,2026-09-30
4534.T,3180.0,2026-09-30
2009.T,1131.0,2026-09-30
6338.T,1680.0,2026-09-30
5461.T,2091.0,2026-09-30
6104.T,4810.0,2026-09-30
2693.T,289.0,2026-09-30
7185.T,3670.0,2026-09-30
7946.T,322.0,2026-09-30
4547.T,3745.0,2026-09-30
6832.T,2524.0,2026-09-30
7313.T,1779.0,2026-09-30
1847.T,3430.0,2026-09-30
2483.T,2224.0,2026-09-30
1867.T,2705.0,2026-09-30
7228.T,4030.0,2026-09-30
4406.T,248.0,2026-09-30
6265.T,3245.0,2026-09-29
9996.T,1992.0,2026-09-30
9339.T,1489.0,2026-09-30
1811.T,7660.0,2026-09-30
8041.T,4385.0,2026-09-30
5458.T,1325.0,2026-09-30
9908.T,2944.0,2026-09-30
7567.T,649.0,2026-09-30
6030.T,1650.0,2026-09-30
9755.T,2809.0,2026-09-30
5189.T,3500.0,2026-09-30
8101.T,2561.0,2026-09-30
2108.T,1814.0,2026-09-30
4918.T,297.0,2026-09-30
3512.T,1039.0,2026-09-30
3089.T,1106.0,2026-09-30
5976.T,1435.0,2026-09-30
1430.T,1071.0,2026-09-30
8871.T,3110.0,2026-09-30
6706.T,3325.0,2026-09-30
1716.T,1356.0,2026-09-30
3766.T,1521.0,2026-09-30
6034.T,630.0,2026-09-30
5820.T,897.0,2026-09-30
6038.T,844.0,2026-09-30
7287.T,2760.0,2026-09-30
9906.T,4220.0,2026-09-30
6737.T,3025.0,2026-09-30
4591.T,80.0,2026-09-30
5906.T,778.0,2026-09-30
6430.T,2378.0,2026-09-30
4429.T,733.0,2026-09-30
3932.T,1243.0,2026-09-30
3437.T,2624.0,2026-09-29
9955.T,2692.0,2026-09-30
6337.T,3685.0,2026-09-30
7523.T,1875.0,2026-09-30
4116.T,1325.0,2026-09-30
9647.T,6750.0,2026-09-30
6316.T,2843.0,2026-09-30
3377.T,399.0,2026-09-30
7444.T,2010.0,2026-09-30
2613.T,2227.0,2026-09-30
1822.T,818.0,2026-09-30
6572.T,265.0,2026-09-30
8098.T,4440.0,2026-09-30
6496.T,5790.0,2026-09-30
4229.T,4170.0,2026-09-30
7031.T,695.0,2026-09-30
8185.T,988.0,2026-09-30
1981.T,1353.0,2026-09-30
5816.T,1458.0,2026-09-30
1788.T,4130.0,2026-09-30
2481.T,741.0,2026-09-30
7192.T,697.0,2026-09-30
6918.T,4385.0,2026-09-30
8737.T,592.0,2026-09-30
6417.T,2051.5,2026-09-30
1786.T,343.0,2026-09-30
1972.T,1296.0,2026-09-30
6540.T,1506.0,2026-09-30
3908.T,358.0,2026-09-30
7370.T,720.0,2026-09-30
5451.T,1400.0,2026-09-30
6927.T,998.0,2026-09-30
7983.T,1162.0,2026-09-30
4316.T,42.0,2026-09-30
7613.T,1603.0,2026-09-30
8877.T,5160.0,2026-09-30
9726.T,2013.0,2026-09-30
6848.T,847.0,2026-09-30
6484.T,2215.0,2026-09-30
5125.T,543.0,2026-09-30
6279.T,950.0,2026-09-30
9363.T,518.0,2026-09-30
1888.T,3745.0,2026-09-30
7955.T,937.0,2026-09-30
3553.T,891.0,2026-09-30
7833.T,684.0,2026-09-30
7460.T,1658.0,2026-09-30
7527.T,48.0,2026-09-30
9902.T,3225.0,2026-09-30
2053.T,1966.0,2026-09-30
3682.T,600.0,2026-09-30
2961.T,1484.0,2026-09-30
4059.T,390.0,2026-09-30
2121.T,3675.0,2026-09-30
4635.T,2038.0,2026-09-30
1443.T,280.0,2026-09-30
7722.T,756.0,2026-09-30
8091.T,2405.0,2026-09-30
9888.T,1235.0,2026-09-30
4754.T,1519.0,2026-09-30
6047.T,382.0,2026-09-30
5542.T,1349.0,2026-09-30
9248.T,1618.0,2026-09-30
7292.T,6860.0,2026-09-30
5959.T,932.0,2026-09-30
4990.T,537.0,2026-09-30
7077.T,992.0,2026-09-30
4772.T,74.0,2026-09-30
7208.T,1298.0,2026-09-30
3431.T,1520.0,2026-09-30
7539.T,785.0,2026-09-30
8742.T,580.0,2026-09-30
9408.T,2715.0,2026-09-29
3930.T,745.0,2026-09-30
8014.T,4155.0,2026-09-30
6870.T,2130.0,2026-09-30
6897.T,599.0,2026-09-30
4620.T,1071.0,2026-09-30
9466.T,242.0,2026-09-30
4934.T,586.0,2026-09-30
4623.T,1841.0,2026-09-30
4388.T,362.0,2026-09-30
3826.T,495.0,2026-09-30
3839.T,626.0,2026-09-30
2408.T,831.0,2026-09-30
7351.T,476.0,2026-09-30
4095.T,1766.0,2026-09-30
6063.T,1001.0,2026-09-30
1795.T,5400.0,2026-09-30
3903.T,209.0,2026-09-30
6626.T,2493.0,2026-09-30
196A.T,332.0,2026-09-30
3071.T,102.0,2026-09-30
5357.T,1731.0,2026-09-30
4992.T,1930.0,2026-09-30
6794.T,3225.0,2026-09-30
5695.T,2920.0,2026-09-29
8137.T,4750.0,2026-09-30
3911.T,172.0,2026-09-30
331A.T,475.0,2026-09-30
4512.T,300.0,2026-09-30
5410.T,2915.0,2026-09-30
9404.T,2780.0,2026-09-30
9990.T,751.0,2026-09-30
1799.T,3350.0,2026-09-30
3143.T,1042.0,2026-09-30
5967.T,439.0,2026-09-30
6637.T,4225.0,2026-09-30
2330.T,86.0,2026-09-30
304A.T,2150.0,2026-09-30
6384.T,1712.0,2026-09-30
6517.T,4005.0,2026-09-30
3622.T,496.0,2026-09-30
9563.T,357.0,2026-09-30
6505.T,2451.0,2026-09-30
6905.T,1475.0,2026-09-30
2819.T,2488.0,2026-09-30
5527.T,773.0,2026-09-30
5983.T,14090.0,2026-09-30
8747.T,2273.0,2026-09-30
8052.T,2939.0,2026-09-30
4351.T,850.0,2026-09-30
7600.T,636.0,2026-09-30
7046.T,1319.0,2026-09-30
7140.T,802.0,2026-09-30
6580.T,854.0,2026-09-30
6676.T,3510.0,2026-09-30
7916.T,1879.0,2026-09-30
7878.T,1100.0,2026-09-30
7965.T,1446.0,2026-09-30
1780.T,1442.0,2026-09-30
3352.T,1793.0,2026-09-30
6599.T,4535.0,2026-09-30
4994.T,2670.0,2026-09-30
5131.T,158.0,2026-09-30
8023.T,1015.0,2026-09-30
7837.T,352.0,2026-09-30
3416.T,900.0,2026-09-30
4728.T,645.0,2026-09-30
7782.T,504.0,2026-09-30
8127.T,518.0,2026-09-30
7213.T,649.0,2026-09-30
7299.T,1765.0,2026-09-30
8158.T,1319.0,2026-09-30
6161.T,1051.0,2026-09-30
8999.T,565.0,2026-09-30
7466.T,1483.0,2026-09-30
8066.T,3560.0,2026-09-30
8226.T,396.0,2026-09-30
3299.T,1730.0,2026-09-30
5957.T,767.0,2026-09-30
4725.T,1915.0,2026-09-30
3550.T,221.0,2026-09-30
9739.T,2620.0,2026-09-30
7989.T,2673.0,2026-09-30
3375.T,1759.0,2026-09-30
6552.T,170.0,2026-09-30
3646.T,344.0,2026-09-30
4736.T,582.0,2026-09-30
8946.T,73.0,2026-09-30
3266.T,81.0,2026-09-30
7634.T,5500.0,2026-09-30
6664.T,261.0,2026-09-30
8059.T,3520.0,2026-09-30
3800.T,1970.0,2026-09-30
9193.T,885.0,2026-09-30
5911.T,2935.0,2026-09-30
7296.T,4095.0,2026-09-30
5240.T,176.0,2026-09-30
4094.T,2248.0,2026-09-30
3023.T,2091.0,2026-09-30
6923.T,3506.0,2026-09-30
3267.T,648.0,2026-09-30
3799.T,1098.0,2026-09-30
2479.T,264.0,2026-09-30
9409.T,2940.0,2026-09-30
4076.T,2018.0,2026-09-30
7849.T,3005.0,2026-09-30
7425.T,1120.0,2026-09-30
3760.T,728.0,2026-09-30
6741.T,1782.0,2026-09-30
3306.T,770.0,2026-09-30
6247.T,1644.0,2026-09-30
4893.T,117.0,2026-09-30
5184.T,4190.0,2026-09-30
9799.T,945.0,2026-09-30
8077.T,209.0,2026-09-30
8011.T,1348.0,2026-09-30
9330.T,884.0,2026-09-30
6844.T,3040.0,2026-09-30
2883.T,1970.0,2026-09-30
6069.T,673.0,2026-09-30
2806.T,1999.0,2026-09-30
7501.T,1401.0,2026-09-30
6248.T,1772.0,2026-09-30
3772.T,1074.0,2026-09-30
6033.T,1674.0,2026-09-30
8707.T,4700.0,2026-09-30
2411.T,457.0,2026-09-30
6769.T,1323.0,2026-09-30
7938.T,2113.0,2026-09-30
4616.T,2597.0,2026-09-30
4880.T,316.0,2026-09-30
7447.T,1632.0,2026-09-30
6809.T,1718.0,2026-09-30
1964.T,3910.0,2026-09-30
7962.T,786.0,2026-09-30
7804.T,2510.0,2026-09-30
9986.T,2484.0,2026-09-30
5302.T,5130.0,2026-09-30
9753.T,1455.0,2026-09-30
8118.T,1230.0,2026-09-30
7483.T,3010.0,2026-09-30
6864.T,1596.0,2026-09-30
130A.T,438.0,2026-09-30
3611.T,2420.0,2026-09-30
1911.T,1210.0,2026-09-30
2349.T,2523.0,2026-09-30
9827.T,653.0,2026-09-30
7813.T,881.0,2026-09-30
3948.T,1185.0,2026-09-30
6763.T,2742.0,2026-09-30
4769.T,1126.0,2026-09-30
7723.T,2866.0,2026-09-30
7417.T,1804.0,2026-09-30
4619.T,2650.0,2026-09-30
6345.T,1443.0,2026-09-30
8945.T,1092.0,2026-09-30
8043.T,1487.0,2026-09-30
3636.T,4830.0,2026-09-30
6405.T,1315.0,2026-09-30
4356.T,1625.0,2026-09-30
7590.T,402.0,2026-09-30
6209.T,3960.0,2026-09-30
1810.T,1428.0,2026-09-30
9698.T,1299.0,2026-09-30
6282.T,2835.0,2026-09-30
9994.T,2005.0,2026-09-30
256A.T,2327.0,2026-09-30
6267.T,4120.0,2026-09-30
7039.T,1345.0,2026-09-30
8006.T,1485.0,2026-09-30
7749.T,2778.0,2026-09-30
3571.T,710.0,2026-09-30
3670.T,1654.0,2026-09-30
7067.T,1078.0,2026-09-30
4069.T,637.0,2026-09-30
3913.T,1064.0,2026-09-30
7800.T,980.0,2026-09-30
7459.T,2957.0,2026-09-30
1514.T,636.0,2026-09-30
2831.T,3690.0,2026-09-30
7112.T,561.0,2026-09-30
3848.T,839.0,2026-09-30
4997.T,1105.0,2026-09-30
6156.T,1870.0,2026-09-30
1997.T,4020.0,2026-09-29
4883.T,31.0,2026-09-30
6157.T,812.0,2026-09-30
6445.T,1372.0,2026-09-30
5186.T,6700.0,2026-09-30
6926.T,195.0,2026-09-30
5122.T,6170.0,2026-09-30
7305.T,2767.0,2026-09-30
6246.T,1805.0,2026-09-30
7087.T,1364.0,2026-09-30
9991.T,1775.0,2026-09-30
3159.T,382.0,2026-09-30
1960.T,1685.0,2026-09-30
3627.T,274.0,2026-09-30
3482.T,2560.0,2026-09-30
2153.T,1871.0,2026-09-30
2908.T,1571.0,2026-09-30
3529.T,1069.0,2026-09-30
9441.T,3100.0,2026-09-30
4719.T,3320.0,2026-09-30
6291.T,1331.0,2026-09-30
9622.T,1424.0,2026-09-30
9341.T,625.0,2026-09-30
9780.T,1122.0,2026-09-30
6103.T,4780.0,2026-09-30
6863.T,1128.0,2026-09-30
5939.T,4670.0,2026-09-30
7525.T,3595.0,2026-09-30
4247.T,1398.0,2026-09-30
6286.T,1518.0,2026-09-30
8219.T,721.0,2026-09-30
1762.T,4085.0,2026-09-30
3559.T,456.0,2026-09-30
3355.T,1853.0,2026-09-30
4270.T,1885.0,2026-09-30
6898.T,4860.0,2026-09-30
5619.T,870.0,2026-09-29
6230.T,2161.0,2026-09-30
7931.T,3600.0,2026-09-30
3825.T,260.0,2026-09-30
3665.T,411.0,2026-09-30
198A.T,162.0,2026-09-30
4287.T,487.0,2026-09-30
5982.T,4075.0,2026-09-30
7482.T,1474.0,2026-09-30
6998.T,3975.0,2026-09-30
8154.T,5540.0,2026-09-30
1835.T,3860.0,2026-09-30
7294.T,860.0,2026-09-30
1828.T,2384.0,2026-09-30
8018.T,831.0,2026-09-30
6364.T,2501.0,2026-09-30
4265.T,250.0,2026-09-30
9476.T,986.0,2026-09-30
1914.T,814.0,2026-09-30
3302.T,3065.0,2026-09-30
7477.T,1629.0,2026-09-30
7713.T,2480.0,2026-09-30
8085.T,4485.0,2026-09-30
244A.T,1214.0,2026-09-30
6309.T,1956.0,2026-09-30
4978.T,142.0,2026-09-30
2185.T,1940.0,2026-09-30
5943.T,2196.0,2026-09-30
4540.T,3786.0,2026-09-30
3698.T,1201.0,2026-09-30
5142.T,1921.0,2026-09-30
3421.T,1616.0,2026-09-30
192A.T,1440.0,2026-09-30
4434.T,2440.0,2026-09-30
7433.T,1917.0,2026-09-30
6322.T,1603.0,2026-09-30
5576.T,3095.0,2026-09-30
4471.T,1640.0,2026-09-30
6125.T,4875.0,2026-09-30
4767.T,395.0,2026-09-30
7807.T,881.0,2026-09-30
6912.T,2727.0,2026-09-30
5237.T,1206.0,2026-09-30
9413.T,3260.0,2026-09-30
9344.T,1388.0,2026-09-30
4394.T,769.0,2026-09-30
6592.T,1728.5,2026-09-30
8029.T,2750.0,2026-09-30
7769.T,3815.0,2026-09-30
6493.T,479.0,2026-09-30
8708.T,1697.0,2026-09-30
7860.T,1219.0,2026-09-30
7079.T,2610.0,2026-09-30
2792.T,1413.0,2026-09-30
4376.T,190.0,2026-09-30
4524.T,2236.0,2026-09-30
4752.T,1614.0,2026-09-29
3940.T,129.0,2026-09-30
1976.T,1720.0,2026-09-30
4112.T,2090.0,2026-09-30
6742.T,1106.0,2026-09-30
4372.T,1350.0,2026-09-29
3768.T,556.0,2026-09-30
6239.T,1445.0,2026-09-30
483A.T,2141.0,2026-09-30
4240.T,302.0,2026-09-30
9651.T,1986.0,2026-09-30
9258.T,301.0,2026-09-30
1301.T,4620.0,2026-09-30
4521.T,3850.0,2026-09-30
6336.T,1481.0,2026-09-30
2612.T,2858.0,2026-09-30
8918.T,11.0,2026-09-30
8081.T,2610.0,2026-09-30
3680.T,206.0,2026-09-30
9345.T,588.0,2026-09-30
6082.T,985.0,2026-09-30
7545.T,1961.0,2026-09-30
4072.T,3150.0,2026-09-30
6989.T,2383.0,2026-09-30
550A.T,2259.0,2026-09-30
7844.T,532.0,2026-09-30
6874.T,2361.0,2026-09-30
6137.T,1538.0,2026-09-30
4998.T,1164.0,2026-09-30
3461.T,577.0,2026-09-30
7254.T,820.0,2026-09-30
8078.T,1889.0,2026-09-30
1450.T,1504.0,2026-09-30
3020.T,4985.0,2026-09-30
7050.T,1468.0,2026-09-30
3841.T,1301.0,2026-09-30
9376.T,791.0,2026-09-30
1928.T,3361.0,2026-09-30
4172.T,2285.0,2026-09-30
6050.T,1690.0,2026-09-30
7240.T,3029.0,2026-09-29
1966.T,1740.0,2026-09-30
5990.T,1930.0,2026-09-29
8613.T,1252.0,2026-09-30
2461.T,387.0,2026-09-30
6635.T,670.0,2026-09-30
5356.T,1257.0,2026-09-30
7114.T,817.0,2026-09-30
4093.T,432.0,2026-09-30
2415.T,1612.0,2026-09-30
7595.T,1227.0,2026-09-30
1377.T,4295.0,2026-09-30
423A.T,319.0,2026-09-30
8887.T,364.0,2026-09-30
7239.T,2326.0,2026-09-30
1787.T,5620.0,2026-09-29
5535.T,282.0,2026-09-30
4017.T,208.0,2026-09-30
6630.T,776.0,2026-09-30
4378.T,467.0,2026-09-30
5138.T,439.0,2026-09-30
3965.T,858.0,2026-09-30
2750.T,1329.0,2026-09-30
5950.T,151.0,2026-09-30
5702.T,1805.0,2026-09-30
7276.T,2721.5,2026-09-30
5018.T,2349.0,2026-09-30
9987.T,2595.0,2026-09-30
5659.T,1395.0,2026-09-30
8927.T,509.0,2026-09-30
2493.T,960.0,2026-09-30
5423.T,1680.0,2026-09-30
2186.T,901.0,2026-09-30
2475.T,1737.0,2026-09-30
5273.T,2047.0,2026-09-30
7222.T,939.0,2026-09-30
6307.T,467.0,2026-09-30
6824.T,3965.0,2026-09-30
2722.T,361.0,2026-09-30
2733.T,2606.0,2026-09-30
3490.T,3065.0,2026-09-30
4362.T,2631.0,2026-09-30
6888.T,502.0,2026-09-30
2122.T,1348.0,2026-09-30
9709.T,1238.0,2026-09-30
3059.T,710.0,2026-09-30
6995.T,3095.0,2026-09-30
4027.T,2327.0,2026-09-30
6459.T,1661.0,2026-09-30
3598.T,158.0,2026-09-30
9856.T,1201.0,2026-09-30
3245.T,963.0,2026-09-30
6351.T,2580.0,2026-09-30
1967.T,2179.0,2026-09-30
4178.T,823.0,2026-09-30
4249.T,2823.0,2026-09-30
3183.T,1257.0,2026-09-30
3950.T,1446.0,2026-09-30
4951.T,1507.0,2026-09-30
3624.T,89.0,2026-09-30
9715.T,3500.0,2026-09-30
6850.T,1780.0,2026-09-30
2784.T,2276.0,2026-09-30
4977.T,1188.0,2026-09-30
442A.T,818.0,2026-09-30
7863.T,936.0,2026-09-30
6662.T,228.0,2026-09-30
4881.T,48.0,2026-09-30
6677.T,3185.0,2026-09-30
2916.T,731.0,2026-09-30
3201.T,1953.0,2026-09-30
9273.T,767.0,2026-09-30
1382.T,802.0,2026-09-30
547A.T,436.0,2026-09-30
5602.T,1627.0,2026-09-30
1992.T,2962.0,2026-09-30
1941.T,5110.0,2026-09-30
2815.T,5060.0,2026-09-30
6663.T,308.0,2026-09-30
5590.T,725.0,2026-09-30
7927.T,2371.0,2026-09-30
5445.T,2008.0,2026-09-30
8624.T,1663.0,2026-09-30
7172.T,2145.0,2026-09-30
8508.T,798.0,2026-09-30
6198.T,200.0,2026-09-29
8065.T,2950.0,2026-09-30
4882.T,167.0,2026-09-30
7270.T,2550.0,2026-09-30
6466.T,4260.0,2026-09-30
2477.T,3245.0,2026-09-30
8934.T,2303.0,2026-09-30
6340.T,5560.0,2026-09-30
8928.T,2320.0,2026-09-30
3678.T,1194.0,2026-09-30
9629.T,1549.0,2026-09-30
2152.T,1526.0,2026-09-30
7949.T,2787.0,2026-09-30
7673.T,1713.0,2026-09-30
7803.T,436.0,2026-09-30
3172.T,1129.0,2026-09-30
6333.T,3580.0,2026-09-30
3963.T,331.0,2026-09-30
5035.T,370.0,2026-09-30
9127.T,3470.0,2026-09-30
6391.T,4930.0,2026-09-30
9212.T,276.0,2026-09-30
2915.T,1980.0,2026-09-30
7231.T,3100.0,2026-09-30
9849.T,4460.0,2026-09-30
4667.T,1120.0,2026-09-30
6070.T,2575.0,2026-09-30
6932.T,2567.0,2026-09-30
8051.T,1933.0,2026-09-30
5463.T,1673.5,2026-09-30
5563.T,444.0,2026-09-30
6167.T,1014.0,2026-09-30
5947.T,3397.0,2026-09-30
4526.T,3145.0,2026-09-30
9225.T,964.0,2026-09-30
5941.T,2699.0,2026-09-30
5868.T,1059.0,2026-09-30
9768.T,3815.0,2026-09-30
1938.T,2589.0,2026-09-30
9930.T,390.0,2026-09-30
5185.T,1990.0,2026-09-30
7480.T,3830.0,2026-09-30
1720.T,1205.0,2026-09-30
9265.T,3730.0,2026-09-30
1435.T,178.0,2026-09-30
2332.T,1770.0,2026-09-30
5192.T,4200.0,2026-09-30
5973.T,610.0,2026-09-30
6191.T,1422.0,2026-09-30
2737.T,38300.0,2026-09-30
4491.T,3085.0,2026-09-30
6455.T,2452.0,2026-09-30
3333.T,1273.0,2026-09-30
1930.T,1580.0,2026-09-30
4097.T,1203.0,2026-09-30
8704.T,1430.0,2026-09-30
5262.T,1120.0,2026-09-30
2335.T,1055.0,2026-09-30
1662.T,1781.0,2026-09-30
3991.T,960.0,2026-09-30
6272.T,1497.0,2026-09-30
6379.T,988.0,2026-09-30
4914.T,1295.0,2026-09-30
4220.T,2301.0,2026-09-30
6803.T,99.0,2026-09-30
4310.T,2549.0,2026-09-30
6203.T,2444.0,2026-09-30
7976.T,3470.0,2026-09-30
1852.T,885.0,2026-09-30
2341.T,179.0,2026-09-30
7864.T,3305.0,2026-09-30
4012.T,1785.0,2026-09-30
4465.T,2425.0,2026-09-30
7702.T,454.0,2026-09-30
2305.T,1827.0,2026-09-30
5268.T,841.0,2026-09-30
6770.T,2224.5,2026-09-30
6395.T,1346.0,2026-09-30
6675.T,2145.0,2026-09-30
206A.T,167.0,2026-09-30
2975.T,1397.0,2026-09-30
2342.T,252.0,2026-09-30
6788.T,5250.0,2026-09-30
4053.T,532.0,2026-09-30
4516.T,3442.0,2026-09-30
3934.T,2310.0,2026-09-30
4750.T,567.0,2026-09-30
6143.T,1717.0,2026-09-30
2114.T,640.0,2026-09-30
4577.T,1324.0,2026-09-30
3773.T,1054.0,2026-09-30
4956.T,1479.0,2026-09-30
4284.T,455.0,2026-09-30
4792.T,1720.0,2026-09-30
6381.T,1880.0,2026-09-30
7921.T,4145.0,2026-09-30
6339.T,1161.0,2026-09-30
9438.T,605.0,2026-09-30
3465.T,3150.0,2026-09-30
6643.T,5550.0,2026-09-30
8898.T,1150.0,2026-09-30
9621.T,3290.0,2026-09-30
7255.T,530.0,2026-09-30
4840.T,721.0,2026-09-30
3288.T,7437.0,2026-09-30
3284.T,1231.0,2026-09-30
7717.T,6160.0,2026-09-30
7951.T,1221.0,2026-09-30
1518.T,2263.0,2026-09-30
1814.T,3590.0,2026-09-30
1844.T,442.0,2026-09-30
4238.T,1973.0,2026-09-30
4931.T,1965.0,2026-09-30
9233.T,1142.0,2026-09-30
7514.T,855.0,2026-09-30
4673.T,4915.0,2026-09-30
137A.T,706.0,2026-09-30
3918.T,1193.0,2026-09-30
4167.T,342.0,2026-09-30
4922.T,5514.0,2026-09-30
2325.T,4575.0,2026-09-30
6772.T,1030.0,2026-09-30
3834.T,599.0,2026-09-30
3445.T,6220.0,2026-09-30
2876.T,469.0,2026-09-30
6853.T,791.0,2026-09-30
2292.T,2687.0,2026-09-30
9782.T,3275.0,2026-09-30
2169.T,1765.0,2026-09-30
4595.T,1734.0,2026-09-30
2907.T,1530.0,2026-09-30
6250.T,4300.0,2026-09-30
5011.T,2279.0,2026-09-30
6822.T,4995.0,2026-09-30
3042.T,298.0,2026-09-30
6420.T,3435.0,2026-09-30
8227.T,3277.0,2026-09-30
2454.T,336.0,2026-09-30
4317.T,573.0,2026-09-30
6546.T,1189.0,2026-09-30
7217.T,457.0,2026-09-30
6535.T,501.0,2026-09-30
6392.T,7960.0,2026-09-29
9687.T,1522.0,2026-09-30
5126.T,1449.0,2026-09-30
5484.T,4445.0,2026-09-29
2652.T,419.0,2026-09-30
9904.T,236.0,2026-09-30
4891.T,128.0,2026-09-30
7725.T,1829.0,2026-09-30
302A.T,605.0,2026-09-30
4334.T,382.0,2026-09-30
6238.T,1411.0,2026-09-30
4668.T,756.0,2026-09-30
6378.T,1189.0,2026-09-30
8285.T,811.0,2026-09-30
7095.T,1150.0,2026-09-30
4218.T,1895.0,2026-09-30
6849.T,1601.5,2026-09-30
1827.T,1580.0,2026-09-30
7072.T,1111.0,2026-09-30
4958.T,3365.0,2026-09-30
7942.T,3005.0,2026-09-30
7981.T,3035.0,2026-09-30
6786.T,47.0,2026-09-30
1491.T,719.0,2026-09-30
7846.T,2100.0,2026-09-30
6750.T,1974.0,2026-09-30
4586.T,58.0,2026-09-30
8129.T,3954.0,2026-09-30
1381.T,3560.0,2026-09-30
6908.T,2948.0,2026-09-30
2438.T,349.0,2026-09-30
7500.T,11000.0,2026-09-30
2670.T,2725.5,2026-09-30
4599.T,170.0,2026-09-30
4025.T,5770.0,2026-09-30
6190.T,317.0,2026-09-30
3904.T,428.0,2026-09-30
5974.T,846.0,2026-09-30
6929.T,3665.0,2026-09-30
8518.T,149.0,2026-09-30
4694.T,3645.0,2026-09-30
4248.T,881.0,2026-09-30
1968.T,2476.0,2026-09-30
7377.T,1735.0,2026-09-30
9729.T,2498.0,2026-09-30
6432.T,7300.0,2026-09-30
9763.T,1266.0,2026-09-30
8614.T,701.0,2026-09-30
4424.T,309.0,2026-09-30
3138.T,1170.0,2026-09-30
4391.T,1125.0,2026-09-30
6518.T,1724.0,2026-09-30
1934.T,2566.0,2026-09-30
2183.T,205.0,2026-09-30
4427.T,224.0,2026-09-30
1861.T,1264.0,2026-09-30
6332.T,2601.0,2026-09-30
4416.T,406.0,2026-09-30
7883.T,458.0,2026-09-30
6369.T,2367.0,2026-09-30
9107.T,3326.0,2026-09-30
6138.T,2072.0,2026-09-30
7277.T,328.0,2026-09-30
1433.T,1189.0,2026-09-30
3623.T,1281.0,2026-09-30
2301.T,1755.0,2026-09-30
4251.T,1192.0,2026-09-30
9837.T,1819.0,2026-09-30
7506.T,1373.0,2026-09-30
9692.T,2225.0,2026-09-30
8012.T,1163.5,2026-09-30
1950.T,4015.0,2026-09-30
6875.T,11240.0,2026-09-30
3909.T,206.0,2026-09-30
1870.T,2121.0,2026-09-30
3723.T,2681.0,2026-09-30
2981.T,2255.0,2026-09-30
6877.T,5800.0,2026-09-30
7042.T,701.0,2026-09-30
1904.T,1265.0,2026-09-30
3842.T,1370.0,2026-09-30
6140.T,1125.0,2026-09-30
6081.T,142.0,2026-09-30
1929.T,1211.0,2026-09-30
9605.T,5920.0,2026-09-30
6620.T,643.0,2026-09-30
6287.T,2697.0,2026-09-30
7038.T,588.0,2026-09-30
4401.T,4605.0,2026-09-30
6306.T,1011.0,2026-09-30
9612.T,1255.0,2026-09-30
7811.T,2297.0,2026-09-30
3625.T,739.0,2026-09-30
1982.T,3190.0,2026-09-30
7986.T,1914.0,2026-09-30
2669.T,3910.0,2026-09-30
3242.T,540.0,2026-09-30
3035.T,780.0,2026-09-30
6199.T,1346.0,2026-09-30
4042.T,2630.0,2026-09-30
4849.T,1747.0,2026-09-30
166A.T,1008.0,2026-09-30
3998.T,288.0,2026-09-30
9242.T,1974.0,2026-09-30
264A.T,295.0,2026-09-30
6458.T,1210.0,2026-09-30
7413.T,2900.0,2026-09-30
542A.T,1086.0,2026-09-30
3001.T,3035.0,2026-09-30
3486.T,2015.0,2026-09-30
3467.T,2820.0,2026-09-30
8037.T,4725.0,2026-09-30
4064.T,3715.0,2026-09-30
5355.T,666.0,2026-09-30
9165.T,1825.0,2026-09-30
7990.T,2370.0,2026-09-30
7984.T,868.2,2026-09-30
3733.T,11500.0,2026-09-30
9740.T,2653.0,2026-09-30
8157.T,4240.0,2026-09-30
4206.T,4224.0,2026-09-30
7226.T,2213.0,2026-09-30
1663.T,1920.0,2026-09-30
7309.T,17825.0,2026-09-30
2136.T,1420.0,2026-09-30
5444.T,12230.0,2026-09-30
6612.T,583.0,2026-09-30
4929.T,742.0,2026-09-30
9743.T,1404.0,2026-09-30
177A.T,827.0,2026-09-30
6648.T,1664.0,2026-09-30
3926.T,430.0,2026-09-30
7244.T,558.0,2026-09-30
3371.T,2178.0,2026-09-30
4052.T,1149.0,2026-09-30
3195.T,459.0,2026-09-30
4262.T,1390.0,2026-09-30
4634.T,5090.0,2026-09-30
6255.T,711.0,2026-09-30
6470.T,1155.0,2026-09-30
7416.T,680.0,2026-09-30
6277.T,6420.0,2026-09-30
343A.T,1287.0,2026-09-30
6185.T,366.0,2026-09-30
7284.T,1169.0,2026-09-30
5965.T,1198.0,2026-09-30
3817.T,4760.0,2026-09-30
4479.T,954.0,2026-09-30
387A.T,922.0,2026-09-30
9240.T,378.0,2026-09-30
1783.T,71.0,2026-09-30
2296.T,4865.0,2026-09-30
4114.T,2537.5,2026-09-30
6171.T,373.0,2026-09-30
4633.T,2641.0,2026-09-30
5367.T,1463.0,2026-09-30
265A.T,760.0,2026-09-30
6633.T,312.0,2026-09-30
3107.T,3720.0,2026-09-30
4044.T,4470.0,2026-09-30
3996.T,222.0,2026-09-30
8079.T,4375.0,2026-09-30
3969.T,1392.0,2026-09-30
7819.T,961.0,2026-09-30
415A.T,5500.0,2026-09-30
6586.T,5317.0,2026-09-30
7057.T,905.0,2026-09-29
9347.T,2850.0,2026-09-30
3028.T,2335.0,2026-09-30
4886.T,2056.0,2026-09-30
7596.T,2249.0,2026-09-30
3181.T,1059.0,2026-09-30
3132.T,4232.0,2026-09-30
410A.T,1274.0,2026-09-30
3659.T,2633.0,2026-09-30
5970.T,2262.0,2026-09-30
9036.T,1201.0,2026-09-30
9401.T,5687.0,2026-09-30
3675.T,593.0,2026-09-30
5888.T,2770.0,2026-09-30
4198.T,510.0,2026-09-30
3070.T,44.0,2026-09-30
3912.T,1093.0,2026-09-30
4031.T,1068.0,2026-09-30
3374.T,4915.0,2026-09-30
2498.T,3010.0,2026-09-30
7102.T,3635.0,2026-09-30
4440.T,2497.0,2026-09-30
6363.T,2957.0,2026-09-30
7856.T,2079.0,2026-09-30
5284.T,2243.0,2026-09-30
1438.T,2204.0,2026-09-30
9788.T,510.0,2026-09-30
1979.T,3780.0,2026-09-30
6424.T,885.0,2026-09-30
2370.T,24.0,2026-09-30
4124.T,2985.0,2026-09-30
3945.T,2198.0,2026-09-30
1882.T,1578.0,2026-09-30
3858.T,329.0,2026-09-30
7374.T,1502.0,2026-09-30
2433.T,1303.0,2026-09-30
4892.T,668.0,2026-09-30
6902.T,1850.0,2026-09-30
4205.T,2432.0,2026-09-30
4078.T,3695.0,2026-09-30
7049.T,769.0,2026-09-30
7979.T,2216.0,2026-09-30
7608.T,961.0,2026-09-30
4028.T,2845.0,2026-09-30
7505.T,1974.0,2026-09-30
4687.T,1072.0,2026-09-30
7911.T,2362.5,2026-09-30
3569.T,3295.0,2026-09-30
7360.T,608.0,2026-09-30
5936.T,896.0,2026-09-30
5013.T,3135.0,2026-09-30
7048.T,147.0,2026-09-30
4113.T,823.0,2026-09-30
3915.T,2224.0,2026-09-30
1808.T,2630.5,2026-09-30
4488.T,2052.0,2026-09-30
1717.T,931.0,2026-09-30
4826.T,533.0,2026-09-30
4197.T,2394.0,2026-09-30
4447.T,481.0,2026-09-30
4884.T,501.0,2026-09-30
5244.T,182.0,2026-09-30
5161.T,3535.0,2026-09-30
6859.T,4025.0,2026-09-30
2060.T,1442.0,2026-09-30
7943.T,2904.0,2026-09-30
7836.T,73.0,2026-09-30
4642.T,1401.0,2026-09-30
4664.T,1126.0,2026-09-30
2440.T,121.0,2026-09-30
3648.T,1045.0,2026-09-30
6223.T,1943.0,2026-09-30
3662.T,952.0,2026-09-30
9716.T,1226.0,2026-09-30
2480.T,1751.0,2026-09-30
3937.T,1141.0,2026-09-30
7963.T,1797.0,2026-09-30
4445.T,1800.0,2026-09-30
7043.T,940.0,2026-09-30
4272.T,2107.0,2026-09-30
6371.T,2646.0,2026-09-30
6145.T,2680.0,2026-09-30
9934.T,3101.0,2026-09-30
2436.T,591.0,2026-09-30
2003.T,1878.0,2026-09-30
5834.T,2835.0,2026-09-30
9467.T,1074.0,2026-09-30
4685.T,2772.0,2026-09-30
4662.T,1616.0,2026-09-30
1813.T,2969.0,2026-09-30
6090.T,618.0,2026-09-30
2311.T,794.0,2026-09-30
5821.T,3225.0,2026-09-30
9702.T,2500.0,2026-09-30
4926.T,1246.0,2026-09-30
4335.T,1077.0,2026-09-30
2910.T,1376.0,2026-09-30
241A.T,425.0,2026-09-30
4263.T,436.0,2026-09-30
1736.T,2500.0,2026-09-30
4169.T,266.0,2026-09-30
4414.T,1140.0,2026-09-30
7058.T,3025.0,2026-09-30
9213.T,1048.0,2026-09-30
4008.T,1500.0,2026-09-30
2207.T,3335.0,2026-09-30
2676.T,2042.0,2026-09-30
4671.T,2700.0,2026-09-30
1766.T,13060.0,2026-09-30
5589.T,2970.0,2026-09-30
6029.T,191.0,2026-09-30
6289.T,2011.0,2026-09-30
3988.T,553.0,2026-09-30
7609.T,4205.0,2026-09-30
7917.T,1223.0,2026-09-30
2120.T,234.0,2026-09-30
3907.T,1929.0,2026-09-30
3076.T,2972.0,2026-09-30
7980.T,859.0,2026-09-30
2602.T,2014.0,2026-09-30
6294.T,1936.0,2026-09-30
4361.T,1646.0,2026-09-30
9543.T,1307.0,2026-09-30
4068.T,1807.0,2026-09-30
5729.T,1681.0,2026-09-30
4476.T,1094.0,2026-09-30
3835.T,427.0,2026-09-30
2983.T,1619.0,2026-09-30
6644.T,1449.0,2026-09-30
7970.T,2402.0,2026-09-30
7211.T,351.1,2026-09-30
7687.T,459.0,2026-09-30
9244.T,1241.0,2026-09-30
2359.T,2064.0,2026-09-30
5121.T,2975.0,2026-09-30
6448.T,4591.0,2026-09-30
2930.T,131.0,2026-09-30
2437.T,618.0,2026-09-30
2488.T,1427.0,2026-09-30
4212.T,2886.0,2026-09-30
1719.T,1829.0,2026-09-30
7148.T,1642.0,2026-09-30
3974.T,659.0,2026-09-30
7438.T,1786.0,2026-09-30
4464.T,4050.0,2026-09-30
4832.T,1907.0,2026-09-30
157A.T,780.0,2026-09-30
7727.T,949.0,2026-09-30
4041.T,3695.0,2026-09-30
2767.T,2530.0,2026-09-30
3361.T,910.0,2026-09-30
7988.T,2399.0,2026-09-30
4814.T,162.0,2026-09-30
261A.T,2010.0,2026-09-30
9558.T,2003.0,2026-09-30
9982.T,2807.0,2026-09-30
4346.T,968.0,2026-09-30
6408.T,4280.0,2026-09-30
2391.T,1170.0,2026-09-30
5025.T,585.0,2026-09-30
6659.T,44.0,2026-09-30
7343.T,1306.0,2026-09-30
2790.T,2050.0,2026-09-30
2982.T,417.0,2026-09-30
6328.T,2460.0,2026-09-30
7513.T,1463.0,2026-09-30
8005.T,1759.0,2026-09-30
8022.T,4085.0,2026-09-30
4462.T,2915.0,2026-09-30
6554.T,1115.0,2026-09-30
291A.T,2015.0,2026-09-30
4746.T,1986.0,2026-09-30
9219.T,906.0,2026-09-30
3608.T,1208.0,2026-09-30
3440.T,866.0,2026-09-30
9214.T,1276.0,2026-09-30
3970.T,824.0,2026-09-30
7744.T,2007.0,2026-09-30
7555.T,741.0,2026-09-30
6073.T,1416.0,2026-09-30
7575.T,1513.0,2026-09-30
5208.T,2770.0,2026-09-30
5015.T,1001.0,2026-09-30
7971.T,680.0,2026-09-30
7358.T,1762.0,2026-09-30
4380.T,700.0,2026-09-30
1952.T,3145.0,2026-09-30
9663.T,4820.0,2026-09-30
3548.T,651.0,2026-09-30
472A.T,558.0,2026-09-30
4574.T,254.0,2026-09-30
4221.T,5690.0,2026-09-30
9332.T,670.0,2026-09-30
6823.T,3370.0,2026-09-30
6356.T,1391.0,2026-09-30
3002.T,4050.0,2026-09-30
8841.T,991.0,2026-09-30
2594.T,1991.0,2026-09-30
6094.T,514.0,2026-09-30
2810.T,4045.0,2026-09-30
1945.T,2130.0,2026-09-30
9468.T,3698.0,2026-09-30
6193.T,1092.0,2026-09-30
4496.T,746.0,2026-09-30
3947.T,2550.0,2026-09-30
6798.T,3335.0,2026-09-30
4686.T,4385.0,2026-09-30
7707.T,212.0,2026-09-30
3280.T,939.0,2026-09-30
3917.T,500.0,2026-09-30
9791.T,1176.0,2026-09-30
4763.T,1543.0,2026-09-30
7066.T,439.0,2026-09-30
5195.T,2494.0,2026-09-30
4743.T,1610.0,2026-09-30
9742.T,2213.0,2026-09-30
6731.T,98.0,2026-09-30
2978.T,315.0,2026-09-30
4617.T,3600.0,2026-09-30
149A.T,818.0,2026-09-30
4439.T,830.0,2026-09-30
6925.T,4030.0,2026-09-30
9632.T,4170.0,2026-09-30
416A.T,1342.0,2026-09-30
7060.T,606.0,2026-09-30
4507.T,2870.5,2026-09-30
3779.T,120.0,2026-09-30
4674.T,1923.0,2026-09-30
7875.T,876.0,2026-09-30
5139.T,944.0,2026-09-30
6413.T,1035.0,2026-09-30
3179.T,1329.0,2026-09-30
5901.T,4429.0,2026-09-30
6960.T,11650.0,2026-09-30
4216.T,7100.0,2026-09-30
4486.T,685.0,2026-09-30
6357.T,2711.0,2026-09-30
7093.T,611.0,2026-09-30
3667.T,28.0,2026-09-30
2286.T,903.0,2026-09-30
2148.T,1145.0,2026-09-30
9340.T,804.0,2026-09-30
8908.T,890.0,2026-09-30
6563.T,456.0,2026-09-30
4020.T,850.0,2026-09-30
480A.T,1021.0,2026-09-30
8074.T,6250.0,2026-09-30
2708.T,1880.0,2026-09-30
6460.T,3327.0,2026-09-30
5987.T,1650.0,2026-09-30
4290.T,682.0,2026-09-30
3151.T,1557.0,2026-09-30
334A.T,1200.0,2026-09-30
9101.T,7212.0,2026-09-30
5949.T,1307.0,2026-09-30
7893.T,1081.0,2026-09-30
4845.T,346.0,2026-09-30
3672.T,28.0,2026-09-30
5570.T,607.0,2026-09-30
5582.T,2138.0,2026-09-30
6093.T,163.0,2026-09-30
6904.T,954.0,2026-09-30
1963.T,2277.0,2026-09-30
7822.T,258.0,2026-09-30
6135.T,3085.0,2026-09-30
4428.T,701.0,2026-09-30
332A.T,1222.0,2026-09-30
4973.T,4860.0,2026-09-30
7637.T,3585.0,2026-09-30
9381.T,2318.0,2026-09-30
5922.T,20010.0,2026-09-29
3153.T,3085.0,2026-09-30
9346.T,1884.0,2026-09-30
4074.T,800.0,2026-09-30
5471.T,2502.0,2026-09-30
2307.T,1048.0,2026-09-30
4450.T,2380.0,2026-09-30
1885.T,2112.0,2026-09-30
3004.T,2036.0,2026-09-30
7715.T,4375.0,2026-09-30
5331.T,3650.0,2026-09-30
7522.T,873.0,2026-09-30
6266.T,3965.0,2026-09-30
9353.T,2980.0,2026-09-30
4175.T,2888.0,2026-09-30
2266.T,1111.0,2026-09-30
7740.T,1357.0,2026-09-30
1871.T,2157.0,2026-09-30
6486.T,3005.0,2026-09-29
4045.T,1820.0,2026-09-30
2429.T,2842.0,2026-09-30
7745.T,2974.0,2026-09-30
3106.T,2352.0,2026-09-30
340A.T,333.0,2026-09-30
6298.T,1243.0,2026-09-30
6087.T,3340.0,2026-09-30
6436.T,3797.0,2026-09-30
7731.T,1937.0,2026-09-30
5247.T,570.0,2026-09-30
6080.T,4235.0,2026-09-30
2926.T,116.0,2026-09-30
6044.T,1882.0,2026-09-30
7138.T,148.0,2026-09-30
4370.T,407.0,2026-09-30
6835.T,274.0,2026-09-30
3686.T,60.0,2026-09-30
6837.T,414.0,2026-09-30
5134.T,457.0,2026-09-30
4477.T,336.0,2026-09-30
1414.T,1260.0,2026-09-30
3865.T,885.0,2026-09-30
6046.T,143.0,2026-09-30
1718.T,2303.0,2026-09-30
3920.T,980.0,2026-09-30
2689.T,1925.0,2026-09-30
2892.T,4685.0,2026-09-30
3836.T,1185.0,2026-09-30
3173.T,1484.0,2026-09-30
9405.T,813.0,2026-09-30
3560.T,5140.0,2026-09-30
1418.T,600.0,2026-09-30
7912.T,2952.0,2026-09-30
5071.T,1393.0,2026-09-30
6176.T,990.0,2026-09-30
7078.T,338.0,2026-09-30
4420.T,818.0,2026-09-30
6258.T,3835.0,2026-09-30
3452.T,1455.0,2026-09-30
3925.T,1307.0,2026-09-30
9551.T,3095.0,2026-09-30
4576.T,77.0,2026-09-30
4046.T,1985.0,2026-09-30
9765.T,1209.0,2026-09-30
3844.T,1276.0,2026-09-30
5288.T,1463.0,2026-09-30
6113.T,2553.5,2026-09-30
3036.T,3430.0,2026-09-30
2811.T,2639.0,2026-09-30
2764.T,166.0,2026-09-30
2173.T,778.0,2026-09-30
3475.T,1476.0,2026-09-30
5867.T,1381.0,2026-09-30
9790.T,2971.0,2026-09-30
4641.T,876.0,2026-09-30
9832.T,1552.0,2026-09-30
9610.T,106.0,2026-09-30
4366.T,486.0,2026-09-30
6331.T,3295.0,2026-09-30
3798.T,533.0,2026-09-30
7456.T,6840.0,2026-09-30
4733.T,8013.0,2026-09-30
3634.T,595.0,2026-09-30
4318.T,842.0,2026-09-30
7779.T,236.0,2026-09-30
3169.T,695.0,2026-09-30
6952.T,2165.5,2026-09-30
1939.T,2296.0,2026-09-30
5644.T,7280.0,2026-09-30
5851.T,2761.0,2026-09-30
9869.T,6600.0,2026-09-30
6347.T,249.0,2026-09-30
190A.T,69.0,2026-09-30
8117.T,2143.0,2026-09-30
6035.T,733.0,2026-09-30
7552.T,5190.0,2026-09-30
2294.T,2485.0,2026-09-30
7994.T,2257.0,2026-09-30
7476.T,2476.0,2026-09-30
5599.T,1079.0,2026-09-30
7490.T,2192.0,2026-09-30
6273.T,72120.0,2026-09-30
3542.T,1561.0,2026-09-30
1833.T,5460.0,2026-09-30
7809.T,1323.0,2026-09-30
7987.T,556.0,2026-09-30
8130.T,3150.0,2026-09-30
6180.T,3780.0,2026-09-30
8061.T,3035.0,2026-09-30
9640.T,1947.0,2026-09-30
2760.T,4510.0,2026-09-30
6237.T,4085.0,2026-09-30
7269.T,1988.5,2026-09-30
5133.T,308.0,2026-09-30
2206.T,4983.0,2026-09-30
1434.T,1675.0,2026-09-30
5033.T,1250.0,2026-09-30
4972.T,4575.0,2026-09-30
4204.T,2512.5,2026-09-30
1721.T,5470.0,2026-09-30
4665.T,4645.0,2026-09-30
2327.T,3784.0,2026-09-30
6284.T,8450.0,2026-09-30
9236.T,1462.0,2026-09-30
7734.T,3520.0,2026-09-30
2001.T,2835.0,2026-09-30
4344.T,104.0,2026-09-30
1926.T,987.0,2026-09-30
6961.T,10090.0,2026-09-30
7821.T,1952.0,2026-09-30
7610.T,138.0,2026-09-30
6744.T,3930.0,2026-09-30
2922.T,1977.0,2026-09-30
5930.T,1858.0,2026-09-30
5942.T,689.0,2026-09-30
5955.T,82.0,2026-09-30
5250.T,1098.0,2026-09-29
1444.T,2846.0,2026-09-30
3984.T,1545.0,2026-09-30
9087.T,2155.0,2026-09-29
2002.T,1977.5,2026-09-30
6516.T,5490.0,2026-09-30
6814.T,7630.0,2026-09-30
7131.T,3845.0,2026-09-30
9319.T,1771.0,2026-09-30
1401.T,1643.0,2026-09-30
5975.T,3355.0,2026-09-30
4433.T,848.0,2026-09-30
3657.T,354.0,2026-09-30
8275.T,1039.0,2026-09-30
9684.T,2900.5,2026-09-30
5242.T,2305.0,2026-09-30
9368.T,942.0,2026-09-30
7414.T,1402.0,2026-09-30
3156.T,6090.0,2026-09-30
6840.T,866.0,2026-09-30
6810.T,2581.0,2026-09-30
4326.T,1945.0,2026-09-30
3252.T,2764.0,2026-09-30
7683.T,1421.0,2026-09-30
2315.T,70.0,2026-09-30
3983.T,1891.0,2026-09-30
3935.T,743.0,2026-09-30
6579.T,335.0,2026-09-30
3656.T,182.0,2026-09-30
9830.T,2379.0,2026-09-30
6013.T,2977.0,2026-09-30
9474.T,905.0,2026-09-30
4261.T,2987.0,2026-09-30
9685.T,575.0,2026-09-30
4395.T,731.0,2026-09-30
3489.T,766.0,2026-09-30
7974.T,7944.0,2026-09-30
8739.T,2645.0,2026-09-30
7874.T,954.0,2026-09-30
6653.T,2128.0,2026-09-30
4421.T,904.0,2026-09-30
8008.T,2088.0,2026-09-30
6136.T,3597.0,2026-09-30
7246.T,996.0,2026-09-30
4927.T,1362.0,2026-09-30
6728.T,7932.0,2026-09-30
7080.T,893.0,2026-09-30
3040.T,2634.0,2026-09-30
2432.T,2514.0,2026-09-30
500A.T,3445.0,2026-09-30
6928.T,3290.0,2026-09-30
6195.T,205.0,2026-09-30
6947.T,5100.0,2026-09-30
5279.T,1227.0,2026-09-30
6668.T,4405.0,2026-09-30
7504.T,4545.0,2026-09-30
478A.T,742.0,2026-09-30
3645.T,259.0,2026-09-30
7242.T,1559.0,2026-09-30
2004.T,3730.0,2026-09-30
3180.T,1629.0,2026-09-30
9564.T,545.0,2026-09-30
7325.T,696.0,2026-09-30
368A.T,1427.0,2026-09-30
3929.T,248.0,2026-09-30
1965.T,2342.0,2026-09-30
6177.T,87.0,2026-09-30
2326.T,4900.0,2026-09-30
6543.T,1182.0,2026-09-30
2986.T,2909.0,2026-09-30
520A.T,402.0,2026-09-30
3690.T,546.0,2026-09-30
3457.T,879.0,2026-09-30
4057.T,346.0,2026-09-30
8060.T,3690.0,2026-09-30
6045.T,2250.0,2026-09-30
3652.T,3250.0,2026-09-30
7278.T,5800.0,2026-09-30
1975.T,3865.0,2026-09-30
2674.T,2562.0,2026-09-30
2303.T,1342.0,2026-09-30
6317.T,2553.0,2026-09-30
6144.T,2736.0,2026-09-30
2586.T,61.0,2026-09-30
5310.T,7590.0,2026-09-30
7282.T,1038.5,2026-09-30
3771.T,1870.0,2026-09-30
7775.T,417.0,2026-09-30
2109.T,3840.0,2026-09-30
7353.T,506.0,2026-09-30
1959.T,8064.0,2026-09-30
2782.T,4655.0,2026-09-30
6302.T,5996.0,2026-09-30
6951.T,7641.0,2026-09-30
6807.T,2585.0,2026-09-30
7164.T,3062.0,2026-09-30
9746.T,4020.0,2026-09-30
3985.T,190.0,2026-09-30
4389.T,1197.0,2026-09-30
9416.T,1060.0,2026-09-30
6768.T,915.0,2026-09-30
7373.T,899.0,2026-09-30
3168.T,1288.0,2026-09-30
8007.T,785.0,2026-09-30
3024.T,1233.0,2026-09-30
7110.T,1888.0,2026-09-30
5621.T,1558.0,2026-09-30
6402.T,1636.0,2026-09-30
4768.T,3647.0,2026-09-30
6745.T,1905.0,2026-09-30
7839.T,2112.0,2026-09-30
5714.T,8978.0,2026-09-30
2875.T,9589.0,2026-09-30
6806.T,24790.0,2026-09-30
5933.T,1096.0,2026-09-30
7701.T,4056.0,2026-09-30
8771.T,1738.0,2026-09-30
7781.T,878.0,2026-09-30
3916.T,951.0,2026-09-30
8111.T,2119.0,2026-09-30
7966.T,5890.0,2026-09-30
8131.T,2459.0,2026-09-30
3087.T,3215.0,2026-09-30
9682.T,1128.0,2026-09-30
3566.T,724.0,2026-09-30
3640.T,2730.0,2026-09-30
6560.T,1775.0,2026-09-30
6480.T,1872.0,2026-09-30
6638.T,2174.0,2026-09-30
5162.T,803.0,2026-09-30
6578.T,485.0,2026-09-30
5290.T,1239.0,2026-09-30
3921.T,1613.0,2026-09-30
7064.T,1026.0,2026-09-30
6492.T,15980.0,2026-09-30
3776.T,270.0,2026-09-30
2805.T,7280.0,2026-09-30
9537.T,4305.0,2026-09-29
6465.T,5255.0,2026-09-30
6724.T,3274.0,2026-09-30
6914.T,3260.0,2026-09-30
3080.T,839.0,2026-09-30
7035.T,229.0,2026-09-30
3900.T,677.0,2026-09-30
9889.T,1728.0,2026-09-30
1944.T,6839.0,2026-09-30
3441.T,1722.0,2026-09-30
8218.T,3720.0,2026-09-30
4571.T,99.0,2026-09-30
2924.T,1903.0,2026-09-30
9562.T,597.0,2026-09-30
3676.T,1049.0,2026-09-30
7762.T,2326.0,2026-09-30
8113.T,938.1,2026-09-30
6240.T,515.0,2026-09-30
2659.T,3265.0,2026-09-30
4800.T,1359.0,2026-09-29
4403.T,2537.0,2026-09-30
336A.T,1586.0,2026-09-30
7115.T,1475.0,2026-09-30
6474.T,5560.0,2026-09-30
9644.T,705.0,2026-09-30
3443.T,1375.0,2026-09-30
4187.T,4380.0,2026-09-30
6498.T,2050.0,2026-09-30
1429.T,807.0,2026-09-30
3719.T,117.0,2026-09-30
7823.T,794.0,2026-09-30
4166.T,646.0,2026-09-30
2428.T,621.0,2026-09-30
2813.T,3850.0,2026-09-30
6196.T,1394.0,2026-09-30
9795.T,2206.0,2026-09-30
228A.T,1744.0,2026-09-30
255A.T,5540.0,2026-09-30
3360.T,2448.0,2026-09-30
4274.T,1137.0,2026-09-30
7792.T,1482.0,2026-09-30
4174.T,1130.0,2026-09-30
4932.T,805.0,2026-09-30
9962.T,3859.0,2026-09-30
9364.T,4773.0,2026-09-30
6566.T,1269.0,2026-09-30
4888.T,432.0,2026-09-30
4709.T,1088.0,2026-09-30
6539.T,981.0,2026-09-30
4393.T,6300.0,2026-09-30
7619.T,1011.0,2026-09-30
8153.T,3800.0,2026-09-30
6577.T,1370.0,2026-09-30
3423.T,266.0,2026-09-30
3726.T,336.0,2026-09-30
4919.T,3260.0,2026-09-30
7721.T,7300.0,2026-09-30
150A.T,734.0,2026-09-30
6194.T,950.0,2026-09-30
7224.T,1928.0,2026-09-30
4275.T,1919.0,2026-09-30
4885.T,909.0,2026-09-30
4967.T,6945.0,2026-09-30
2991.T,526.0,2026-09-30
3647.T,116.0,2026-09-30
9824.T,7990.0,2026-09-30
2267.T,2744.0,2026-09-30
2304.T,903.0,2026-09-30
7191.T,1182.0,2026-09-30
6651.T,4340.0,2026-09-30
151A.T,632.0,2026-09-30
6334.T,480.0,2026-09-30
3901.T,1505.0,2026-09-30
3150.T,2393.0,2026-09-30
3444.T,1092.0,2026-09-30
3928.T,238.0,2026-09-30
6988.T,3475.0,2026-09-30
4811.T,920.0,2026-09-30
9331.T,690.0,2026-09-30
4558.T,200.0,2026-09-30
7094.T,1822.0,2026-09-30
1848.T,917.0,2026-09-30
2288.T,2149.0,2026-09-30
9237.T,829.0,2026-09-30
250A.T,1570.0,2026-09-30
2146.T,241.0,2026-09-30
2354.T,1263.0,2026-09-30
6088.T,580.0,2026-09-30
2753.T,1379.0,2026-09-30
4323.T,1848.0,2026-09-30
8115.T,1316.0,2026-09-30
7716.T,1450.0,2026-09-30
7956.T,2040.5,2026-09-30
3922.T,2162.0,2026-09-30
6841.T,4692.0,2026-09-30
6454.T,1843.0,2026-09-30
2573.T,4130.0,2026-09-30
2929.T,713.0,2026-09-30
2112.T,453.0,2026-09-30
5482.T,3040.0,2026-09-30
2139.T,508.0,2026-09-30
4783.T,2500.0,2026-09-30
4013.T,631.0,2026-09-30
4890.T,252.0,2026-09-30
3992.T,436.0,2026-09-30
7014.T,4770.0,2026-09-30
9307.T,999.0,2026-09-30
2751.T,3690.0,2026-09-30
2376.T,769.0,2026-09-30
5533.T,2088.0,2026-09-30
5929.T,3492.0,2026-09-30
4498.T,1125.0,2026-09-30
4933.T,2124.0,2026-09-30
9367.T,2024.0,2026-09-30
3591.T,3685.0,2026-09-30
5257.T,2895.0,2026-09-30
4203.T,8411.0,2026-09-30
3075.T,1703.0,2026-09-30
5721.T,51.0,2026-09-30
7134.T,1421.0,2026-09-30
6184.T,598.0,2026-09-30
3744.T,470.0,2026-09-30
4523.T,4855.0,2026-09-30
9423.T,105.0,2026-09-30
3635.T,1644.0,2026-09-30
5991.T,3447.0,2026-09-30
9735.T,6194.0,2026-09-30
5214.T,4965.0,2026-09-30
2130.T,920.0,2026-09-30
9216.T,1688.0,2026-09-30
4481.T,3180.0,2026-09-30
4722.T,2425.0,2026-09-30
3221.T,3055.0,2026-09-30
4838.T,705.0,2026-09-30
4151.T,2280.0,2026-09-30
6037.T,1094.0,2026-09-30
7832.T,5719.0,2026-09-30
3495.T,2280.0,2026-09-30
5105.T,3870.0,2026-09-30
4528.T,2346.5,2026-09-30
3837.T,1343.0,2026-09-30
3626.T,3933.0,2026-09-30
303A.T,608.0,2026-09-30
4596.T,66.0,2026-09-30
4208.T,3400.0,2026-09-30
4582.T,56.0,2026-09-30
8132.T,7580.0,2026-09-30
3747.T,405.0,2026-09-30
8089.T,1922.0,2026-09-30
1515.T,3275.0,2026-09-30
5256.T,3295.0,2026-09-30
145A.T,882.0,2026-09-30
5269.T,358.0,2026-09-30
2980.T,2298.0,2026-09-30
2531.T,2653.5,2026-09-30
5580.T,1617.0,2026-09-29
4848.T,1826.0,2026-09-30
5572.T,3070.0,2026-09-30
254A.T,1148.0,2026-09-30
4816.T,2964.0,2026-09-30
7793.T,1610.0,2026-09-30
4751.T,1231.5,2026-09-30
3562.T,1581.0,2026-09-30
3116.T,2195.5,2026-09-30
6101.T,5290.0,2026-09-30
3088.T,2436.0,2026-09-30
2208.T,3010.0,2026-09-30
9421.T,540.0,2026-09-30
3649.T,847.0,2026-09-30
9818.T,1553.0,2026-09-30
6235.T,2717.0,2026-09-30
2726.T,1431.0,2026-09-30
5034.T,2553.0,2026-09-30
9941.T,1090.0,2026-09-30
9068.T,3615.0,2026-09-30
476A.T,1660.0,2026-09-29
7183.T,255.0,2026-09-30
5108.T,3871.0,2026-09-30
9256.T,967.0,2026-09-30
7059.T,952.0,2026-09-30
4912.T,1737.0,2026-09-30
9880.T,3635.0,2026-09-30
7867.T,4252.0,2026-09-30
4597.T,31.0,2026-09-30
6658.T,450.0,2026-09-30
4345.T,830.0,2026-09-30
1333.T,1237.5,2026-09-30
1980.T,2959.0,2026-09-30
5031.T,385.0,2026-09-30
2117.T,2809.0,2026-09-30
7570.T,1397.0,2026-09-30
6800.T,4395.0,2026-09-30
2780.T,4585.0,2026-09-30
219A.T,2615.0,2026-09-30
2217.T,1492.0,2026-09-30
5699.T,1559.0,2026-09-30
7694.T,554.0,2026-09-30
8151.T,1869.0,2026-09-30
6134.T,7629.0,2026-09-30
299A.T,1206.0,2026-09-30
3788.T,1992.0,2026-09-30
5337.T,880.0,2026-09-30
350A.T,678.0,2026-09-30
7840.T,1275.0,2026-09-30
146A.T,3615.0,2026-09-30
9928.T,2114.0,2026-09-30
3558.T,1870.0,2026-09-30
3329.T,2136.0,2026-09-30
4193.T,2111.0,2026-09-30
3140.T,1020.0,2026-09-30
6845.T,1445.5,2026-09-30
1921.T,1944.0,2026-09-30
6018.T,6450.0,2026-09-30
4264.T,1384.0,2026-09-30
1898.T,1458.0,2026-09-30
7177.T,1173.0,2026-09-30
4985.T,4640.0,2026-09-30
6994.T,1251.0,2026-09-30
7818.T,1195.0,2026-09-30
4375.T,652.0,2026-09-30
6551.T,611.0,2026-09-30
1969.T,4710.0,2026-09-30
6707.T,6989.0,2026-09-30
4404.T,2211.0,2026-09-30
3791.T,1092.0,2026-09-30
6869.T,1845.0,2026-09-30
6526.T,2097.5,2026-09-30
7357.T,1730.0,2026-09-30
9159.T,1905.0,2026-09-30
3664.T,26.0,2026-09-30
4979.T,2845.0,2026-09-30
4825.T,1984.0,2026-09-30
9948.T,3620.0,2026-09-30
2269.T,4156.0,2026-09-30
5713.T,9911.0,2026-09-30
8929.T,1381.0,2026-09-30
4168.T,789.0,2026-09-30
2809.T,4402.0,2026-09-30
4966.T,20800.0,2026-09-30
2667.T,105.0,2026-09-30
8070.T,1013.0,2026-09-30
5698.T,726.0,2026-09-30
4320.T,1630.0,2026-09-30
7481.T,2588.0,2026-09-30
7033.T,1545.0,2026-09-30
3931.T,1482.0,2026-09-30
5631.T,7293.0,2026-09-30
5703.T,2908.0,2026-09-30
5857.T,3610.0,2026-09-30
6471.T,1098.5,2026-09-30
5869.T,1272.0,2026-09-30
2593.T,3074.0,2026-09-30
3538.T,1040.0,2026-09-30
8105.T,77.0,2026-09-30
4928.T,4480.0,2026-09-30
4658.T,1556.0,2026-09-30
4237.T,341.0,2026-09-30
1417.T,3483.0,2026-09-30
9417.T,335.0,2026-09-30
2331.T,1168.0,2026-09-30
1723.T,2189.0,2026-09-30
6962.T,860.0,2026-09-30
6785.T,3270.0,2026-09-30
7443.T,677.0,2026-09-30
4099.T,2298.0,2026-09-30
4109.T,5300.0,2026-09-30
4820.T,579.0,2026-09-30
6996.T,2563.0,2026-09-30
2410.T,2669.0,2026-09-30
5393.T,3479.0,2026-09-30
7261.T,1112.5,2026-09-30
5574.T,3115.0,2026-09-30
4975.T,5890.0,2026-09-30
2998.T,507.0,2026-09-30
7826.T,11520.0,2026-09-30
1961.T,2633.0,2026-09-30
4579.T,620.0,2026-09-30
6440.T,867.0,2026-09-30
9556.T,2466.0,2026-09-30
7081.T,1281.0,2026-09-29
5027.T,805.0,2026-09-30
4182.T,3884.0,2026-09-30
6617.T,7370.0,2026-09-30
6584.T,784.0,2026-09-30
6775.T,131.0,2026-09-30
479A.T,1991.0,2026-09-30
4527.T,2809.0,2026-09-30
3741.T,3235.0,2026-09-30
7939.T,599.0,2026-09-30
3763.T,2091.0,2026-09-30
2317.T,422.0,2026-09-30
6099.T,718.0,2026-09-30
8139.T,2255.0,2026-09-30
8198.T,3350.0,2026-09-30
4398.T,1431.0,2026-09-30
4575.T,792.0,2026-09-30
2127.T,622.8,2026-09-30
6396.T,4565.0,2026-09-29
6616.T,1952.0,2026-09-30
1840.T,257.0,2026-09-30
4075.T,1402.0,2026-09-30
3393.T,3150.0,2026-09-30
9816.T,260.0,2026-09-30
4812.T,2862.0,2026-09-30
4293.T,505.0,2026-09-30
7606.T,2400.0,2026-09-30
4536.T,1687.0,2026-09-30
4199.T,808.0,2026-09-30
6622.T,2639.0,2026-09-30
3105.T,2643.0,2026-09-30
300A.T,2982.0,2026-09-30
3989.T,1546.0,2026-09-30
324A.T,731.0,2026-09-30
3936.T,130.0,2026-09-30
5586.T,917.0,2026-09-30
7068.T,570.0,2026-09-30
2379.T,1798.0,2026-09-30
4015.T,510.0,2026-09-30
9238.T,359.0,2026-09-30
2459.T,177.0,2026-09-30
4684.T,4959.0,2026-09-30
4118.T,6078.0,2026-09-30
6058.T,1931.0,2026-09-30
335A.T,315.0,2026-09-30
5287.T,907.0,2026-09-30
5028.T,355.0,2026-09-30
3823.T,41.0,2026-09-30
147A.T,971.0,2026-09-30
6856.T,24445.0,2026-09-30
148A.T,1864.0,2026-09-30
4446.T,733.0,2026-09-30
9602.T,1555.5,2026-09-30
4493.T,1967.0,2026-09-30
9960.T,4170.0,2026-09-30
2749.T,646.0,2026-09-30
519A.T,456.0,2026-09-30
4055.T,1606.0,2026-09-30
9517.T,822.0,2026-09-30
3712.T,973.0,2026-09-30
2801.T,1649.0,2026-09-30
4063.T,5945.0,2026-09-30
7636.T,792.0,2026-09-30
7236.T,1493.0,2026-09-30
9759.T,2946.5,2026-09-30
7461.T,472.0,2026-09-30
3323.T,93.0,2026-09-30
7283.T,2249.0,2026-09-30
7719.T,500.0,2026-09-30
2804.T,1854.0,2026-09-30
4192.T,308.0,2026-09-30
7089.T,1405.0,2026-09-30
3762.T,2477.0,2026-09-30
6055.T,2302.0,2026-09-30
4813.T,427.0,2026-09-30
3804.T,453.0,2026-09-30
3708.T,2208.0,2026-09-30
6254.T,3490.0,2026-09-30
9936.T,2848.0,2026-09-30
9560.T,905.0,2026-09-30
5612.T,1587.0,2026-09-30
7774.T,894.0,2026-09-30
5334.T,3800.0,2026-09-30
6023.T,3235.0,2026-09-30
4382.T,858.0,2026-09-30
6086.T,1017.0,2026-09-30
4495.T,2055.0,2026-09-30
4286.T,1326.0,2026-09-30
173A.T,1600.0,2026-09-30
366A.T,1206.0,2026-09-30
4584.T,170.0,2026-09-30
4923.T,1185.0,2026-09-30
1431.T,646.0,2026-09-30
5285.T,1331.0,2026-09-30
8282.T,1771.0,2026-09-30
5905.T,1367.0,2026-09-29
5333.T,5441.0,2026-09-30
4347.T,1901.0,2026-09-30
9385.T,738.0,2026-09-30
7906.T,2319.0,2026-09-30
3840.T,64.0,2026-09-30
6727.T,860.0,2026-09-30
9691.T,5160.0,2026-09-30
2201.T,2390.0,2026-09-30
3031.T,717.0,2026-09-30
6545.T,781.0,2026-09-30
1951.T,2553.5,2026-09-30
1801.T,12330.0,2026-09-30
4189.T,3370.0,2026-09-30
9436.T,4130.0,2026-09-30
5885.T,3095.0,2026-09-30
1942.T,5612.0,2026-09-30
3845.T,335.0,2026-09-30
4165.T,675.0,2026-09-30
4828.T,1330.0,2026-09-30
7378.T,1557.0,2026-09-30
3633.T,2660.0,2026-09-30
8919.T,3490.0,2026-09-30
8783.T,44.0,2026-09-30
3660.T,475.0,2026-09-30
5992.T,3685.0,2026-09-30
4583.T,108.0,2026-09-30
6548.T,122.0,2026-09-30
7259.T,2208.5,2026-09-30
8167.T,1427.0,2026-09-30
4043.T,4075.0,2026-09-30
2321.T,138.0,2026-09-30
6473.T,2143.5,2026-09-30
4538.T,2213.0,2026-09-30
4441.T,1482.0,2026-09-30
6614.T,880.0,2026-09-30
7729.T,18645.0,2026-09-30
9435.T,36630.0,2026-09-30
9989.T,3577.0,2026-09-30
4056.T,202.0,2026-09-30
4549.T,2308.0,2026-09-30
253A.T,1033.0,2026-09-30
4437.T,719.0,2026-09-30
6330.T,2707.0,2026-09-30
9039.T,2941.0,2026-09-30
1948.T,11450.0,2026-09-29
5029.T,971.0,2026-09-30
8097.T,2405.0,2026-09-30
7995.T,6830.0,2026-09-30
4396.T,1323.0,2026-09-30
6573.T,25.0,2026-09-30
5384.T,3510.0,2026-09-30
369A.T,2692.0,2026-09-30
9561.T,430.0,2026-09-30
3683.T,1093.0,2026-09-30
3317.T,1500.0,2026-09-30
8923.T,1750.0,2026-09-30
274A.T,2250.0,2026-09-30
4896.T,803.0,2026-09-30
7730.T,1455.0,2026-09-30
9342.T,883.0,2026-09-30
6301.T,7633.0,2026-09-30
5575.T,1212.0,2026-09-30
6696.T,297.0,2026-09-30
4242.T,1756.0,2026-09-30
446A.T,2395.0,2026-09-30
9554.T,1764.0,2026-09-30
6855.T,7820.0,2026-09-30
4676.T,3946.0,2026-09-30
9757.T,1171.0,2026-09-30
4968.T,2365.0,2026-09-30
6323.T,4004.0,2026-09-30
6555.T,421.0,2026-09-30
6490.T,10900.0,2026-09-30
7291.T,456.0,2026-09-30
7564.T,5420.0,2026-09-30
6407.T,5460.0,2026-09-30
3964.T,1352.0,2026-09-30
6268.T,4919.0,2026-09-30
7944.T,3730.0,2026-09-30
4425.T,1420.0,2026-09-30
3038.T,3022.0,2026-09-30
7345.T,938.0,2026-09-30
3539.T,1461.0,2026-09-30
9913.T,3735.0,2026-09-30
1436.T,1998.0,2026-09-30
7812.T,2128.0,2026-09-30
2270.T,3505.0,2026-09-30
5254.T,4345.0,2026-09-30
6315.T,2298.0,2026-09-30
3696.T,2152.0,2026-09-30
6866.T,10600.0,2026-09-30
2156.T,281.0,2026-09-30
4397.T,379.0,2026-09-30
4180.T,1396.0,2026-09-30
9882.T,1660.0,2026-09-30
8836.T,26.0,2026-09-30
4092.T,5670.0,2026-09-30
9697.T,4340.0,2026-09-30
6954.T,5943.0,2026-09-30
9744.T,3300.0,2026-09-30
2997.T,1322.0,2026-09-30
2163.T,948.0,2026-09-30
4288.T,436.0,2026-09-30
5616.T,656.0,2026-09-30
5351.T,2037.0,2026-09-30
4499.T,2232.0,2026-09-30
1446.T,538.0,2026-09-30
4371.T,1557.0,2026-09-30
421A.T,3910.0,2026-09-30
4019.T,615.0,2026-09-30
9658.T,1129.0,2026-09-30
2124.T,1042.0,2026-09-30
8056.T,4641.0,2026-09-30
3694.T,468.0,2026-09-30
3191.T,2260.0,2026-09-30
4369.T,3125.0,2026-09-30
7368.T,1711.0,2026-09-30
6955.T,410.0,2026-09-30
2685.T,3090.0,2026-09-30
5252.T,1010.0,2026-09-30
4194.T,8679.0,2026-09-30
4444.T,934.0,2026-09-30
4484.T,284.0,2026-09-30
4073.T,783.0,2026-09-30
4246.T,1086.0,2026-09-30
3914.T,2540.0,2026-09-30
3177.T,5060.0,2026-09-30
7036.T,661.0,2026-09-29
4021.T,8336.0,2026-09-30
6632.T,1010.5,2026-09-30
2211.T,2497.0,2026-09-30
6965.T,2352.5,2026-09-30
3979.T,472.0,2026-09-30
7599.T,1175.0,2026-09-30
7581.T,6480.0,2026-09-30
6861.T,80480.0,2026-09-30
6819.T,473.0,2026-09-30
2970.T,1175.0,2026-09-30
3433.T,2898.0,2026-09-30
6200.T,661.0,2026-09-30
6208.T,1812.0,2026-09-30
2375.T,220.0,2026-09-30
6368.T,2555.0,2026-09-30
6457.T,4343.0,2026-09-30
7760.T,2118.0,2026-09-30
4539.T,1550.0,2026-09-30
6645.T,6436.0,2026-09-30
6503.T,5205.0,2026-09-30
7735.T,14540.0,2026-09-30
5341.T,136.0,2026-09-30
4419.T,1310.0,2026-09-30
6754.T,3417.0,2026-09-30
5884.T,599.0,2026-09-30
7198.T,804.0,2026-09-30
5588.T,728.0,2026-09-30
6963.T,4940.0,2026-09-30
9439.T,218.0,2026-09-30
9065.T,1603.0,2026-09-30
1384.T,2145.0,2026-09-30
4594.T,50.0,2026-09-30
8931.T,1317.0,2026-09-30
4592.T,964.0,2026-09-30
4563.T,38.0,2026-09-30
3661.T,805.0,2026-09-30
4256.T,1218.0,2026-09-30
4937.T,2390.0,2026-09-30
4894.T,6640.0,2026-09-30
3237.T,89.0,2026-09-30
2937.T,1730.0,2026-09-30
4377.T,2375.0,2026-09-30
8095.T,534.0,2026-09-30
7776.T,224.0,2026-09-30
4071.T,2047.0,2026-09-30
4765.T,620.0,2026-09-30
330A.T,548.0,2026-09-30
6522.T,1269.0,2026-09-30
6757.T,909.0,2026-09-30
4196.T,1286.0,2026-09-30
7202.T,2113.5,2026-09-30
6182.T,549.0,2026-09-30
6504.T,13960.0,2026-09-30
6941.T,8870.0,2026-09-30
4887.T,1636.0,2026-09-30
9424.T,118.0,2026-09-30
7096.T,721.0,2026-09-30
3695.T,1712.0,2026-09-30
4598.T,116.0,2026-09-30
4082.T,2235.0,2026-09-30
3854.T,2042.0,2026-09-30
3727.T,165.0,2026-09-30
7868.T,544.0,2026-09-30
6506.T,4633.0,2026-09-30
4771.T,2734.0,2026-09-30
2597.T,1310.0,2026-09-30
4570.T,1199.0,2026-09-30
276A.T,4370.0,2026-09-30
2894.T,368.0,2026-09-30
8230.T,301.0,2026-09-30
6597.T,3905.0,2026-09-30
4442.T,407.0,2026-09-30
3521.T,158.0,2026-09-30
1815.T,2272.0,2026-09-30
3769.T,8541.0,2026-09-30
6674.T,5444.0,2026-09-30
5332.T,5897.0,2026-09-30
280A.T,1096.0,2026-09-30
1419.T,2916.0,2026-09-30
4578.T,11585.0,2026-09-30
4422.T,501.0,2026-09-30
4412.T,1468.0,2026-09-30
4418.T,1114.0,2026-09-30
5817.T,1179.0,2026-09-30
338A.T,3310.0,2026-09-30
4431.T,3375.0,2026-09-30
9412.T,2002.0,2026-09-30
5985.T,2297.0,2026-09-30
6568.T,1231.0,2026-09-30
3091.T,2859.0,2026-09-30
4386.T,902.0,2026-09-30
7041.T,335.0,2026-09-30
5032.T,3065.0,2026-09-30
4379.T,486.0,2026-09-30
6226.T,2238.0,2026-09-30
6383.T,5729.0,2026-09-30
6278.T,15060.0,2026-09-30
6702.T,3957.0,2026-09-30
4478.T,3560.0,2026-09-30
9343.T,775.0,2026-09-30
7463.T,966.0,2026-09-30
4766.T,213.0,2026-09-30
4587.T,1113.5,2026-09-30
3276.T,2267.0,2026-09-30
9946.T,1791.0,2026-09-30
3496.T,4690.0,2026-09-30
4732.T,1794.0,2026-09-30
138A.T,3150.0,2026-09-30
6376.T,3565.0,2026-09-30
6367.T,20925.0,2026-09-30
215A.T,1405.0,2026-09-30
4022.T,1985.0,2026-09-30
7073.T,2379.0,2026-09-30
7082.T,1688400000.0,2026-09-29
9793.T,3535.0,2026-09-30
153A.T,1625.0,2026-09-30
8032.T,1237.0,2026-09-30
4058.T,2146.0,2026-09-30
9246.T,1742.0,2026-09-30
155A.T,756.0,2026-09-30
3415.T,356.0,2026-09-30
4107.T,3925.0,2026-09-30
4519.T,6225.0,2026-09-30
7356.T,117.0,2026-09-30
7794.T,1011.0,2026-09-30
156A.T,873.0,2026-09-30
6481.T,6634.0,2026-09-30
3372.T,215.0,2026-09-30
4016.T,1088.0,2026-09-30
3093.T,1957.0,2026-09-30
4482.T,747.0,2026-09-30
2668.T,1273.0,2026-09-30
3850.T,3940.0,2026-09-30
4415.T,1457.0,2026-09-30
5344.T,55740.0,2026-09-30
505A.T,1371.0,2026-09-30
6736.T,10090.0,2026-09-30
4179.T,331.0,2026-09-30
7120.T,1005.0,2026-09-30
5038.T,2197.0,2026-09-30
6387.T,8920.0,2026-09-30
3405.T,1807.5,2026-09-30
9686.T,1670.0,2026-09-30
296A.T,1175.0,2026-09-30
6083.T,1696.0,2026-09-30
7711.T,5010.0,2026-09-30
323A.T,380.0,2026-09-30
6532.T,7690.0,2026-09-30
9303.T,4120.0,2026-09-30
3446.T,1564.0,2026-09-30
3843.T,1682.0,2026-09-30
5132.T,1849.0,2026-09-30
2229.T,3006.0,2026-09-30
4889.T,1171.0,2026-09-30
3987.T,624.0,2026-09-30
2160.T,3280.0,2026-09-30
3853.T,1087.0,2026-09-30
3968.T,667.0,2026-09-30
6629.T,1045.0,2026-09-30
460A.T,1213.0,2026-09-30
6836.T,895.0,2026-09-30
6524.T,5450.0,2026-09-30
3148.T,3255.0,2026-09-30
8697.T,2297.5,2026-09-30
4014.T,452.0,2026-09-30
2736.T,602.0,2026-09-30
4847.T,1462.0,2026-09-30
475A.T,699.0,2026-09-30
5136.T,2510.0,2026-09-30
1802.T,3008.0,2026-09-30
1812.T,4949.0,2026-09-30
2464.T,371.0,2026-09-30
3807.T,92.0,2026-09-30
5802.T,2318.0,2026-09-30
3687.T,2240.0,2026-09-30
8225.T,3665.0,2026-09-30
6862.T,5180.0,2026-09-30
4564.T,21.0,2026-09-30
5592.T,2520.0,2026-09-30
8125.T,1930.0,2026-09-30
7611.T,2896.0,2026-09-30
7376.T,736.0,2026-09-30
6652.T,3825.0,2026-09-30
9272.T,1518.0,2026-09-30
431A.T,2695.0,2026-09-30
3891.T,6950.0,2026-09-30
4543.T,2297.0,2026-09-30
3993.T,3170.0,2026-09-30
3679.T,432.0,2026-09-30
4490.T,677.0,2026-09-30
4258.T,5330.0,2026-09-30
2413.T,1753.5,2026-09-30
7187.T,1325.0,2026-09-30
4554.T,1789.0,2026-09-30
2222.T,2419.5,2026-09-30
9419.T,301.0,2026-09-30
7972.T,2459.0,2026-09-30
4971.T,6760.0,2026-09-30
9271.T,1003.0,2026-09-30
7806.T,8310.0,2026-09-30
3359.T,505.0,2026-09-30
3939.T,501.0,2026-09-30
6507.T,13560.0,2026-09-30
8160.T,2337.0,2026-09-30
9552.T,1021.0,2026-09-30
9168.T,432.0,2026-09-30
6305.T,5607.0,2026-09-30
4392.T,908.0,2026-09-30
4186.T,8617.0,2026-09-30
3065.T,1589.0,2026-09-30
9418.T,1767.0,2026-09-30
6590.T,3990.0,2026-09-30
3697.T,850.4,2026-09-30
288A.T,96.0,2026-09-30
5381.T,1042.0,2026-09-30
4776.T,2967.0,2026-09-30
3498.T,7760.0,2026-09-30
9766.T,21400.0,2026-09-30
4051.T,5960.0,2026-09-30
9241.T,1236.0,2026-09-30
9445.T,530.0,2026-09-30
4177.T,1418.0,2026-09-30
6834.T,6150.0,2026-09-30
6508.T,11540.0,2026-09-30
6721.T,72.0,2026-09-30
4714.T,208.0,2026-09-30
7747.T,3325.0,2026-09-30
3994.T,5953.0,2026-09-30
2664.T,3735.0,2026-09-30
5210.T,2837.0,2026-09-30
3053.T,203.0,2026-09-30
6946.T,7170.0,2026-09-30
5537.T,3795.0,2026-09-30
290A.T,1402.0,2026-09-30
7741.T,23580.0,2026-09-30
4461.T,14480.0,2026-09-30
9325.T,1060.0,2026-09-30
269A.T,3025.0,2026-09-30
1803.T,2144.0,2026-09-30
7751.T,4605.0,2026-09-30
378A.T,914.0,2026-09-30
2175.T,2675.0,2026-09-30
3803.T,874.0,2026-09-30
7453.T,4192.0,2026-09-30
9025.T,2840.0,2026-09-30
8020.T,2242.5,2026-09-30
7388.T,2340.0,2026-09-30
4374.T,1183.0,2026-09-30
4611.T,1559.0,2026-09-30
438A.T,1044.0,2026-09-30
277A.T,1848.0,2026-09-30
3092.T,1076.5,2026-09-30
4368.T,3220.0,2026-09-30
3223.T,985.0,2026-09-30
3469.T,886.0,2026-09-30
6227.T,7370.0,2026-09-30
2371.T,3805.0,2026-09-30
6838.T,1440.0,2026-09-30
5253.T,1526.0,2026-09-30
4438.T,277.0,2026-09-30
3048.T,1678.0,2026-09-30
246A.T,1123.0,2026-09-30
247A.T,997.0,2026-09-30
6890.T,10760.0,2026-09-30
456A.T,1922.0,2026-09-30
5591.T,862.0,2026-09-30
8016.T,715.0,2026-09-30
2938.T,1258.0,2026-09-30
4559.T,1962.0,2026-09-30
4475.T,1775.0,2026-09-30
2962.T,2225.0,2026-09-30
7810.T,153.0,2026-09-30
2158.T,693.0,2026-09-30
6981.T,7851.0,2026-09-30
6361.T,4713.0,2026-09-30
325A.T,1960.0,2026-09-30
3815.T,431.0,2026-09-30
184A.T,315.0,2026-09-30
9708.T,946.0,2026-09-30
8136.T,1187.5,2026-09-30
3224.T,658.0,2026-09-30
4176.T,279.0,2026-09-30
5137.T,303.0,2026-09-30
6016.T,11700.0,2026-09-30
3104.T,3380.0,2026-09-30
6327.T,3260.0,2026-09-30
5243.T,3570.0,2026-09-30
8789.T,152.0,2026-09-30
3777.T,46.0,2026-09-30
3064.T,1952.0,2026-09-30
2134.T,19.0,2026-09-30
9337.T,1433.0,2026-09-30
4704.T,6533.0,2026-09-30
142A.T,1103.0,2026-09-30
7827.T,1788.0,2026-09-30
5246.T,854.0,2026-09-30
3402.T,1260.5,2026-09-30
6656.T,840.0,2026-09-30
2345.T,95.0,2026-09-30
6036.T,3410.0,2026-09-30
3449.T,4380.0,2026-09-30
3565.T,493.0,2026-09-30
554A.T,1420.0,2026-09-30
402A.T,421.0,2026-09-30
6479.T,3748.0,2026-09-30
5715.T,4145.0,2026-09-30
6042.T,3800.0,2026-09-30
8850.T,4665.0,2026-09-30
3166.T,1445.0,2026-09-30
4463.T,1991.0,2026-09-30
5578.T,910.0,2026-09-30
5258.T,425.0,2026-09-30
7196.T,750.0,2026-09-30
2216.T,1064.0,2026-09-30
4762.T,1118.0,2026-09-30
4452.T,3500.0,2026-09-30
4718.T,2447.0,2026-09-30
5845.T,1217.0,2026-09-30
4833.T,57.0,2026-09-30
9950.T,3335.0,2026-09-30
4819.T,2465.0,2026-09-30
6969.T,1020.0,2026-09-30
3110.T,3210.0,2026-09-30
3185.T,112.0,2026-09-30
7643.T,1639.0,2026-09-30
7352.T,312.0,2026-09-30
212A.T,2842.0,2026-09-30
3358.T,94.0,2026-09-30
8035.T,11815.0,2026-09-30
4487.T,219.0,2026-09-30
4390.T,3990.0,2026-09-30
9215.T,1017.0,2026-09-30
4588.T,5930.0,2026-09-30
9983.T,70860.0,2026-09-30
7752.T,1651.0,2026-09-30
6777.T,22380.0,2026-09-30
7992.T,103.0,2026-09-30
341A.T,2268.0,2026-09-30
6920.T,41130.0,2026-09-30
3691.T,1844.0,2026-09-30
3135.T,1162.0,2026-09-30
2590.T,2933.0,2026-09-30
4716.T,9608.0,2026-09-30
5587.T,820.0,2026-09-30
6433.T,1281.0,2026-09-30
7621.T,3265.0,2026-09-30
3561.T,1424.0,2026-09-30
9639.T,2330.0,2026-09-30
3663.T,1776.0,2026-09-30
6971.T,3646.0,2026-09-30
7678.T,3780.0,2026-09-30
3671.T,303.0,2026-09-30
2492.T,720.0,2026-09-30
6558.T,678.0,2026-09-30
3692.T,6780.0,2026-09-30
6613.T,2130.0,2026-09-30
8566.T,6630.0,2026-09-30
9312.T,3000.0,2026-09-30
7777.T,435.0,2026-09-30
9245.T,2098.0,2026-09-30
2154.T,2016.0,2026-09-30
7932.T,11390.0,2026-09-30
9553.T,638.0,2026-09-30
1860.T,1442.5,2026-09-30
2702.T,7550.0,2026-09-30
7638.T,1397.0,2026-09-30
6146.T,57450.0,2026-09-30
9900.T,1036.0,2026-09-30
4054.T,520.0,2026-09-30
429A.T,3860.0,2026-09-30
6776.T,299.0,2026-09-30
135A.T,5040.0,2026-09-30
9254.T,1084.0,2026-09-30
7630.T,1115.0,2026-09-30
278A.T,9800.0,2026-09-30
5704.T,381.0,2026-09-30
6871.T,13960.0,2026-09-30
4568.T,2800.0,2026-09-30
5726.T,2446.0,2026-09-30
3923.T,1002.0,2026-09-30
4047.T,2381.0,2026-09-30
6072.T,1042.0,2026-09-30
6232.T,1306.0,2026-09-30
5706.T,2291.5,2026-09-30
6031.T,279.0,2026-09-30
3933.T,538.0,2026-09-30
4572.T,432.0,2026-09-30
8173.T,4310.0,2026-09-30
2681.T,2322.0,2026-09-30
7069.T,486.0,2026-09-30
218A.T,1035.0,2026-09-30
1878.T,3164.0,2026-09-30
2678.T,1227.0,2026-09-30
3399.T,3780.0,2026-09-30
2656.T,159.0,2026-09-30
7044.T,589.0,2026-09-30
3796.T,303.0,2026-09-30
6762.T,2981.0,2026-09-30
6098.T,16795.0,2026-09-30
7272.T,1803.0,2026-09-30
6588.T,2897.0,2026-09-30
6779.T,3340.0,2026-09-30
6942.T,1407.0,2026-09-30
2338.T,107.0,2026-09-30
2871.T,2130.5,2026-09-30
7936.T,4220.0,2026-09-30
2936.T,275.0,2026-09-30
3077.T,1475.0,2026-09-30
3353.T,2805.0,2026-09-30
4443.T,2011.0,2026-09-30
9470.T,1060.0,2026-09-30
4661.T,2908.5,2026-09-30
2877.T,760.0,2026-09-30
9028.T,3280.0,2026-09-30
2351.T,334.0,2026-09-30
6324.T,6420.0,2026-09-30
5597.T,1368.0,2026-09-30
6701.T,4759.0,2026-09-30
287A.T,1150.0,2026-09-30
1893.T,1474.0,2026-09-30
5803.T,5224.0,2026-09-30
6666.T,865.0,2026-09-30
556A.T,2925.0,2026-09-30
6366.T,676.0,2026-09-30
4430.T,1735.0,2026-09-30
2282.T,1986.5,2026-09-30
4531.T,363.0,2026-09-30
4626.T,4795.0,2026-09-30
6370.T,7754.0,2026-09-30
7805.T,702.0,2026-09-30
4448.T,357.0,2026-09-30
464A.T,1680.0,2026-09-30
4255.T,3425.0,2026-09-30
2901.T,139.0,2026-09-30
3810.T,185.0,2026-09-30
7649.T,1253.0,2026-09-30
8698.T,701.0,2026-09-30
407A.T,930.0,2026-09-30
6027.T,5210.0,2026-09-30
8864.T,947.0,2026-09-30
3981.T,1237.0,2026-09-30
3046.T,5740.0,2026-09-30
9259.T,832.0,2026-09-30
2215.T,619.0,2026-09-30
3501.T,1183.0,2026-09-30
4413.T,2966.0,2026-09-30
7726.T,1449.0,2026-09-30
9262.T,677.0,2026-09-30
208A.T,2880.0,2026-09-30
3030.T,891.0,2026-09-30
6537.T,315.0,2026-09-30
6594.T,2355.0,2026-09-30
7692.T,78.0,2026-09-30
6525.T,9578.0,2026-09-30
7733.T,2014.5,2026-09-30
6976.T,9324.0,2026-09-30
6857.T,34260.0,2026-09-30
7695.T,877.0,2026-09-30
285A.T,18095.0,2026-09-30
3997.T,435.0,2026-09-30
9449.T,3938.0,2026-09-30
2334.T,553.0,2026-09-30
2220.T,1255.0,2026-09-30
1332.T,1119.0,2026-09-30
5842.T,2881.0,2026-09-30
4980.T,3180.0,2026-09-30
9713.T,910.0,2026-09-30
7214.T,1126.0,2026-09-30
2533.T,487.0,2026-09-30
8253.T,4515.0,2026-09-30
6538.T,245.0,2026-09-30
3409.T,77.0,2026-09-30
9227.T,810.0,2026-09-30
6231.T,12360.0,2026-09-30
7419.T,1230.0,2026-09-30
8291.T,545.0,2026-09-30
2212.T,3606.0,2026-09-30
365A.T,794.0,2026-09-30
4259.T,866.0,2026-09-30
5891.T,1700.0,2026-09-30
6040.T,458.0,2026-09-30
5805.T,2700.0,2026-09-30
4552.T,502.0,2026-09-30
4417.T,5470.0,2026-09-30
559A.T,1175.0,2026-09-30
9428.T,1469.0,2026-09-30
2268.T,4050.0,2026-09-30
6544.T,1479.5,2026-09-30
3113.T,84.0,2026-09-30
2209.T,2303.0,2026-09-30
8088.T,2035.0,2026-09-30
7011.T,3839.0,2026-09-30
7615.T,95.0,2026-09-30
2935.T,1185.0,2026-09-30
5801.T,3856.0,2026-09-30
7699.T,678.0,2026-09-30
4875.T,249.0,2026-09-30
485A.T,2005.0,2026-09-30
4373.T,1108.0,2026-09-30
6574.T,129.0,2026-09-30
7685.T,2756.0,2026-09-30
4062.T,11030.0,2026-09-30
9257.T,521.0,2026-09-30
4385.T,3604.0,2026-09-30
8050.T,9840.0,2026-09-30
5711.T,5120.0,2026-09-30
3962.T,995.0,2026-09-30
6269.T,8907.0,2026-09-30
2353.T,255.0,2026-09-30
8015.T,7226.0,2026-09-30
9083.T,2000.0,2026-09-30
186A.T,1262.0,2026-09-30
3905.T,2015.0,2026-09-30
6993.T,92.0,2026-09-30
9059.T,925.0,2026-09-30
4307.T,4952.0,2026-09-30
6634.T,69.0,2026-09-30
9074.T,2557.0,2026-09-30
7897.T,118.0,2026-09-30
5742.T,735.0,2026-09-30
3083.T,1068.0,2026-09-30
4784.T,540.0,2026-09-30
7220.T,3050.0,2026-09-30
9533.T,1239.0,2026-09-30
3491.T,1307.0,2026-09-30
4202.T,1431.5,2026-09-30
7280.T,1359.0,2026-09-30
2195.T,371.0,2026-09-30
4613.T,2823.0,2026-09-30
9565.T,655.0,2026-09-30
7383.T,375.0,2026-09-30
9348.T,412.0,2026-09-30
9301.T,1481.0,2026-09-30
3241.T,601.0,2026-09-30
4935.T,173.0,2026-09-30
5016.T,3575.0,2026-09-30
2897.T,2866.0,2026-09-30
2705.T,8430.0,2026-09-30
9672.T,4750.0,2026-09-30
6501.T,5489.0,2026-09-30
2226.T,4760.0,2026-09-30
3547.T,1946.0,2026-09-30
4483.T,3560.0,2026-09-30
3157.T,1460.0,2026-09-30
7554.T,1156.0,2026-09-30
8207.T,290.0,2026-09-30
6703.T,2668.0,2026-09-30
2923.T,7300.0,2026-09-30
6999.T,2292.0,2026-09-30
6059.T,367.0,2026-09-30
5026.T,626.0,2026-09-30
6533.T,1881.0,2026-09-30
7412.T,334.0,2026-09-30
6787.T,24340.0,2026-09-30
3154.T,791.0,2026-09-30
2281.T,2316.0,2026-09-30
7085.T,890.0,2026-09-30
6469.T,2926.0,2026-09-30
7245.T,1201.0,2026-09-30
4432.T,3295.0,2026-09-30
319A.T,22520.0,2026-09-30
2181.T,283.1,2026-09-30
9110.T,10520.0,2026-09-30
3955.T,866.0,2026-09-30
2323.T,366.0,2026-09-30
175A.T,638.0,2026-09-30
4960.T,590.0,2026-09-30
4492.T,388.0,2026-09-30
268A.T,1740.0,2026-09-30
9831.T,713.4,2026-09-30
7003.T,4174.0,2026-09-30
7075.T,1006.0,2026-09-30
6085.T,94.0,2026-09-30
2752.T,1163.0,2026-09-30
3193.T,1304.0,2026-09-30
9769.T,2534.0,2026-09-30
7409.T,1470.0,2026-09-30
9235.T,400.0,2026-09-30
9090.T,856.0,2026-09-30
6958.T,792.0,2026-09-30
2802.T,5111.0,2026-09-30
5618.T,300.0,2026-09-30
3436.T,3316.0,2026-09-30
6977.T,1895.0,2026-09-30
6521.T,3250.0,2026-09-30
3753.T,218.0,2026-09-30
7030.T,967.0,2026-09-30
9828.T,3250.0,2026-09-30
9336.T,3595.0,2026-09-30
9073.T,1275.0,2026-09-30
2204.T,3070.0,2026-09-30
3186.T,2835.0,2026-09-30
2587.T,4515.0,2026-09-30
5632.T,2476.0,2026-09-30
8255.T,1284.0,2026-09-30
281A.T,388.0,2026-09-30
2769.T,937.0,2026-09-30
3300.T,1872.0,2026-09-30
4060.T,1230.0,2026-09-30
7273.T,610.0,2026-09-30
1946.T,2183.0,2026-09-30
5110.T,2031.0,2026-09-30
2914.T,6986.0,2026-09-30
4593.T,298.0,2026-09-30
1773.T,87.0,2026-09-30
6343.T,150.0,2026-09-30
3878.T,954.0,2026-09-30
2683.T,992.0,2026-09-30
6224.T,1179.0,2026-09-30
9304.T,2197.0,2026-09-30
7709.T,40.0,2026-09-30
5892.T,2999.0,2026-09-30
2768.T,5672.0,2026-09-30
2198.T,774.0,2026-09-30
8996.T,1100.0,2026-09-30
2607.T,4275.0,2026-09-30
5609.T,945.0,2026-09-30
3401.T,1690.0,2026-09-30
7508.T,1406.0,2026-09-30
504A.T,632.0,2026-09-30
9853.T,907.0,2026-09-30
8596.T,1541.0,2026-09-30
3774.T,3397.0,2026-09-30
2818.T,1751.0,2026-09-30
6564.T,1904.0,2026-09-30
5401.T,656.0,2026-09-30
2820.T,6340.0,2026-09-30
9861.T,3641.0,2026-09-30
2932.T,1111.0,2026-09-30
6380.T,3470.0,2026-09-30
197A.T,517.0,2026-09-30
5724.T,2970.0,2026-09-30
4011.T,2340.0,2026-09-30
3391.T,2116.0,2026-09-30
2579.T,3815.0,2026-09-30
5301.T,2335.5,2026-09-30
7090.T,914.0,2026-09-30
3097.T,5490.0,2026-09-30
4901.T,3348.0,2026-09-30
9037.T,1813.0,2026-09-30
2730.T,2445.0,2026-09-30
7509.T,4800.0,2026-09-30
2816.T,1405.0,2026-09-30
2585.T,1327.0,2026-09-30
2698.T,3275.0,2026-09-30
141A.T,3775.0,2026-09-30
6997.T,2433.0,2026-09-30
9163.T,2397.0,2026-09-30
2872.T,1911.0,2026-09-30
3778.T,3620.0,2026-09-30
9310.T,1402.0,2026-09-30
9252.T,4080.0,2026-09-30
8252.T,2791.5,2026-09-30
7914.T,1725.0,2026-09-30
9143.T,1444.0,2026-09-30
8214.T,1675.0,2026-09-30
3793.T,548.0,2026-09-30
3350.T,286.0,2026-09-30
7674.T,2741.0,2026-09-30
9279.T,2078.0,2026-09-30
6549.T,1113.0,2026-09-30
4023.T,4025.0,2026-09-30
2903.T,1505.0,2026-09-30
2224.T,3815.0,2026-09-30
7012.T,2364.5,2026-09-30
5216.T,136.0,2026-09-30
6752.T,4490.0,2026-09-30
2393.T,4400.0,2026-09-30
2170.T,654.0,2026-09-30
5194.T,642.0,2026-09-30
3184.T,4095.0,2026-09-29
3927.T,893.0,2026-09-30
3096.T,1578.0,2026-09-30
6326.T,2763.5,2026-09-30
7421.T,1502.0,2026-09-30
5858.T,1203.0,2026-09-30
8769.T,509.0,2026-09-30
5036.T,1528.0,2026-09-30
3407.T,1657.5,2026-09-30
5101.T,7135.0,2026-09-30
2501.T,1817.0,2026-09-30
6966.T,902.0,2026-09-30
436A.T,1348.0,2026-09-30
6627.T,2370.0,2026-09-30
2264.T,1074.5,2026-09-30
3673.T,470.0,2026-09-30
4911.T,3485.0,2026-09-30
4183.T,2146.5,2026-09-30
9270.T,1916.0,2026-09-30
3178.T,1139.0,2026-09-30
6078.T,1543.0,2026-09-30
8174.T,936.0,2026-09-30
7462.T,372.0,2026-09-30
3041.T,402.0,2026-09-30
2673.T,102.0,2026-09-30
5019.T,1590.5,2026-09-30
7746.T,916.0,2026-09-30
9072.T,5107.0,2026-09-30
8798.T,105.0,2026-09-30
7361.T,1200.0,2026-09-30
7915.T,1160.0,2026-09-30
6723.T,3477.0,2026-09-30
2395.T,1326.0,2026-09-30
1925.T,2196.0,2026-09-30
2721.T,99.0,2026-09-30
8848.T,1022.0,2026-09-30
1379.T,2046.0,2026-09-30
4061.T,3285.0,2026-09-30
7135.T,172.0,2026-09-30
5406.T,2048.0,2026-09-30
7458.T,1804.5,2026-09-30
3205.T,747.0,2026-09-30
7771.T,262.0,2026-09-30
9661.T,4120.0,2026-09-30
3951.T,890.0,2026-09-30
4260.T,203.0,2026-09-30
3082.T,990.0,2026-09-30
160A.T,1991.0,2026-09-30
6005.T,3013.0,2026-09-30
9532.T,5751.0,2026-09-30
9029.T,1832.0,2026-09-30
3877.T,2199.0,2026-09-30
6264.T,2037.0,2026-09-30
4970.T,10350.0,2026-09-30
4544.T,3514.0,2026-09-30
7532.T,715.5,2026-09-30
3628.T,693.0,2026-09-30
9896.T,1405.0,2026-09-30
7888.T,929.0,2026-09-30
523A.T,1980.0,2026-09-30
4410.T,1142.0,2026-09-30
7013.T,2692.5,2026-09-30
9450.T,770.0,2026-09-30
6495.T,109.0,2026-09-30
4503.T,2320.5,2026-09-30
9278.T,2894.0,2026-09-30
4902.T,671.7,2026-09-30
5201.T,5747.0,2026-09-30
4125.T,3625.0,2026-09-30
8058.T,4769.0,2026-09-30
9843.T,2940.0,2026-09-30
7318.T,1354.0,2026-09-30
2798.T,2993.0,2026-09-30
7022.T,349.0,2026-09-30
7366.T,1938.0,2026-09-30
7363.T,1386.0,2026-09-30
9076.T,2642.0,2026-09-30
9057.T,3240.0,2026-09-30
7018.T,13310.0,2026-09-30
2776.T,95.0,2026-09-30
8133.T,2259.0,2026-09-30
7780.T,1716.0,2026-09-30
7682.T,3725.0,2026-09-30
7004.T,1173.0,2026-09-30
4004.T,14985.0,2026-09-30
6561.T,823.0,2026-09-30
2934.T,2024.0,2026-09-30
9678.T,5330.0,2026-09-30
8002.T,4824.0,2026-09-30
8039.T,3505.0,2026-09-30
7571.T,85.0,2026-09-30
5199.T,1965.0,2026-09-30
5232.T,1869.5,2026-09-30
8200.T,2271.0,2026-09-30
8142.T,1385.0,2026-09-30
4480.T,2317.0,2026-09-30
3910.T,290.0,2026-09-30
7947.T,2791.0,2026-09-30
7047.T,2166.0,2026-09-30
469A.T,1615.0,2026-09-30
3563.T,5133.0,2026-09-30
3196.T,1663.0,2026-09-30
6547.T,2071.0,2026-09-30
8876.T,2273.0,2026-09-30
3058.T,709.0,2026-09-30
6740.T,51.0,2026-09-30
2462.T,1511.0,2026-09-30
3549.T,3685.0,2026-09-30
5952.T,189.0,2026-09-30
2931.T,343.0,2026-09-30
8053.T,1770.0,2026-09-30
3551.T,1565.0,2026-09-30
9360.T,2803.0,2026-09-30
3418.T,1052.0,2026-09-30
7585.T,407.0,2026-09-30
6062.T,1419.0,2026-09-30
5255.T,80.0,2026-09-30
9218.T,829.0,2026-09-30
5981.T,1882.0,2026-09-30
7603.T,35.0,2026-09-30
8030.T,3905.0,2026-09-30
9145.T,547.0,2026-09-30
9322.T,2382.0,2026-09-30
7201.T,297.0,2026-09-30
8914.T,862.0,2026-09-30
9633.T,1841.0,2026-09-30
9976.T,1092.0,2026-09-30
2469.T,1330.0,2026-09-30
9302.T,3223.0,2026-09-30
339A.T,946.0,2026-09-30
6089.T,1161.0,2026-09-30
9636.T,4225.0,2026-09-30
3187.T,402.0,2026-09-30
3387.T,768.0,2026-09-30
9064.T,2027.0,2026-09-30
8166.T,78.0,2026-09-30
6071.T,886.0,2026-09-30
2762.T,68.0,2026-09-30
1383.T,3045.0,2026-09-30
1407.T,2201.0,2026-09-30
2694.T,70.0,2026-09-30
7520.T,2544.0,2026-09-30
9306.T,2003.0,2026-09-30
4777.T,197.0,2026-09-30
3099.T,1623.5,2026-09-30
8163.T,1429.0,2026-09-30
262A.T,1700.0,2026-09-30
7074.T,192.0,2026-09-30
3349.T,6153.0,2026-09-30
414A.T,844.0,2026-09-30
6472.T,382.3,2026-09-30
8031.T,4930.0,2026-09-30
2157.T,1000.0,2026-09-30
7367.T,335.0,2026-09-30
4098.T,1009.0,2026-09-30
7238.T,108.0,2026-09-30
2695.T,1724.0,2026-09-30
5491.T,900.0,2026-09-30
8001.T,2207.5,2026-09-30
195A.T,668.0,2026-09-30
8585.T,817.0,2026-09-30
9010.T,2637.0,2026-09-30
5480.T,5280.0,2026-09-30
4222.T,658.0,2026-09-30
6039.T,996.0,2026-09-30
9104.T,7090.0,2026-09-30
3190.T,569.0,2026-09-30
7126.T,1464.0,2026-09-30
8793.T,4150.0,2026-09-30
1820.T,5433.0,2026-09-30
3976.T,525.0,2026-09-30
7524.T,180.0,2026-09-30
9308.T,2479.0,2026-09-30
194A.T,1727.0,2026-09-30
4631.T,4950.0,2026-09-30
9433.T,2928.0,2026-09-30
7162.T,295.0,2026-09-30
7850.T,797.0,2026-09-30
7886.T,570.0,2026-09-30
3454.T,1270.0,2026-09-30
3946.T,4460.0,2026-09-30
5020.T,1385.5,2026-09-30
4801.T,2376.0,2026-09-30
7354.T,368.0,2026-09-30
211A.T,3190.0,2026-09-30
9887.T,5100.0,2026-09-30
3133.T,46.0,2026-09-30
9601.T,10770.0,2026-09-30
409A.T,1097.0,2026-09-30
7550.T,10705.0,2026-09-30
7475.T,3765.0,2026-09-30
3484.T,1245.0,2026-09-30
5889.T,2255.0,2026-09-30
7359.T,275.0,2026-09-30
3474.T,598.0,2026-09-30
3067.T,457.0,2026-09-30
7084.T,2835.0,2026-09-30
8944.T,255.0,2026-09-30
2882.T,2010.0,2026-09-30
245A.T,2522.0,2026-09-30
4553.T,3625.0,2026-09-30
9722.T,2893.0,2026-09-30
9535.T,424.0,2026-09-30
9539.T,1333.0,2026-09-30
9979.T,1013.0,2026-09-30
2384.T,5230.0,2026-09-30
9973.T,19.0,2026-09-30
5741.T,2167.0,2026-09-30
8194.T,2637.0,2026-09-30
2164.T,108.0,2026-09-30
2404.T,532.0,2026-09-30
6147.T,166.0,2026-09-30
9706.T,5448.0,2026-09-30
3556.T,790.0,2026-09-30
417A.T,1815.0,2026-09-30
9221.T,1152.0,2026-09-30
9249.T,1593.0,2026-09-30
4565.T,1249.0,2026-09-30
7119.T,1980.0,2026-09-30
8920.T,670.0,2026-09-30
3543.T,2817.0,2026-09-30
9627.T,5386.0,2026-09-30
2884.T,602.0,2026-09-30
9327.T,187.0,2026-09-30
9969.T,238.0,2026-09-30
3864.T,1249.0,2026-09-30
2742.T,3755.0,2026-09-30
7133.T,2103.0,2026-09-30
4091.T,5512.0,2026-09-30
9720.T,6400.0,2026-09-30
9699.T,4490.0,2026-09-30
463A.T,1023.0,2026-09-30
8892.T,1076.0,2026-09-30
3068.T,3095.0,2026-09-30
8179.T,1307.0,2026-09-30
9365.T,1605.0,2026-09-30
9267.T,3445.0,2026-09-30
3967.T,573.0,2026-09-30
4088.T,2920.0,2026-09-30
2340.T,516.0,2026-09-30
4026.T,1599.0,2026-09-30
5571.T,1049.0,2026-09-30
6141.T,2906.5,2026-09-30
1375.T,1159.0,2026-09-30
7919.T,223.0,2026-09-30
9997.T,1068.0,2026-09-30
9984.T,6430.0,2026-09-30
9628.T,1329.0,2026-09-30
8860.T,727.0,2026-09-30
9274.T,1116.0,2026-09-30
3050.T,1537.0,2026-09-30
7241.T,1092.0,2026-09-30
8237.T,2254.0,2026-09-30
9733.T,2295.0,2026-09-30
7097.T,2777.0,2026-09-30
3750.T,804.0,2026-09-30
2293.T,2669.0,2026-09-30
9034.T,1648.0,2026-09-30
4681.T,1753.0,2026-09-30
3447.T,965.0,2026-09-30
9247.T,1723.0,2026-09-30
2734.T,1206.0,2026-09-30
6428.T,328.0,2026-09-30
9959.T,918.0,2026-09-30
4666.T,1864.0,2026-09-30
3167.T,1325.0,2026-09-30
5076.T,2765.0,2026-09-30
543A.T,285.0,2026-09-30
9531.T,6190.0,2026-09-30
9890.T,1432.0,2026-09-30
2503.T,2854.0,2026-09-30
9264.T,1621.0,2026-09-30
7247.T,366.0,2026-09-30
7203.T,2920.0,2026-09-30
7562.T,3730.0,2026-09-30
4337.T,2512.0,2026-09-30
3395.T,2454.0,2026-09-30
9147.T,5775.0,2026-09-30
6758.T,3759.0,2026-09-30
6400.T,308.0,2026-09-30
7795.T,214.0,2026-09-30
3397.T,4120.0,2026-09-30
1605.T,3667.0,2026-09-30
3222.T,808.0,2026-09-30
4612.T,1179.5,2026-09-30
6570.T,4000.0,2026-09-30
5902.T,2641.0,2026-09-30
7271.T,800.0,2026-09-30
386A.T,1253.0,2026-09-30
3045.T,1472.0,2026-09-29
6092.T,781.0,2026-09-30
2904.T,755.0,2026-09-30
5391.T,1496.0,2026-09-30
4689.T,512.9,2026-09-30
8276.T,2586.0,2026-09-30
3197.T,3170.0,2026-09-30
7375.T,1254.0,2026-09-30
9049.T,6570.0,2026-09-29
2179.T,818.0,2026-09-30
7698.T,2640.0,2026-09-30
9075.T,6010.0,2026-09-30
7679.T,1612.0,2026-09-30
4506.T,1626.5,2026-09-30
9211.T,1457.0,2026-09-30
2337.T,395.0,2026-09-30
9701.T,4600.0,2026-09-30
3175.T,935.0,2026-09-30
3174.T,361.0,2026-09-30
2874.T,2005.0,2026-09-30
3231.T,880.6,2026-09-30
298A.T,327.0,2026-09-30
6166.T,618.0,2026-09-30
2300.T,500.0,2026-09-30
5283.T,3190.0,2026-09-30
428A.T,1828.0,2026-09-30
5989.T,1463.0,2026-09-30
9974.T,6640.0,2026-09-30
5380.T,1271.0,2026-09-30
6753.T,644.7,2026-09-30
9220.T,1309.0,2026-09-30
1447.T,324.0,2026-09-30
5870.T,904.0,2026-09-30
2588.T,3550.0,2026-09-30
9171.T,1488.0,2026-09-30
9635.T,2550.0,2026-09-30
3941.T,1519.5,2026-09-30
4657.T,459.0,2026-09-30
1380.T,999.0,2026-09-30
3063.T,1132.0,2026-09-30
3199.T,1288.0,2026-09-30
9557.T,257.0,2026-09-30
9434.T,241.1,2026-09-30
4241.T,733.0,2026-09-30
7901.T,818.0,2026-09-30
6817.T,1252.0,2026-09-30
5998.T,2994.0,2026-09-30
4409.T,880.0,2026-09-30
5261.T,7640.0,2026-09-30
4760.T,1200.0,2026-09-30
7646.T,1787.0,2026-09-30
8244.T,1852.0,2026-09-30
7063.T,60.0,2026-09-30
3392.T,749.0,2026-09-30
5233.T,4107.0,2026-09-30
4324.T,3563.0,2026-09-30
9362.T,3750.0,2026-09-30
9201.T,3069.0,2026-09-30
9731.T,3380.0,2026-09-30
6310.T,1919.0,2026-09-30
9351.T,1921.0,2026-09-30
5021.T,4279.0,2026-09-30
4680.T,1236.0,2026-09-30
9202.T,3001.0,2026-09-30
5411.T,1763.0,2026-09-30
4679.T,265.0,2026-09-30
205A.T,1652.0,2026-09-30
8912.T,158.0,2026-09-30
7127.T,694.0,2026-09-30
4650.T,271.0,2026-09-30
2791.T,4390.0,2026-09-30
9206.T,1958.0,2026-09-30
7502.T,1676.0,2026-09-30
7320.T,1415.0,2026-09-30
9616.T,3223.0,2026-09-30
9250.T,1030.0,2026-09-30
4040.T,4110.0,2026-09-30
3034.T,2389.0,2026-09-30
352A.T,535.0,2026-09-30
9850.T,961.0,2026-09-30
9978.T,45.0,2026-09-30
9009.T,1335.5,2026-09-30
4228.T,618.0,2026-09-30
4707.T,364.0,2026-09-30
9369.T,2906.0,2026-09-30
1711.T,240.0,2026-09-30
9761.T,2380.0,2026-09-30
4502.T,5780.0,2026-09-30
7426.T,240288784.0,2026-09-29
8278.T,2015.0,2026-09-30
9324.T,2693.0,2026-09-30
6233.T,399.0,2026-09-30
6183.T,1324.0,2026-09-30
6562.T,990.0,2026-09-30
5532.T,3600.0,2026-09-30
8802.T,3608.0,2026-09-30
6181.T,88.0,2026-09-30
3479.T,1886.0,2026-09-30
7494.T,235.0,2026-09-30
8801.T,1474.5,2026-09-30
9823.T,997.0,2026-09-30
3286.T,877.0,2026-09-30
2789.T,489.0,2026-09-30
7616.T,1985.0,2026-09-30
9119.T,1699.0,2026-09-30
367A.T,2921.0,2026-09-30
5248.T,504.0,2026-09-30
7601.T,166.0,2026-09-30
3160.T,581.0,2026-09-30
4381.T,218.0,2026-09-30
8242.T,2727.0,2026-09-30
3557.T,501.0,2026-09-30
6571.T,1279.0,2026-09-30
8025.T,1358.0,2026-09-30
9878.T,387.0,2026-09-30
7918.T,106.0,2026-09-30
6189.T,997.0,2026-09-30
3010.T,191.0,2026-09-30
9679.T,2227.0,2026-09-30
1873.T,311.0,2026-09-30
4005.T,580.1,2026-09-30
286A.T,745.0,2026-09-30
9361.T,2051.0,2026-09-29
8217.T,771.0,2026-09-30
3238.T,380.0,2026-09-30
2666.T,188.0,2026-09-30
7512.T,858.0,2026-09-30
7791.T,816.0,2026-09-30
7369.T,389.0,2026-09-30
3103.T,1522.0,2026-09-30
7625.T,459.0,2026-09-30
3101.T,1671.0,2026-09-30
9313.T,1060.0,2026-09-30
9311.T,7540.0,2026-09-30
8818.T,1033.0,2026-09-30
2918.T,2702.0,2026-09-30
8233.T,2106.5,2026-09-30
7071.T,399.0,2026-09-30
9380.T,448.0,2026-09-30
9778.T,5530.0,2026-09-30
9069.T,2341.0,2026-09-30
9956.T,1628.0,2026-09-30
9432.T,171.6,2026-09-30
3192.T,235.0,2026-09-30
4691.T,2044.0,2026-09-30
9366.T,1279.0,2026-09-30
3021.T,1638.0,2026-09-30
3612.T,1561.0,2026-09-30
7083.T,1301.0,2026-09-30
9534.T,865.0,2026-09-30
9704.T,27.0,2026-09-30
9399.T,14.0,2026-09-30
2778.T,120.0,2026-09-30
8107.T,30.0,2026-09-30
3182.T,1664.0,2026-09-30
9619.T,2729.0,2026-09-30
9326.T,480.0,2026-09-30
9502.T,2709.5,2026-09-30
9251.T,1571.0,2026-09-30
7686.T,431.0,2026-09-30
2933.T,1098.0,2026-09-30
8273.T,955.0,2026-09-30
4343.T,2687.0,2026-09-30
4615.T,133.0,2026-09-30
4245.T,724.0,2026-09-30
4720.T,240.0,2026-09-30
8181.T,1026.0,2026-09-30
7743.T,793.0,2026-09-30
2502.T,1591.0,2026-09-30
9142.T,3395.0,2026-09-30
3086.T,2648.0,2026-09-30
9846.T,978.0,2026-09-30
9166.T,658.0,2026-09-30
3326.T,659.0,2026-09-30
3861.T,846.3,2026-09-30
8830.T,3183.0,2026-09-30
549A.T,465.0,2026-09-30
3289.T,1232.5,2026-09-30
7814.T,613.0,2026-09-30
9045.T,3132.0,2026-09-30
7065.T,955.0,2026-09-30
8267.T,1289.0,2026-09-30
2653.T,2787.0,2026-09-30
3382.T,2003.5,2026-09-30
2927.T,851.0,2026-09-30
4235.T,672.0,2026-09-30
5074.T,549.0,2026-09-30
6217.T,799.0,2026-09-30
7037.T,799.0,2026-09-30
9008.T,757.7,2026-09-30
9052.T,1943.0,2026-09-30
4188.T,1174.0,2026-09-30
4100.T,2000.0,2026-09-30
9051.T,1225.0,2026-09-30
9903.T,914.0,2026-09-30
7215.T,418.0,2026-09-30
5938.T,1696.0,2026-09-30
9173.T,2813.0,2026-09-30
5852.T,654.0,2026-09-30
6625.T,344.0,2026-09-30
7111.T,580.0,2026-09-30
8086.T,1368.5,2026-09-30
9006.T,1534.0,2026-09-30
9842.T,1866.0,2026-09-30
3293.T,757.0,2026-09-30
4436.T,692.0,2026-09-30
477A.T,849.0,2026-09-30
2138.T,424.0,2026-09-30
9022.T,3724.0,2026-09-30
7593.T,514.0,2026-09-30
7267.T,1682.0,2026-09-30
9063.T,4140.0,2026-09-30
8804.T,3279.0,2026-09-30
5204.T,3085.0,2026-09-30
3370.T,478.0,2026-09-30
5707.T,962.0,2026-09-30
6557.T,678.0,2026-09-30
7130.T,2732.0,2026-09-30
9042.T,4387.0,2026-09-30
4651.T,250.0,2026-09-30
3137.T,219.0,2026-09-30
6218.T,660.0,2026-09-30
9007.T,1718.5,2026-09-30
8203.T,737.0,2026-09-30
5940.T,746.0,2026-09-30
7199.T,2117.0,2026-09-30
7091.T,1200.0,2026-09-30
3069.T,159.0,2026-09-30
9023.T,1479.0,2026-09-30
9223.T,361.0,2026-09-29
9024.T,3506.0,2026-09-30
7808.T,2606.0,2026-09-30
3003.T,1726.5,2026-09-30
8897.T,442.0,2026-09-30
4809.T,2001.0,2026-09-30
8143.T,152.0,2026-09-30
3121.T,250.0,2026-09-30
2471.T,273.0,2026-09-30
3232.T,565.0,2026-09-30
7516.T,4400.0,2026-09-30
4712.T,821.0,2026-09-30
3544.T,1248.0,2026-09-30
9031.T,2903.0,2026-09-30
9993.T,1152.0,2026-09-30
7129.T,1136.0,2026-09-30
4645.T,445.0,2026-09-29
168A.T,1056.0,2026-09-30
9005.T,1613.5,2026-09-30
9723.T,635.0,2026-09-30
3123.T,646.0,2026-09-30
2445.T,391.0,2026-09-30
2485.T,440.0,2026-09-30
9656.T,600.0,2026-09-30
372A.T,5660.0,2026-09-30
7578.T,73.0,2026-09-30
3524.T,1480.0,2026-09-30
9158.T,784.0,2026-09-30
6982.T,595.0,2026-09-30
3607.T,362.0,2026-09-30
3536.T,128.0,2026-09-30
8803.T,2320.0,2026-09-30
7561.T,700.0,2026-09-30
9081.T,3930.0,2026-09-30
9021.T,2942.0,2026-09-30
3315.T,97.0,2026-09-30
9020.T,3350.0,2026-09-30
4678.T,332.0,2026-09-30
6523.T,1430.0,2026-09-30
9204.T,437.0,2026-09-30
6074.T,508.0,2026-09-30
2424.T,618.0,2026-09-30
9268.T,415.0,2026-09-30
9305.T,2004.0,2026-09-30
2984.T,809.0,2026-09-30
9503.T,2705.5,2026-09-30
9041.T,3395.0,2026-09-30
9044.T,3023.0,2026-09-30
5010.T,299.0,2026-09-30
6464.T,337.0,2026-09-30
2378.T,1012.0,2026-09-30
5271.T,2240.0,2026-09-30
3204.T,506.0,2026-09-30
3856.T,199.0,2026-09-25
9048.T,1855.5,2026-09-30
3011.T,142.0,2026-09-30
9001.T,2821.0,2026-09-30
2687.T,494.0,2026-09-30
9603.T,1099.0,2026-09-30
7062.T,689.0,2026-09-30
3880.T,974.0,2026-09-30
9003.T,2508.5,2026-09-30
9519.T,829.0,2026-09-30
6615.T,235.0,2026-09-30
3109.T,1042.0,2026-09-30
8835.T,790.0,2026-09-30
3422.T,669.0,2026-09-30
7604.T,918.0,2026-09-30
8424.T,4447.0,2026-09-30
2747.T,3205.0,2026-09-30
8425.T,1336.0,2026-09-30
9446.T,682.0,2026-09-30
7362.T,880.0,2026-09-30
5994.T,995.0,2026-09-30
7640.T,198.0,2026-09-30
6444.T,190.0,2026-09-30
9082.T,2623.0,2026-09-30
2796.T,507.0,2026-09-30
8439.T,2640.0,2026-09-30
297A.T,211.0,2026-09-30
7061.T,491.0,2026-09-30
7212.T,734.0,2026-09-30
9033.T,620.0,2026-09-30
2291.T,507.0,2026-09-30
4350.T,532.0,2026-09-30
9536.T,2495.0,2026-09-30
4331.T,867.0,2026-09-30
8593.T,1341.0,2026-09-30
9513.T,4060.0,2026-09-30
9355.T,2225.0,2026-09-30
7515.T,4600.0,2026-09-30
2373.T,448.0,2026-09-30
2418.T,600.0,2026-09-30
5932.T,651.0,2026-09-30
7040.T,966.0,2026-09-29
7831.T,66.0,2026-09-30
9835.T,511.0,2026-09-30
8894.T,16.0,2026-09-30
9514.T,351.0,2026-09-30
3896.T,424.0,2026-09-30
6425.T,712.0,2026-09-30
6186.T,373.0,2026-09-30
4920.T,1150.0,2026-09-30
7256.T,548.0,2026-09-30
9507.T,2182.5,2026-09-30
9060.T,4200.0,2026-09-30
6699.T,487.0,2026-09-30
3202.T,130.0,2026-09-30
4755.T,690.4,2026-09-30
9160.T,334.0,2026-09-30
3863.T,1314.0,2026-09-30
8473.T,3162.0,2026-09-30
3248.T,890.0,2026-09-30
7898.T,930.0,2026-09-30
9012.T,2075.0,2026-09-30
7372.T,430.0,2026-09-30
9046.T,2394.0,2026-09-30
9115.T,1044.0,2026-09-30
6412.T,2102.0,2026-09-30
9229.T,108.0,2026-09-30
9130.T,1723.0,2026-09-30
9017.T,1998.0,2026-09-30
3494.T,418.0,2026-09-30
4735.T,283.0,2026-09-30
2993.T,2170.0,2026-09-30
9508.T,2098.0,2026-09-29
9812.T,232.0,2026-09-30
8260.T,373.0,2026-09-30
2435.T,206.0,2026-09-30
9505.T,1135.0,2026-09-30
9511.T,1193.0,2026-09-30
9506.T,1297.0,2026-09-30
8254.T,312.0,2026-09-30
7815.T,347.0,2026-09-30
9509.T,1132.0,2026-09-30
5202.T,496.0,2026-09-29
9501.T,534.1,2026-09-30
9504.T,1028.0,2026-09-30
3111.T,170.0,2026-09-30
8247.T,357.0,2026-09-30
9444.T,256.0,2026-09-30
