コード,純利益,純資産
3600,-107845000.0,9444641000.0
5856,194942000.0,2933108000.0
9885,-1012000000.0,16854000000.0
3189,-2660020000.0,12644936000.0
1897,236000000.0,19453000000.0
2484,-4971000000.0,28626000000.0
7297,,14837096000.0
6513,-83748000.0,23475140000.0
2055,310000000.0,18236000000.0
6771,235000000.0,13658000000.0
8617,-466000000.0,15723000000.0
4387,120104000.0,1394917000.0
5956,500150000.0,14698972000.0
7399,212726000.0,11741379000.0
7427,,11460668000.0
6943,-404091000.0,12700828000.0
5658,1065449000.0,51807017000.0
8013,50000000.0,6868000000.0
5900,,13206443000.0
2788,787809000.0,10268911000.0
8917,1435197000.0,40756093000.0
7879,-829234000.0,34057661000.0
5921,1447253000.0,28956235000.0
8746,295700000.0,5532916000.0
5962,227649000.0,4222909000.0
5753,964000000.0,11907000000.0
5603,798000000.0,14356000000.0
8040,236534000.0,10600317000.0
8138,629354000.0,8712096000.0
6249,,58599000000.0
4102,148628000.0,9801346000.0
7902,,8910744000.0
5923,343687000.0,20481829000.0
6155,-645000000.0,16274000000.0
3787,-285004000.0,1762611000.0
6049,169691000.0,9215607000.0
8891,975204000.0,10982545000.0
8144,,26414000000.0
6964,569572000.0,15614166000.0
3396,,19268000000.0
5280,3017703000.0,27439632000.0
5909,1103000000.0,76280000000.0
6257,,46777000000.0
8165,3940000000.0,17038000000.0
8772,,49054015000.0
8904,639446000.0,28021596000.0
4234,,20098131000.0
3261,-3112000.0,2686372000.0
7851,100114000.0,2389940000.0
9767,283501000.0,4593049000.0
7442,526983000.0,22402921000.0
9162,,9233259000.0
4624,548827000.0,17221993000.0
2388,-226643000.0,2970604000.0
5928,27798000.0,9187764000.0
7219,361443000.0,10650924000.0
7857,280418000.0,15532999000.0
6467,56477000.0,10962249000.0
7266,,52702000000.0
9914,86197000.0,3086667000.0
6228,318000000.0,12468000000.0
8995,,3983860000.0
8147,629559000.0,11898042000.0
8046,1534000000.0,30926000000.0
1994,190520000.0,10796832000.0
7624,284000000.0,13137000000.0
8119,974483000.0,13380031000.0
7229,4548000000.0,102159000000.0
9929,117025000.0,9916556000.0
4341,81000000.0,5433000000.0
7538,1189000000.0,11455000000.0
7877,185232000.0,7204022000.0
9872,551000000.0,14261000000.0
2193,741436000.0,12897326000.0
6262,964908000.0,32477524000.0
7991,4718416000.0,25110256000.0
2499,231242000.0,3732606000.0
7841,600986000.0,23297089000.0
6346,743887000.0,12286441000.0
4231,,44182094000.0
6054,-22266000.0,4172551000.0
6867,-185245000.0,3203475000.0
7887,,24412574000.0
2917,-73700000.0,11528285000.0
3439,,9982287000.0
5918,,43265000000.0
5984,984449000.0,30556144000.0
1420,673078000.0,15321096000.0
1758,462977000.0,9497839000.0
3320,1759000000.0,19472000000.0
4629,588158000.0,16520179000.0
7871,,36595000000.0
6393,1249115000.0,23796658000.0
3426,,10150417000.0
8135,2992000000.0,14552000000.0
7531,348009000.0,15978239000.0
9854,3000000.0,12012000000.0
5971,708295000.0,15656145000.0
7434,855073000.0,15388398000.0
3246,695704000.0,10660147000.0
4705,-75274000.0,4798967000.0
7670,1779000000.0,21366000000.0
5697,450913000.0,9855434000.0
7175,760709000.0,12092888000.0
4224,,19013000000.0
6342,576746000.0,6895502000.0
3420,997440000.0,21249703000.0
6694,-1728030000.0,5640992000.0
2795,408822000.0,7886028000.0
1850,,17289000000.0
3758,352000000.0,8556000000.0
7422,17478000.0,4521694000.0
3161,199093000.0,6768319000.0
5951,1161135000.0,27939955000.0
6748,1232020000.0,19058534000.0
5819,1200929000.0,19048820000.0
9972,-2594639000.0,8392111000.0
7937,1986000000.0,67799000000.0
7021,241946000.0,11232651000.0
6335,345647000.0,8161556000.0
8938,70000000.0,7838000000.0
6292,576134000.0,13216573000.0
2814,596432000.0,19294292000.0
5187,713734000.0,16332319000.0
6899,,24543306000.0
3236,1957000000.0,12173000000.0
4627,1137776000.0,24417589000.0
7997,403095000.0,4847823000.0
4360,-895000000.0,10305000000.0
7435,251788000.0,18616072000.0
7122,560000000.0,33610000000.0
5446,572167000.0,17793249000.0
6497,969459000.0,17096976000.0
3537,527412000.0,8935959000.0
5282,835467000.0,23740528000.0
8869,2897000000.0,33978000000.0
9876,1068876000.0,10542614000.0
1853,921000000.0,14900000000.0
7264,486277000.0,22069619000.0
5079,573392000.0,18189942000.0
7908,565000000.0,18981000000.0
5986,329370000.0,14541154000.0
7218,1788623000.0,24054684000.0
7521,,33965000000.0
6150,293670000.0,5216018000.0
4625,228836000.0,10351739000.0
4243,194094000.0,4469999000.0
5966,544801000.0,12253511000.0
7975,67066000.0,10978918000.0
3477,550784000.0,3973869000.0
6743,,24290459000.0
7464,229982000.0,7225074000.0
7865,-61078000.0,1679786000.0
5078,1147664000.0,21116452000.0
3639,,2175060000.0
5915,1274000000.0,31825000000.0
3297,343138000.0,4428022000.0
3054,240626000.0,3071563000.0
9895,-208268000.0,7927942000.0
6159,782936000.0,13601932000.0
3892,798698000.0,12944347000.0
4644,603026000.0,12064090000.0
4365,6830000000.0,79402000000.0
3954,1320253000.0,23450850000.0
7279,8419000000.0,175144000000.0
3131,642779000.0,7404721000.0
7486,821000000.0,20897000000.0
7985,-280180000.0,2332966000.0
7957,-2701073000.0,7968156000.0
8076,,31695420000.0
3710,261735000.0,4583304000.0
2489,252902000.0,13654889000.0
5969,77278000.0,4841986000.0
6325,566419000.0,8089489000.0
3134,1278023000.0,10570120000.0
6276,-731214000.0,1706414000.0
6797,2206550000.0,22399543000.0
7472,1231441000.0,20982178000.0
2221,,67952167000.0
3583,580136000.0,6707799000.0
6778,,6989803000.0
5945,1506382000.0,36767724000.0
3386,337000000.0,9373000000.0
9867,1080771000.0,11110907000.0
3895,672450000.0,7264884000.0
3944,315383000.0,9997890000.0
7928,47133000.0,5290967000.0
6158,435087000.0,10267097000.0
2497,1480452000.0,21173792000.0
3851,-157225000.0,7868182000.0
1793,,64863000000.0
4170,29815000.0,2983182000.0
7953,165822000.0,9518039000.0
5363,,40906348000.0
5997,460966000.0,9835816000.0
7614,944255000.0,18108822000.0
7872,-345000000.0,11909000000.0
5958,1588000000.0,20969000000.0
3953,-109789000.0,4880176000.0
3277,1294936000.0,13551397000.0
3641,-164000000.0,8896000000.0
6360,1222328000.0,9439525000.0
6907,360456000.0,9104510000.0
1376,1200256000.0,25013624000.0
2449,476168000.0,5363131000.0
2654,,6621349000.0
9414,1345307000.0,24426185000.0
3417,,30988000000.0
3597,,38326071000.0
7885,520478000.0,31906944000.0
5388,1078078000.0,21546426000.0
4829,21693000.0,4738122000.0
6485,,39752000000.0
8123,411806000.0,7087703000.0
7859,476399000.0,8206386000.0
1905,749323000.0,12991740000.0
5304,5750000000.0,73787000000.0
7896,,6312000000.0
5368,776607000.0,13697897000.0
3958,,9465016000.0
7677,-509637000.0,9364065000.0
6482,1692927000.0,35111229000.0
3513,782000000.0,22258000000.0
6919,401552000.0,15224531000.0
9425,-225658000.0,1369041000.0
8844,,49314000000.0
7565,,11730461000.0
2999,387725000.0,5769223000.0
7551,1430859000.0,17110454000.0
9820,264994000.0,4128466000.0
2700,5520514000.0,20430558000.0
7265,326533000.0,6055814000.0
4119,5026157000.0,19775501000.0
4308,550856000.0,10563692000.0
3321,1696840000.0,15675528000.0
6245,,38240538000.0
6091,,16177249000.0
7235,1422928000.0,21960756000.0
8045,,17375473000.0
6730,978000000.0,12905000000.0
6165,868000000.0,22007000000.0
8152,2586595000.0,20173014000.0
1768,500854000.0,9059125000.0
6858,395000000.0,16312000000.0
7602,-187403000.0,4608531000.0
6149,2315350000.0,18528420000.0
7446,428799000.0,7927160000.0
5871,-36000000.0,11327000000.0
7544,,3850000000.0
5464,4128000000.0,55513000000.0
7681,152777000.0,5634847000.0
8700,,7593640000.0
2385,-210696000.0,6022174000.0
3577,311712000.0,7165831000.0
6365,,27830000000.0
9478,531000000.0,9042000000.0
4628,10729000000.0,163521000000.0
3674,-329112000.0,4092619000.0
9760,-566770000.0,9310808000.0
9980,254163000.0,14629441000.0
3943,944000000.0,18658000000.0
1724,242000000.0,6208000000.0
6678,1004583000.0,14389062000.0
2329,,84866000000.0
1807,891639000.0,21342649000.0
7314,96621000.0,4156603000.0
3802,43215000.0,1801072000.0
2911,,8191427000.0
6022,38035000.0,8959351000.0
6494,105630000.0,5157009000.0
8202,-99000000.0,22686000000.0
4120,363122000.0,7452575000.0
4925,576566000.0,8927116000.0
8104,747000000.0,15976000000.0
6915,2624000000.0,40283000000.0
7847,,5042697000.0
9857,,16956756000.0
3434,-301000000.0,35460000000.0
9625,,9154646000.0
7689,-437770000.0,1039659000.0
1826,611000000.0,15521000000.0
6382,,32197562000.0
4299,1293000000.0,11782000000.0
8572,32124000000.0,653561000000.0
2735,870678000.0,13029939000.0
6882,502000000.0,24341000000.0
6894,355982000.0,3863468000.0
9845,2812000000.0,45504000000.0
2425,374023000.0,2923419000.0
6229,553410000.0,10312566000.0
6488,932983000.0,16820400000.0
3653,-77574000.0,3619667000.0
6832,,42915559000.0
4936,,8534043000.0
9253,189575000.0,1633714000.0
7487,408849000.0,19126516000.0
3816,,5101025000.0
1770,,18984444000.0
1866,3381000000.0,46659000000.0
6647,568705000.0,5158699000.0
1811,3504000000.0,96865000000.0
3435,1122961000.0,18435626000.0
4761,1145000000.0,19864000000.0
5218,1730799000.0,51932054000.0
2009,1132163000.0,36759966000.0
1847,4697000000.0,34085000000.0
8705,351184000.0,12004482000.0
7185,2229517000.0,19766604000.0
2483,723716000.0,6760747000.0
7946,60694000.0,1788952000.0
1867,1934620000.0,28999067000.0
1798,1651794000.0,15940609000.0
9475,541404000.0,13021008000.0
7228,1148821000.0,9404458000.0
9996,,26268554000.0
9339,98819000.0,3178676000.0
4918,43013000.0,2468399000.0
5449,,155985000000.0
6265,248657000.0,5996652000.0
5129,-2114000000.0,3763000000.0
3089,412655000.0,2313100000.0
5189,425918000.0,9059749000.0
6338,584879000.0,10266594000.0
8041,4527000000.0,35553000000.0
9955,1415355000.0,38853439000.0
9908,2973182000.0,29892271000.0
4406,522000000.0,17785000000.0
3766,,4616818000.0
7031,-414576000.0,1655689000.0
3437,467391000.0,7599056000.0
5458,333000000.0,4736000000.0
7567,37265000.0,4473980000.0
6034,55775000.0,4645197000.0
5906,1334649000.0,16690066000.0
7287,,216694000000.0
7922,86096000.0,8775615000.0
9906,4123829000.0,37655395000.0
6316,743000000.0,20596000000.0
5820,168237000.0,6614138000.0
6030,712507000.0,11012627000.0
8871,5014000000.0,133772000000.0
7444,1289072000.0,24776458000.0
7523,,15315854000.0
9647,610898000.0,4418340000.0
4429,355518000.0,3029016000.0
6038,307986000.0,4560642000.0
6337,427000000.0,14162000000.0
3377,12721006000.0,7017473000.0
5816,1514728000.0,27755895000.0
4591,-1018939000.0,3043632000.0
1716,1327762000.0,19230099000.0
1822,3691000000.0,71536000000.0
2481,389136000.0,5108085000.0
2693,55758000.0,7945520000.0
1981,1133684000.0,18869872000.0
6496,1730055000.0,25456649000.0
1430,1669537000.0,9760903000.0
1972,2941000000.0,27103000000.0
6918,1137953000.0,20059152000.0
8737,,17873970000.0
3512,429905000.0,20242923000.0
7527,-258153000.0,4345988000.0
7192,982664000.0,8776364000.0
6927,,16106833000.0
9726,,51258000000.0
6540,1515125000.0,14589615000.0
7983,-2525115000.0,10747785000.0
7351,407051000.0,4145175000.0
1788,,3172184000.0
9363,269543000.0,3467835000.0
3908,144924000.0,1291709000.0
2763,6613000000.0,29842000000.0
5542,401136000.0,5806497000.0
6848,1113000000.0,21919000000.0
3553,1100000000.0,36228000000.0
6484,,28325666000.0
7833,556292000.0,5945423000.0
5125,,2014317000.0
7460,2625000000.0,43176000000.0
2961,601133000.0,7474259000.0
6870,1247024000.0,14607861000.0
4635,1180000000.0,29629000000.0
7292,5943000000.0,88920000000.0
4754,757668000.0,8476473000.0
9888,927643000.0,17481660000.0
3682,220239000.0,3513010000.0
7208,540606000.0,11473947000.0
7722,940376000.0,11224269000.0
8742,239411000.0,9767782000.0
2330,440577000.0,3077986000.0
7370,539211000.0,4643545000.0
1443,,10916028000.0
4990,411843000.0,8119682000.0
7077,,1661144000.0
9408,,24191856000.0
4059,14267000.0,845330000.0
9248,1564000000.0,20864000000.0
6063,101886000.0,1887309000.0
6897,,7743534000.0
9466,473040000.0,3298416000.0
7539,1679268000.0,26298928000.0
5695,318421000.0,12783132000.0
4772,375841000.0,7470373000.0
4934,,6122000000.0
4623,701620000.0,14151203000.0
3930,,2559473000.0
4316,-179556000.0,487853000.0
3839,263367000.0,6304680000.0
1795,405234000.0,5277443000.0
3826,583408000.0,4111468000.0
7782,264345000.0,2818865000.0
3071,150730000.0,2963273000.0
3911,1086086000.0,6876145000.0
2408,335805000.0,6022082000.0
4388,-18039000.0,2357241000.0
6626,3113136000.0,23224523000.0
7140,128341000.0,1226149000.0
3143,915103000.0,5123057000.0
7878,110359000.0,1547055000.0
4992,4452000000.0,52899000000.0
5131,,1657768000.0
7046,136557000.0,2209042000.0
6637,4451526000.0,51432263000.0
5967,787047000.0,11298788000.0
6384,561931000.0,11590244000.0
6505,2128000000.0,27383000000.0
4620,,40894922000.0
3622,-33753000.0,2641730000.0
5983,699171000.0,19236025000.0
4512,64440000.0,11610350000.0
1799,5242713000.0,71657142000.0
8747,1915116000.0,13800128000.0
7501,-128865000.0,4366128000.0
9563,22550000.0,1677906000.0
5527,1082336000.0,8390991000.0
7837,-530768000.0,2396821000.0
6676,,45038000000.0
7916,70563000.0,17573360000.0
3416,92657000.0,1205888000.0
4351,71270000.0,3369759000.0
2819,,34214000000.0
6161,1181838000.0,10378958000.0
8023,,12665539000.0
4994,1690889000.0,25157658000.0
6599,313410000.0,4786041000.0
4728,250235000.0,6122695000.0
7213,2255463000.0,10100344000.0
6580,485040000.0,3120160000.0
3352,343880000.0,6197387000.0
3266,327000000.0,3304000000.0
3079,410119000.0,9127765000.0
8226,661261000.0,5358129000.0
8127,143178000.0,17314440000.0
8946,113088000.0,2349097000.0
7299,1546794000.0,30444157000.0
3299,6659000000.0,35801000000.0
8066,,167172000000.0
3550,151543000.0,2586734000.0
3646,57923000.0,1649542000.0
3375,297019000.0,2933658000.0
7940,520797000.0,16618164000.0
4736,417166000.0,3388769000.0
5240,-336159000.0,1224198000.0
3799,1031747000.0,7569625000.0
7634,1463492000.0,18429592000.0
3800,716887000.0,11971981000.0
6864,450649000.0,12563355000.0
6033,1130351000.0,5874850000.0
6552,-235822000.0,2675486000.0
4094,,46478869000.0
3023,2079000000.0,21861000000.0
2479,228153000.0,1418954000.0
6069,600742000.0,4363474000.0
7849,1377253000.0,10772952000.0
3306,101364000.0,2493667000.0
4076,427349000.0,3959471000.0
6248,319468000.0,2919000000.0
6246,,19631591000.0
3760,246488000.0,6221635000.0
4893,-793536000.0,3931940000.0
8077,904875000.0,14290656000.0
2883,-574629000.0,8794337000.0
2806,553000000.0,22502000000.0
5184,5514000000.0,60357000000.0
9330,-63649000.0,901809000.0
9193,2044245000.0,23756377000.0
3772,1102812000.0,19398994000.0
6489,3077000000.0,29918000000.0
4616,72318000.0,3334763000.0
6769,-334330000.0,8823588000.0
9753,1326531000.0,10059428000.0
9799,1189246000.0,11684137000.0
7938,700000000.0,12745000000.0
9986,616598000.0,12876729000.0
2411,358000000.0,4202000000.0
6664,-226025000.0,5169710000.0
4880,10659000.0,6016824000.0
8118,,22474000000.0
7425,831658000.0,10096521000.0
3267,398077000.0,3344511000.0
7112,34847000.0,4042438000.0
4769,485609000.0,6428477000.0
3611,2600000000.0,37556000000.0
3948,151742000.0,9371590000.0
9827,523018000.0,8122417000.0
7804,491324000.0,3810285000.0
7800,194503000.0,2141412000.0
8006,,38883000000.0
7813,,3194896000.0
2349,,21529507000.0
7749,,45156021000.0
6901,247000000.0,12576000000.0
8945,,7908181000.0
1810,2726000000.0,50616000000.0
4619,,57457000000.0
4356,914874000.0,6252518000.0
1997,796697000.0,7554227000.0
7417,,25661000000.0
6267,,6876716000.0
3571,406794000.0,14826923000.0
9698,696000000.0,7332000000.0
6405,1462998000.0,15929161000.0
3670,171821000.0,2119477000.0
7039,536407000.0,4692986000.0
3680,-1787297000.0,4033743000.0
7067,76951000.0,1185006000.0
7590,198619000.0,12724946000.0
4069,-17143000.0,2518602000.0
9994,,35255000000.0
3848,268283000.0,4775902000.0
6156,,8188453000.0
1514,4195000000.0,28024000000.0
7087,710000000.0,8074000000.0
6926,,7068919000.0
3159,3334000000.0,54429000000.0
6230,1254463000.0,14201146000.0
2831,2459725000.0,41385778000.0
7305,2128000000.0,31114000000.0
6157,1264700000.0,18415889000.0
1960,1748000000.0,30466000000.0
6898,123761000.0,3981570000.0
3913,203898000.0,1390466000.0
3559,112531000.0,1378098000.0
6291,1131475000.0,14771502000.0
3627,-140530000.0,6124219000.0
9441,4128557000.0,26950786000.0
4883,-2152710000.0,2793304000.0
9780,860267000.0,9194726000.0
4247,80503000.0,5706297000.0
5939,369163000.0,4077115000.0
6863,1562563000.0,16652751000.0
4270,452943000.0,3057593000.0
7477,90954000.0,2691173000.0
3355,3944354000.0,49215010000.0
6286,1045444000.0,15948952000.0
3529,,31663000000.0
1828,2593138000.0,24980783000.0
5619,-23005000.0,1948984000.0
4287,508199000.0,3926937000.0
5982,5216826000.0,52292831000.0
2185,2149675000.0,21586778000.0
8018,2108000000.0,50832000000.0
6322,1217452000.0,10298075000.0
9344,321000000.0,3324000000.0
3825,,17910000000.0
4265,-336333000.0,678817000.0
6125,2024000000.0,40562000000.0
1914,1439806000.0,22953265000.0
7713,986017000.0,17667721000.0
3698,420710000.0,4055237000.0
6912,,14062390000.0
7079,912899000.0,4296024000.0
3421,,43570031000.0
8085,2241000000.0,26136000000.0
8029,1474000000.0,40455000000.0
4434,677331000.0,11460428000.0
4767,1132201000.0,9892003000.0
7807,616203000.0,2919624000.0
5576,,5113809000.0
4376,-2347000000.0,8005000000.0
4978,,8984946000.0
4752,714133000.0,5342675000.0
5237,1156714000.0,20665719000.0
4524,547000000.0,12152000000.0
3940,403659000.0,3525880000.0
6336,890000000.0,10643000000.0
2612,2357000000.0,35265000000.0
3841,213428000.0,3594265000.0
7254,2948112000.0,26637881000.0
4372,362640000.0,3000428000.0
9651,1478151000.0,11088904000.0
9258,-102199000.0,2216999000.0
3768,-49599000.0,5887412000.0
3624,-763131000.0,804711000.0
6824,,47653761000.0
6239,970374000.0,7507775000.0
8918,,8902902000.0
6493,630206000.0,29028915000.0
4240,100655000.0,1651709000.0
6082,,8027488000.0
9345,197144000.0,1909034000.0
5356,,14507588000.0
6989,2194000000.0,22712000000.0
4840,-423105000.0,4362682000.0
3020,1767000000.0,11840000000.0
7114,142798000.0,2292301000.0
4998,1462000000.0,25255000000.0
9476,245313000.0,4353747000.0
5950,-30189000.0,2300878000.0
6998,,12561000000.0
9376,113905000.0,1844340000.0
3461,122479000.0,2420750000.0
6874,2138124000.0,20123008000.0
7050,876068000.0,8950152000.0
4172,448093000.0,4196082000.0
6137,3633000000.0,42554000000.0
2415,,18096086000.0
4394,127466000.0,1669870000.0
1966,2309002000.0,20276404000.0
5990,-238413000.0,10276141000.0
1450,1576283000.0,8223072000.0
8887,-657912000.0,11066027000.0
4017,,1105435000.0
4093,,18304218000.0
1787,1047212000.0,8730632000.0
5273,10175000000.0,88580000000.0
3965,401823000.0,3786199000.0
2750,888108000.0,12232423000.0
6635,208833000.0,6944679000.0
4378,-152586000.0,1055757000.0
5138,362919000.0,1380255000.0
2186,460210000.0,4537350000.0
2493,146761000.0,3707858000.0
3490,,2958165000.0
2722,321372000.0,2388001000.0
7222,3033000000.0,176559000000.0
8927,1893734000.0,9526602000.0
3598,90042000.0,4257487000.0
3059,-771903000.0,6482410000.0
5018,1525000000.0,23477000000.0
6662,,1976067000.0
6307,346003000.0,4677341000.0
6888,,3363238000.0
9856,6529000000.0,67970000000.0
1967,3932952000.0,41151907000.0
2122,206005000.0,5636153000.0
9709,2109184000.0,14226599000.0
2916,,11844767000.0
1382,24712000.0,756208000.0
1992,431625000.0,6115618000.0
4178,23971000.0,1609715000.0
7803,3418196000.0,24187174000.0
7863,311887000.0,4142725000.0
7927,1510598000.0,18374660000.0
2152,,10278445000.0
6677,2731041000.0,34590925000.0
4977,,20690000000.0
6663,136695000.0,2669022000.0
6932,,44050000000.0
9225,147560000.0,1146995000.0
6198,-150151000.0,1833821000.0
6466,597568000.0,11944055000.0
7673,816342000.0,8411979000.0
4882,-904800000.0,1432407000.0
4881,-1911527000.0,1464133000.0
5660,1034000000.0,24020000000.0
8508,7939000000.0,161828000000.0
8928,3722466000.0,43564380000.0
5590,485016000.0,7633070000.0
2477,1067422000.0,6768401000.0
5035,-195091000.0,3062173000.0
9849,28016000.0,3898295000.0
3172,319000000.0,6284000000.0
5941,1807390000.0,20448189000.0
5868,317729000.0,2960189000.0
4667,286207000.0,6224144000.0
7480,,18694338000.0
8704,4547000000.0,17410000000.0
4491,397887000.0,3580183000.0
5973,-6437000.0,10776762000.0
9212,127324000.0,2106117000.0
9930,648479000.0,10783334000.0
1435,1989528000.0,11163583000.0
9127,2095920000.0,9263682000.0
6391,578915000.0,7818377000.0
9768,2381070000.0,30711271000.0
3991,1083381000.0,4910539000.0
9265,616000000.0,8975000000.0
4750,335244000.0,5566423000.0
2332,767591000.0,7253458000.0
2341,189080000.0,2855568000.0
4465,1805495000.0,14756730000.0
4238,606384000.0,22989619000.0
3934,830895000.0,7940570000.0
6675,3502000000.0,30764000000.0
2305,1162055000.0,30229392000.0
7702,89000000.0,40834000000.0
4012,642849000.0,4076266000.0
2114,2845999000.0,23827479000.0
6772,709008000.0,7575523000.0
6203,749000000.0,18736000000.0
9233,1803117000.0,21962937000.0
4659,2104607000.0,25029760000.0
6643,,22403326000.0
2342,-1089641000.0,4762709000.0
3773,1408637000.0,12307617000.0
5268,411747000.0,12126380000.0
8898,802247000.0,6611474000.0
7255,211910000.0,4860910000.0
2876,-422804000.0,6120094000.0
6803,,3558000000.0
1844,,5617804000.0
4171,232163000.0,2520329000.0
4284,839840000.0,6578035000.0
2454,-39054000.0,4054878000.0
2907,1548947000.0,17388774000.0
7514,11000000.0,16329000000.0
9782,841330000.0,16726388000.0
4167,125877000.0,1905372000.0
6853,1033330000.0,18214871000.0
4595,3425000000.0,18683000000.0
6546,250059000.0,6996906000.0
3918,817590000.0,9023528000.0
2169,456433000.0,8892661000.0
3042,42811000.0,1186082000.0
6822,,7053730000.0
4317,745577000.0,6795352000.0
4334,176705000.0,2627361000.0
5126,129000000.0,1377000000.0
4673,620503000.0,5248285000.0
1827,,42834000000.0
9904,569000000.0,4468000000.0
5484,,27920571000.0
9687,1860000000.0,16716000000.0
7217,247681000.0,6201279000.0
6378,2309000000.0,19131000000.0
6392,,16409425000.0
2652,1121645000.0,11822655000.0
8285,,47378000000.0
6786,-230861000.0,749109000.0
4586,-937373000.0,2048990000.0
3904,683924000.0,5797747000.0
8518,,6816000000.0
6190,-448933000.0,1365406000.0
7500,2681935000.0,20480298000.0
1491,1218720000.0,8182188000.0
5974,376000000.0,5384000000.0
4599,,8894534000.0
7377,1922581000.0,15498745000.0
4248,771051000.0,12067267000.0
3138,79224000.0,2411845000.0
7072,153480000.0,1531062000.0
9763,1218000000.0,16816000000.0
6138,205422000.0,7939070000.0
6877,6762000000.0,74532000000.0
4427,16404000.0,1354791000.0
2981,1404730000.0,8345976000.0
4391,283173000.0,2176741000.0
4891,-660548000.0,2815488000.0
2438,-263056000.0,5386353000.0
7883,332274000.0,11829355000.0
4424,-372270000.0,907103000.0
2183,-539102000.0,7253456000.0
3623,408022000.0,3132963000.0
7999,1373000000.0,23677000000.0
4416,13231000.0,1080799000.0
1381,1720000000.0,21599000000.0
3723,903682000.0,10877198000.0
7277,-1204000000.0,28248000000.0
7506,79624000.0,5652548000.0
3625,,2275762000.0
9165,,3155977000.0
1904,,27628953000.0
7042,188644000.0,1184277000.0
6518,,11898022000.0
3842,204883000.0,2172751000.0
7986,418693000.0,4629047000.0
2669,1807608000.0,29885050000.0
3909,-742757000.0,795895000.0
3998,-3780000.0,2190865000.0
3035,332198000.0,4477756000.0
3242,1850600000.0,17347836000.0
9242,,1305191000.0
7413,47544000.0,1160573000.0
7811,2175834000.0,21028217000.0
5355,369278000.0,5609705000.0
3467,1580177000.0,7228624000.0
6081,-743342000.0,1784409000.0
3001,5763000000.0,97645000000.0
3733,6112000000.0,41895000000.0
6648,1963138000.0,17744301000.0
4052,,729880000.0
6199,1709688000.0,8902773000.0
2136,413669000.0,3979883000.0
4929,,4178925000.0
7284,452884000.0,12003681000.0
7416,670014000.0,24165992000.0
6612,-1596000000.0,2810000000.0
5367,503567000.0,13113358000.0
6470,-4187000000.0,68669000000.0
6255,1325483000.0,10835613000.0
5965,2343939000.0,26306609000.0
3195,161415000.0,1887171000.0
2370,-1362138000.0,3777573000.0
3926,-120685000.0,4344477000.0
3181,,3062842000.0
4262,617746000.0,5803342000.0
3996,257171000.0,1803061000.0
4479,407256000.0,5416508000.0
9036,105654000.0,20207104000.0
3969,728342000.0,5137069000.0
7057,193686000.0,2057911000.0
7819,977908000.0,7418388000.0
3070,-242480000.0,4931230000.0
6171,482989000.0,5174746000.0
6185,,3980109000.0
9240,35023000.0,1112622000.0
3858,,2396047000.0
5888,948553000.0,6311258000.0
1783,-239599000.0,6376921000.0
4198,257600000.0,2738815000.0
5103,-203709000.0,1735921000.0
5284,2408421000.0,12358480000.0
3374,1049341000.0,11940226000.0
1438,384527000.0,4144480000.0
3912,488458000.0,3083716000.0
4664,186976000.0,2177556000.0
2498,3819096000.0,28455746000.0
7374,1039183000.0,5816939000.0
5936,792635000.0,9493482000.0
6633,263954000.0,3361916000.0
4440,424218000.0,2825370000.0
3945,976000000.0,4716000000.0
6424,1001137000.0,6038793000.0
3675,1356038000.0,7983414000.0
4124,-32110000.0,1647265000.0
7836,181617000.0,1734411000.0
7505,2517769000.0,15407626000.0
4031,350000000.0,23814000000.0
5244,1077496000.0,4095757000.0
7049,426572000.0,2536310000.0
5013,4315000000.0,43433000000.0
7608,929140000.0,5576842000.0
4113,,18499000000.0
7043,242210000.0,1415250000.0
4447,85590000.0,1152446000.0
4892,-763843000.0,2757626000.0
5161,3957000000.0,87934000000.0
7360,-151848000.0,952540000.0
4197,199926000.0,1592242000.0
2480,330829000.0,3701024000.0
4926,136272000.0,5703106000.0
2440,211017000.0,4945434000.0
9213,-180527000.0,852380000.0
6223,3455000000.0,32092000000.0
3648,1379546000.0,14661582000.0
1717,910529000.0,5597403000.0
7048,140537000.0,2647226000.0
4556,641019000.0,6775177000.0
5834,4388000000.0,25170000000.0
2436,863210000.0,4336428000.0
7963,885292000.0,13797083000.0
4642,541343000.0,7568854000.0
4884,-916255000.0,1309254000.0
3937,858398000.0,5601789000.0
4445,314575000.0,1716779000.0
6029,258292000.0,1695991000.0
4169,-4985167000.0,4551681000.0
7058,-38704000.0,4532325000.0
4335,,1484235000.0
2003,3550000000.0,49351000000.0
4263,,4604297000.0
2983,2457659000.0,7816508000.0
4361,298393000.0,3133512000.0
9467,,13708451000.0
2311,424869000.0,4674890000.0
6145,1307000000.0,36388000000.0
1736,,22378262000.0
4685,,19164000000.0
6090,256420000.0,1908596000.0
4671,1920000000.0,25252000000.0
5589,1498112000.0,13032070000.0
3988,423426000.0,3752379000.0
4068,,1970985000.0
7687,258000000.0,1391000000.0
7980,780581000.0,8565247000.0
9244,108128000.0,731964000.0
4488,-497022000.0,4523464000.0
4414,720787000.0,2722307000.0
4346,922000000.0,4329000000.0
2437,-142340000.0,2347833000.0
5729,2456081000.0,11932839000.0
4832,5442363000.0,33005781000.0
3361,841842000.0,20530415000.0
3974,125510000.0,2038651000.0
4464,2913761000.0,56572829000.0
4476,165246000.0,1946411000.0
6408,1162000000.0,17701000000.0
9558,765152000.0,3379528000.0
7343,231620000.0,3953015000.0
2391,,5426031000.0
7727,1029794000.0,15865608000.0
9982,1615000000.0,32554000000.0
2488,562703000.0,3655271000.0
2790,183000000.0,153955000000.0
6554,915000000.0,4226000000.0
4814,,1222641000.0
5025,126540000.0,889059000.0
4746,5374173000.0,50516001000.0
7555,221684000.0,5201023000.0
9219,,2011821000.0
9214,127711000.0,774369000.0
3440,917000000.0,12645000000.0
4380,423109000.0,2134184000.0
7971,3507000000.0,48045000000.0
5015,1050738000.0,10076058000.0
3970,67478000.0,3386614000.0
6670,14052000000.0,89318000000.0
6094,275472000.0,10949325000.0
2978,106639000.0,1931699000.0
6356,1550400000.0,12561579000.0
8841,,100229000000.0
9791,979058000.0,21650534000.0
3667,-1151722000.0,766492000.0
7358,1142000000.0,9259000000.0
3917,13901000.0,2497520000.0
3779,370450000.0,616530000.0
3947,3178092000.0,46865803000.0
7707,,4142850000.0
6193,111005000.0,1773238000.0
6659,-561936000.0,2442924000.0
7066,432354000.0,2759005000.0
6563,91164000.0,1306748000.0
3280,,9536000000.0
3907,206000000.0,1855000000.0
4496,91594000.0,2523215000.0
4439,2432598000.0,9797901000.0
7060,49795000.0,2842204000.0
6731,-853899000.0,845872000.0
1776,167000000.0,13559000000.0
7093,-1900000.0,542831000.0
5139,837093000.0,6869242000.0
6960,18605000000.0,181651000000.0
2286,1055000000.0,11790000000.0
6403,427000000.0,10175000000.0
8908,1599526000.0,13108300000.0
2708,1754000000.0,7917000000.0
9340,,2763155000.0
4486,410894000.0,2240340000.0
9632,2423851000.0,36938230000.0
4020,-101404000.0,779670000.0
3672,-434656000.0,1009617000.0
4428,217039000.0,1898353000.0
6904,166225000.0,13381096000.0
7875,1248000000.0,18202000000.0
5987,,5276189000.0
5582,,3638346000.0
4370,90971000.0,1373277000.0
6357,2995460000.0,45081959000.0
9353,232999000.0,6970613000.0
5922,1885168000.0,28832087000.0
4845,-2887886000.0,4338496000.0
9346,561980000.0,2938253000.0
6837,614000000.0,9829000000.0
5570,542549000.0,3325522000.0
7822,-29000000.0,44249000000.0
4074,287613000.0,3750271000.0
4450,388089000.0,3569203000.0
6093,189442000.0,3498029000.0
5134,138756000.0,875697000.0
5247,62459000.0,659519000.0
4175,72693000.0,5426369000.0
3560,448354000.0,4893564000.0
3004,1321000000.0,8783000000.0
6044,689068000.0,4812810000.0
6087,649573000.0,7405345000.0
2926,38040000.0,1048709000.0
3634,-139132000.0,552246000.0
3920,410714000.0,2273075000.0
3686,-728502000.0,1809319000.0
1718,1571726000.0,17225033000.0
3173,36000000.0,7820000000.0
6046,-197968000.0,810239000.0
2892,1527000000.0,24460000000.0
6835,2919832000.0,21330400000.0
3452,4420000000.0,20031000000.0
2689,,11373692000.0
5071,1357636000.0,6936616000.0
7078,-1073835000.0,1776602000.0
4420,598072000.0,5906003000.0
4477,1826000000.0,14921000000.0
2764,1530727000.0,5895201000.0
1418,828031000.0,4676055000.0
3294,880149000.0,11493812000.0
6176,656915000.0,5970480000.0
9610,,696828000.0
4576,-632087000.0,1435449000.0
7138,-445558000.0,805923000.0
2173,1913944000.0,4995600000.0
5867,217536000.0,1751795000.0
4366,820000000.0,14854000000.0
5033,552682000.0,1908259000.0
3169,124830000.0,3240816000.0
6180,646884000.0,3152087000.0
5644,1998000000.0,23462000000.0
3798,1635000000.0,10180000000.0
7779,,39575000000.0
3542,591669000.0,5958842000.0
7490,615455000.0,23322251000.0
8117,8681893000.0,55701679000.0
9640,1506019000.0,14235191000.0
7809,,7215942000.0
6035,,5614026000.0
1434,1076152000.0,7475723000.0
7987,,28716000000.0
5599,309111000.0,2003865000.0
7131,508265000.0,2322830000.0
6347,,1584022000.0
4166,-137687000.0,702518000.0
6840,112268000.0,3531803000.0
5250,107750000.0,1422394000.0
4972,,38003154000.0
5133,176001000.0,2848444000.0
7610,,6147197000.0
9236,-85055000.0,584227000.0
6579,-189375000.0,487034000.0
9087,155002000.0,7349222000.0
1444,,1501120000.0
5955,,11723501000.0
5942,-726153000.0,22184105000.0
8275,2168441000.0,17543659000.0
9368,,39209000000.0
5242,-68010000.0,600274000.0
1401,472287000.0,3696626000.0
9685,468768000.0,4489029000.0
3935,234016000.0,1371217000.0
3489,,9765295000.0
2315,166794000.0,3610292000.0
4421,256229000.0,1635896000.0
4261,290954000.0,1967913000.0
1965,7256000000.0,52943000000.0
5279,,7913471000.0
7325,,3632330000.0
6543,248661000.0,3435637000.0
4057,137570000.0,1181659000.0
4395,307771000.0,3452131000.0
3645,-68147000.0,1715808000.0
9564,662663000.0,3799104000.0
7080,783538000.0,2430668000.0
6928,447931000.0,21902508000.0
3690,-142198000.0,1658988000.0
3929,170042000.0,1542999000.0
9331,-393260000.0,709921000.0
6668,2007000000.0,13179000000.0
2986,6135147000.0,29949217000.0
6045,668382000.0,3578209000.0
6144,,30793000000.0
4389,634460000.0,3849086000.0
2303,418774000.0,2750450000.0
6195,358008000.0,1155529000.0
6177,-519247000.0,918850000.0
7353,294136000.0,1601509000.0
7775,1097620000.0,7515987000.0
6317,1246000000.0,41733000000.0
2782,11218000000.0,108001000000.0
7110,,4726844000.0
3652,157122000.0,3611482000.0
3985,73467000.0,764634000.0
6578,19944000.0,1082826000.0
3080,,6300003000.0
7781,,4463045000.0
3168,-203114000.0,9218101000.0
5162,-236037000.0,4880442000.0
6402,700690000.0,7140355000.0
5621,655353000.0,4431379000.0
6492,1102000000.0,11179000000.0
3566,517560000.0,3855409000.0
3024,486465000.0,5325414000.0
7373,1954663000.0,7194764000.0
5290,4826177000.0,36534679000.0
3719,177799000.0,2057718000.0
3441,,6419533000.0
7064,96583000.0,1430725000.0
3640,1842221000.0,12711171000.0
2586,270978000.0,2955961000.0
3776,300208000.0,8780698000.0
9537,1952784000.0,48832109000.0
8131,10515000000.0,98578000000.0
7035,-323033000.0,891414000.0
4571,-835380000.0,2739831000.0
4800,992077000.0,5657238000.0
2924,2102000000.0,11159000000.0
7115,1031264000.0,6742774000.0
3900,-257066000.0,6594140000.0
2813,1208405000.0,8553964000.0
8105,-407319000.0,2675391000.0
4274,219802000.0,3196999000.0
7792,1328215000.0,5167822000.0
2805,7565000000.0,80266000000.0
2428,,8378931000.0
4174,-465332000.0,1860734000.0
9562,123294000.0,771129000.0
7823,821000000.0,27042000000.0
4393,1351000000.0,5815000000.0
6566,,19574887000.0
7619,878022000.0,14890286000.0
3423,543833000.0,11197087000.0
4932,650413000.0,1873826000.0
4888,-140811000.0,3207486000.0
6577,,1151123000.0
3726,-243929000.0,1658776000.0
7191,1360035000.0,6970102000.0
3647,-315727000.0,694161000.0
2304,587056000.0,3089813000.0
4885,241277000.0,2451779000.0
1848,,12308000000.0
6334,120428000.0,3038356000.0
4811,757535000.0,2916246000.0
7014,26245000000.0,104764000000.0
2991,,8877644000.0
3928,228133000.0,1521160000.0
9307,,16775289000.0
4558,45148000.0,2526106000.0
7094,692000000.0,4758000000.0
5903,586465000.0,6921570000.0
9237,89670000.0,813474000.0
2354,1282078000.0,8113328000.0
4890,205766000.0,1587273000.0
2376,274892000.0,8044469000.0
2573,1670000000.0,43368000000.0
4783,1905576000.0,7785694000.0
8115,583334000.0,5460123000.0
2112,2136000000.0,16619000000.0
5337,740000000.0,8364000000.0
3444,43009000.0,5073948000.0
5533,699290000.0,5310908000.0
2139,163736000.0,2023078000.0
7716,-2398213000.0,114074440000.0
4013,1013085000.0,10249195000.0
9367,,9399011000.0
3075,1073574000.0,9309462000.0
4498,969684000.0,6578081000.0
2751,2064000000.0,16047000000.0
9927,345124000.0,3417394000.0
5257,234059000.0,2551931000.0
7134,785873000.0,4604914000.0
9423,86346000.0,639892000.0
5256,193949000.0,967090000.0
3744,320134000.0,1856736000.0
3495,1015589000.0,6198739000.0
3747,-145125000.0,1076118000.0
4838,287555000.0,8019363000.0
8089,2872000000.0,56228000000.0
4597,-876000000.0,1620000000.0
7793,329881000.0,2055875000.0
6037,,5652758000.0
5580,118921000.0,954906000.0
4582,-4776194000.0,1272039000.0
5572,,2123991000.0
9941,148725000.0,993080000.0
4596,-676253000.0,1813832000.0
9256,259935000.0,2418299000.0
7183,89580000.0,2361424000.0
2208,,61491000000.0
9421,,1580353000.0
4816,23623000000.0,153197000000.0
6994,1194672000.0,23383971000.0
3562,574387000.0,4469265000.0
5034,,1629029000.0
6658,2075000000.0,9927000000.0
9818,888729000.0,14909898000.0
7570,2890000000.0,32316000000.0
5699,598469000.0,5122140000.0
5721,,2871006000.0
3329,720703000.0,7171897000.0
2780,4777112000.0,32774680000.0
7694,-98093000.0,2363071000.0
3140,,5086000000.0
1723,,39494000000.0
3558,1570933000.0,7519893000.0
6018,536295000.0,14796528000.0
4193,331666000.0,3663523000.0
7177,10448000000.0,52844000000.0
4264,187586000.0,2926474000.0
3791,828016000.0,7829394000.0
4404,9616000000.0,42625000000.0
3664,-526660000.0,1330325000.0
7357,,1171431000.0
1921,,62373232000.0
4375,437887000.0,9098273000.0
6551,511417000.0,2008556000.0
4966,14078236000.0,106119189000.0
9159,173070000.0,1571322000.0
7481,2812000000.0,14474000000.0
8929,2750000000.0,11679000000.0
4979,2327000000.0,18809000000.0
4168,920605000.0,2961362000.0
4320,1557814000.0,8304989000.0
3931,-7948000.0,1073152000.0
5698,1175558000.0,17217476000.0
5869,1038819000.0,7014188000.0
2667,-559333000.0,717698000.0
5031,101687000.0,1973596000.0
9417,,1689633000.0
3538,1443511000.0,10839387000.0
3271,,7957202000.0
2998,1351394000.0,5273775000.0
7443,181119000.0,2515639000.0
4237,262848000.0,10016926000.0
1840,-93275000.0,13041058000.0
7081,1937406000.0,12627426000.0
5574,448268000.0,4471734000.0
4579,273115000.0,6896262000.0
7939,175029000.0,3266837000.0
6775,-193499000.0,604519000.0
4493,821903000.0,4421505000.0
9556,,4783311000.0
5027,927000000.0,16885000000.0
4398,142725000.0,2107805000.0
6396,,3357231000.0
4575,,2340867000.0
9816,43501000.0,2463698000.0
4293,3491390000.0,66548969000.0
4075,,1556965000.0
8198,10249000000.0,97050000000.0
4015,143755000.0,4530299000.0
7068,1002000000.0,3321000000.0
5586,146802000.0,2547945000.0
3989,1413204000.0,5156614000.0
3936,-320046000.0,716885000.0
2459,-115137000.0,334632000.0
4199,-131578000.0,595367000.0
5287,349034000.0,3696306000.0
5028,121748000.0,965452000.0
7461,1184211000.0,16261001000.0
8139,406380000.0,12999697000.0
3712,1077526000.0,6951967000.0
7636,,17863000000.0
3323,196717000.0,5054502000.0
3823,-69043000.0,1548274000.0
9238,86373000.0,581816000.0
6023,,44152000000.0
9560,888763000.0,2280732000.0
7719,,1624510000.0
4055,509237000.0,2913060000.0
5612,,9277000000.0
7774,-255304000.0,5825036000.0
4382,-177709000.0,4638049000.0
3804,627894000.0,5007246000.0
4584,-21140000.0,1410977000.0
1431,494687000.0,4714565000.0
7089,353748000.0,2165812000.0
4495,558635000.0,2568412000.0
4192,-17357000.0,2662211000.0
5285,1969549000.0,8628646000.0
4347,,4631045000.0
5905,-335325000.0,4094174000.0
4286,629033000.0,7841864000.0
6086,1239496000.0,4637105000.0
9691,1569534000.0,13630110000.0
9385,467351000.0,4276813000.0
7906,10591000000.0,69201000000.0
6573,-258588000.0,425195000.0
6545,255060000.0,1647052000.0
3840,-276771000.0,2474876000.0
4437,337706000.0,3035344000.0
5885,536804000.0,2851915000.0
9436,12402000000.0,96541000000.0
3633,878436000.0,2798654000.0
4583,-982779000.0,1122064000.0
4165,1099057000.0,4785902000.0
1909,3958283000.0,25634132000.0
7378,1023632000.0,3134151000.0
2321,-81165000.0,1231190000.0
5992,1855455000.0,76750006000.0
8783,-4411879000.0,2758058000.0
6548,-767900000.0,588386000.0
4441,625676000.0,2595253000.0
6614,-14584000.0,2471025000.0
3845,-110605000.0,859783000.0
1948,2737000000.0,21808000000.0
4056,-116204000.0,1867786000.0
9342,130228000.0,571489000.0
3683,1303000000.0,9142000000.0
4242,,11411000000.0
5029,115432000.0,992593000.0
6855,3454000000.0,27913000000.0
9561,-31658000.0,717502000.0
7317,1560404000.0,6932226000.0
6696,-61633000.0,350915000.0
3317,352141000.0,3259149000.0
4896,-993227000.0,1265435000.0
5575,281636000.0,901924000.0
9554,539634000.0,2335742000.0
6555,-276099000.0,2587265000.0
7291,56000000.0,34536000000.0
7564,16892000000.0,135301000000.0
4425,-801723000.0,3131106000.0
2156,27262000.0,2037802000.0
1436,275507000.0,5293300000.0
9913,,16527000000.0
7345,-9735000.0,630257000.0
7812,,8177402000.0
2997,117120000.0,1239172000.0
4397,362659000.0,1623922000.0
4499,-950660000.0,7289731000.0
5254,,4121750000.0
4371,1501810000.0,5058009000.0
5616,-4146000.0,345804000.0
1446,196374000.0,2961800000.0
4444,96293000.0,1136720000.0
7368,725806000.0,7864041000.0
8836,9000000.0,1648000000.0
5252,82904000.0,1139201000.0
4288,-440466000.0,336476000.0
6955,536000000.0,16304000000.0
3177,,3007372000.0
4484,176882000.0,1358517000.0
4073,,415453000.0
7036,-449587000.0,776495000.0
4019,208147000.0,1536913000.0
6208,423589000.0,5385789000.0
6819,,5762380000.0
2970,1652000000.0,5810000000.0
3979,458072000.0,3028072000.0
2375,272075000.0,2797259000.0
4419,659714000.0,9103020000.0
3914,418233000.0,3368000000.0
7760,1935000000.0,11883000000.0
4539,294000000.0,19167000000.0
5884,,1043414000.0
8931,2623485000.0,34721355000.0
2180,,4099118000.0
5341,-340786000.0,1033033000.0
4594,-1151149000.0,924986000.0
4563,-5123269000.0,3076079000.0
6182,,1956295000.0
1384,,14152000000.0
9439,,562091000.0
4256,112234000.0,3315229000.0
4592,-3842612000.0,13604667000.0
5588,202143000.0,1714627000.0
4894,-644342000.0,5526908000.0
7776,-1104101000.0,1268380000.0
2937,350434000.0,4957730000.0
4937,44090000.0,2091649000.0
3237,-432377000.0,735729000.0
4377,1500577000.0,5531667000.0
4196,26630000.0,790514000.0
6757,106689000.0,2479943000.0
7096,385796000.0,2627848000.0
4598,-1721164000.0,277797000.0
6522,-182293000.0,1729227000.0
3695,155636000.0,2434852000.0
3727,-137410000.0,2348267000.0
8230,905000000.0,12540000000.0
2597,674337000.0,7099396000.0
2894,287881000.0,3851667000.0
3521,191559000.0,4924906000.0
4442,589094000.0,3261982000.0
4570,249047000.0,1514359000.0
4771,,13213533000.0
4386,480567000.0,2451313000.0
5817,,5239192000.0
4412,112172000.0,1393972000.0
6597,,2487829000.0
7041,153323000.0,2920648000.0
4431,1639394000.0,7667003000.0
6568,737329000.0,13520227000.0
9343,848969000.0,2899319000.0
4379,291784000.0,2399102000.0
4418,,3290694000.0
6226,2840888000.0,11487396000.0
4422,-82265000.0,709055000.0
5985,,26591000000.0
4766,95876000.0,520607000.0
4478,1370024000.0,19663281000.0
7073,130027000.0,1071013000.0
7463,6012061000.0,53863037000.0
7082,472234000.0,1694086000.0
7794,,3418869000.0
4058,1085000000.0,4040000000.0
9246,126639000.0,2260118000.0
4107,6498000000.0,40069000000.0
7356,11734000.0,339289000.0
3372,378022000.0,1289822000.0
4016,94862000.0,723290000.0
2668,569724000.0,5364931000.0
3850,341309000.0,5117937000.0
4415,416997000.0,1627360000.0
4482,839094000.0,2595698000.0
6736,17228604000.0,47608277000.0
7711,794456000.0,4890261000.0
9686,,21738253000.0
6083,1293720000.0,6342381000.0
4179,-218573000.0,168713000.0
7120,512872000.0,1750825000.0
3987,-35039000.0,784207000.0
3446,,2696777000.0
5038,1088240000.0,3375049000.0
5132,366545000.0,1515790000.0
2160,-4244000000.0,50152000000.0
6629,,10088630000.0
4014,,352650000.0
4889,113427000.0,1720152000.0
6524,2992000000.0,23439000000.0
2736,176413000.0,1664232000.0
5136,501815000.0,1654599000.0
6836,12046000.0,416712000.0
8225,,2253910000.0
3807,-8292000.0,1131691000.0
2464,242700000.0,4563159000.0
6862,373818000.0,5908699000.0
4564,-815285000.0,729112000.0
5592,2034965000.0,8452292000.0
7376,-73653000.0,568694000.0
3891,,23903333000.0
4490,477245000.0,865496000.0
9272,250944000.0,2241260000.0
4258,751735000.0,2829173000.0
9419,281057000.0,1596943000.0
9271,706854000.0,1267522000.0
6834,2225362000.0,27993615000.0
3359,437118000.0,4435818000.0
9168,1418334000.0,6314680000.0
7806,7934000000.0,50994000000.0
5381,911878000.0,8463433000.0
3065,402103000.0,1682353000.0
9445,732966000.0,3320530000.0
9241,28558000.0,278373000.0
4177,597925000.0,1395882000.0
5210,,54781000000.0
6946,1964000000.0,13957000000.0
3053,-114000000.0,3417000000.0
6721,-1242428000.0,343499000.0
9325,919000000.0,3930315000.0
6227,337742000.0,10861128000.0
3803,-36568000.0,284137000.0
5537,981647000.0,2016139000.0
4374,542126000.0,1293713000.0
6838,268648000.0,5471324000.0
3469,,1784295000.0
3223,143884000.0,497707000.0
4438,-539687000.0,272327000.0
6890,15692000000.0,236828000000.0
5591,174313000.0,726958000.0
5253,5559000000.0,16945000000.0
2938,2020000000.0,16042000000.0
6656,-142270000.0,958562000.0
7810,,1790610000.0
2962,,4688212000.0
6327,,4762920000.0
9708,2585000000.0,45347000000.0
4475,1358412000.0,3893504000.0
3815,-508238000.0,708000000.0
2158,555086000.0,3227762000.0
3224,-20827000.0,1411247000.0
3777,-3649000.0,3731105000.0
6016,4326113000.0,13880775000.0
4176,306904000.0,2412809000.0
5243,440641000.0,2878647000.0
8789,2121987000.0,10967976000.0
2134,-835207000.0,2031116000.0
3449,3123183000.0,25688016000.0
9337,437145000.0,1834118000.0
7827,421970000.0,5713284000.0
5137,453638000.0,1146436000.0
6042,630548000.0,13033323000.0
5246,-700666000.0,3472312000.0
2345,-1366529000.0,427842000.0
3166,1040000000.0,23498000000.0
4463,2384000000.0,35201000000.0
4762,581342000.0,2921800000.0
5258,-682434000.0,10126038000.0
7196,123451000.0,6597876000.0
5845,1621000000.0,7191000000.0
3565,2059334000.0,6206534000.0
6969,449974000.0,2759277000.0
2216,3378807000.0,18984916000.0
5578,445412000.0,2123984000.0
3185,-369775000.0,417207000.0
4487,214019000.0,1007537000.0
4833,-427937000.0,308834000.0
9215,46930000.0,275311000.0
9950,236202000.0,3673507000.0
4588,-2058049000.0,3999969000.0
7643,979425000.0,17214100000.0
7352,494316000.0,3361655000.0
3358,18450000.0,1638394000.0
3135,,880520000.0
6777,,21428210000.0
3691,-71251000.0,843177000.0
7992,-221716000.0,1040025000.0
5587,202771000.0,1419611000.0
6433,-203461000.0,2818635000.0
4716,60725000000.0,163680000000.0
9639,,48794000000.0
7621,136924000.0,4769013000.0
6613,,5219265000.0
6558,-404687000.0,1098427000.0
3671,573459000.0,3925370000.0
9312,2188000000.0,30255000000.0
7678,325147000.0,3395653000.0
3692,687022000.0,2788963000.0
7777,-2501245000.0,2216194000.0
9245,531616000.0,2658988000.0
7932,2457000000.0,39835000000.0
9553,195077000.0,3530681000.0
7638,,9935793000.0
2702,33909000000.0,280468000000.0
4054,,3466454000.0
6776,1264000000.0,10622000000.0
5704,-1263645000.0,1647453000.0
9254,133175000.0,427658000.0
6232,-1363939000.0,1755695000.0
6072,74227000.0,1193036000.0
6031,231005000.0,920275000.0
3399,3688198000.0,10129838000.0
7069,385969000.0,752481000.0
4572,-2171470000.0,309218000.0
3933,423814000.0,3098002000.0
3796,-39536000.0,1872662000.0
2656,-779822000.0,237183000.0
7044,199286000.0,571998000.0
6942,-82603000.0,3028606000.0
2338,,237499000.0
3353,1275072000.0,15684817000.0
2936,,1036859000.0
3077,175313000.0,1031378000.0
2877,384736000.0,16073907000.0
2351,246771000.0,2892562000.0
5597,-635461000.0,205260000.0
9028,,37209000000.0
6366,26987000000.0,23704000000.0
6666,-79487000.0,4497656000.0
4531,896000000.0,13105000000.0
4430,813368000.0,6057756000.0
2901,431594000.0,2675665000.0
7805,433039000.0,4170219000.0
4255,174505000.0,540856000.0
4448,215051000.0,1999928000.0
9259,401999000.0,3236552000.0
8864,2577568000.0,59911160000.0
3810,-1695000000.0,545000000.0
2215,320000000.0,8554000000.0
3981,683683000.0,8063722000.0
6537,10000000.0,1743000000.0
9262,,6423814000.0
7726,172589000.0,11385655000.0
3030,446030000.0,2894707000.0
7692,,887827000.0
7695,90800000.0,1690611000.0
3997,56888000.0,1783621000.0
2334,-493222000.0,310524000.0
5842,6077000000.0,62422000000.0
9713,1737000000.0,21475000000.0
6538,,2197000000.0
7214,,23113375000.0
3409,-55751000.0,1189667000.0
9227,161482000.0,1064007000.0
6231,2496235000.0,11763903000.0
8291,,56643000000.0
4259,-2576000000.0,2460000000.0
6040,,6724115000.0
5891,297445000.0,5163753000.0
9428,,12235000000.0
4417,1010077000.0,3078909000.0
2268,1770865000.0,14981423000.0
3113,-740417000.0,1782061000.0
7615,-923106000.0,1979310000.0
4875,-11997957.0,41586681.0
7699,16657689.0,86943083.0
6574,77838000.0,1743163000.0
9257,18908000.0,89566000.0
7685,5270087000.0,21429526000.0
9083,,49463000000.0
3905,-654991000.0,2384227000.0
9059,2206000000.0,25765000000.0
9067,1116000000.0,25414000000.0
6993,-968055000.0,423899000.0
7897,20343000.0,5823450000.0
9074,1262000000.0,25946000000.0
3083,-530682000.0,572575000.0
6634,-728086000.0,2921086000.0
5742,212061000.0,3424798000.0
3491,3890000000.0,30835000000.0
9348,,7007586000.0
2195,310974000.0,2940074000.0
3241,664000000.0,5408000000.0
9565,3829000.0,480869000.0
4935,46331000.0,1592865000.0
2705,1224000000.0,4479000000.0
3547,744588000.0,4092796000.0
2226,,19072000000.0
3157,1601000000.0,23227000000.0
8207,145494000.0,2891735000.0
2923,1949451000.0,22475846000.0
7412,530000000.0,7302000000.0
6059,2051278000.0,14242202000.0
5026,-343999000.0,1665410000.0
4494,72049000.0,5891881000.0
6469,823056000.0,8685885000.0
3955,954000000.0,17871000000.0
9338,1779842000.0,7657889000.0
2323,169348000.0,957316000.0
4960,128077000.0,4777288000.0
4492,421124000.0,2403452000.0
7075,372226000.0,1623406000.0
9235,,693051000.0
5618,-152532000.0,443968000.0
6085,-79904000.0,96672000.0
7409,734432000.0,3890226000.0
3753,-382695000.0,503907000.0
6977,-376511000.0,1170480000.0
6521,-538075000.0,4694990000.0
7030,1087000000.0,9981000000.0
9828,4960000000.0,17060000000.0
2204,884947000.0,27037946000.0
4367,288382000.0,21616143000.0
9073,103832000.0,4219554000.0
3300,2350592000.0,8342881000.0
4060,272306000.0,1887016000.0
2769,-4247000000.0,1872000000.0
7273,44549000.0,7026123000.0
3878,749000000.0,15239000000.0
4593,-2217000000.0,4890000000.0
2683,30673000.0,903048000.0
6224,1078667000.0,4614030000.0
6343,906700000.0,12491580000.0
5892,423973000.0,1045162000.0
7709,-200891000.0,202208000.0
5609,236000000.0,11883000000.0
8996,658806000.0,3859148000.0
2818,57794000.0,6358195000.0
8596,3569000000.0,42488000000.0
9853,-76449000.0,3060688000.0
2344,1362443000.0,21612953000.0
2820,1502590000.0,10432389000.0
2932,2488000000.0,10046000000.0
6380,100333000.0,1855869000.0
5724,300240000.0,4925745000.0
4011,57656000.0,1329770000.0
7090,-301000000.0,319808000.0
2816,458000000.0,9797000000.0
7509,1254769000.0,15542094000.0
2698,446000000.0,10533000000.0
9163,2086906000.0,14478778000.0
2872,,1395074000.0
9252,674026000.0,4354373000.0
3793,-1035569000.0,4716620000.0
3350,-95046000000.0,458592000000.0
7674,-930127000.0,1318125000.0
6549,496106000.0,3347618000.0
2903,996000000.0,15128000000.0
2224,42638000.0,2039308000.0
5194,392539000.0,10837829000.0
5216,-3080720000.0,736730000.0
3927,109457000.0,1537799000.0
2393,1792234000.0,17508992000.0
3184,1274470000.0,10416357000.0
3096,1049738000.0,11204651000.0
8769,744364000.0,3959913000.0
5858,389156000.0,2423660000.0
9270,681942000.0,7676258000.0
6627,3367998000.0,40475487000.0
3178,,6069996000.0
7462,30110000.0,1524214000.0
3041,,544109000.0
7361,398482000.0,1530387000.0
2673,90484000.0,2425025000.0
7746,89009000.0,1803488000.0
2721,-256806000.0,119924000.0
7135,-2091636000.0,2966795000.0
3205,,11545000000.0
7771,-20016000.0,1470020000.0
9661,284536000.0,11367812000.0
3951,1704990000.0,34274787000.0
4260,18732000.0,2132589000.0
3082,,1795329000.0
9029,1805858000.0,13509874000.0
3628,-807185000.0,3191640000.0
4970,3279000000.0,24827000000.0
9896,4283000000.0,63610000000.0
6495,-74849000.0,3975565000.0
9450,,5789000000.0
7022,1182000000.0,10170000000.0
4125,,12326063000.0
7318,2088163000.0,8132024000.0
7363,17186000.0,704583000.0
2798,,678235000.0
6096,268908000.0,1931746000.0
2934,87570000.0,1406217000.0
2776,97825000.0,3299578000.0
7018,1017000000.0,10856000000.0
9057,,23203000000.0
7682,81167000.0,1606724000.0
6561,1385131000.0,4485271000.0
7571,41824000.0,1327348000.0
8039,287000000.0,6536000000.0
5199,298156000.0,4068062000.0
3910,-118568000.0,667428000.0
7047,1887000000.0,8511000000.0
3058,177821000.0,2820566000.0
6547,5260000000.0,10177000000.0
5952,142008000.0,1484714000.0
9145,1402000000.0,8138000000.0
3551,1315457000.0,26593896000.0
5255,-337203000.0,701360000.0
7603,-1472000000.0,1235000000.0
3418,,3303392000.0
7585,,649873000.0
9218,254901000.0,1566553000.0
8914,3704733000.0,29228660000.0
9322,,21309117000.0
9360,1106000000.0,4510000000.0
8030,2901000000.0,32036000000.0
9976,400086000.0,11851891000.0
9633,3039717000.0,15527655000.0
2469,1722000000.0,11428000000.0
9636,200279000.0,2759532000.0
8166,1968805000.0,1075934000.0
3187,-447885000.0,2903743000.0
2762,-816000000.0,316000000.0
1383,48327000.0,2115877000.0
2694,,6750488000.0
1407,5357000000.0,36222000000.0
9306,1495378000.0,26645840000.0
4777,-532297000.0,445316000.0
7074,-209780000.0,89373000.0
7367,552623000.0,2806330000.0
4098,200000000.0,5109000000.0
5491,703000000.0,27855000000.0
6039,520982000.0,4148526000.0
4222,-132850000.0,4059022000.0
3976,-101613000.0,-52544000.0
3133,-737838000.0,1482492000.0
3190,334419000.0,7386506000.0
7162,-146994000.0,5042091000.0
9308,5021000000.0,36874000000.0
7126,,2455591000.0
7524,34955000.0,410082000.0
7886,-339453000.0,1409912000.0
7850,319659000.0,3138289000.0
7354,1344550000.0,14881414000.0
3454,1749836000.0,26143546000.0
3484,,4012675000.0
3474,-251680000.0,1171860000.0
8944,-358389000.0,16071275000.0
3067,75878000.0,1670743000.0
7084,151558000.0,6497493000.0
7359,230425000.0,791237000.0
9539,3210000000.0,101096000000.0
9979,1172000000.0,11285000000.0
9221,1033234000.0,5591732000.0
8920,1228114000.0,36244426000.0
2404,335722000.0,656076000.0
6147,57305000.0,1413116000.0
9249,301983000.0,5579061000.0
2164,41336000.0,653233000.0
7119,623000000.0,8195000000.0
9973,-684482000.0,373338000.0
3556,497425000.0,1015878000.0
9969,-69953000.0,2430606000.0
7133,719030000.0,2371782000.0
9327,123713000.0,526256000.0
9720,201371000.0,3721877000.0
3068,,6426871000.0
3967,-860379000.0,1843527000.0
9365,267572000.0,4650722000.0
2340,769850000.0,3820139000.0
7919,,4408110000.0
5571,184120000.0,3501449000.0
4026,1433000000.0,12962000000.0
9733,1956000000.0,31172000000.0
3750,-2140086000.0,630536000.0
9034,,21975259000.0
7097,,5267000000.0
3447,975039000.0,15841808000.0
2293,-495221000.0,3480730000.0
6428,246319000.0,18307307000.0
9959,748000000.0,7223000000.0
6565,2542465000.0,12749069000.0
9890,1497158000.0,20795336000.0
9264,573543000.0,4255771000.0
7562,589601000.0,7427263000.0
6400,230783000.0,3703083000.0
7795,715658000.0,17643341000.0
6570,917229000.0,4871897000.0
3222,-3185000000.0,200669000000.0
7247,1995000000.0,37927000000.0
7271,742000000.0,11387000000.0
6092,,9141323000.0
3045,338186000.0,5755510000.0
2904,746874000.0,14828102000.0
7375,,130208000.0
5391,-120000000.0,18653000000.0
9211,1450235000.0,7543336000.0
9049,1736000000.0,12428000000.0
2179,461479000.0,3859049000.0
9701,889486000.0,10957491000.0
7698,481663000.0,3839398000.0
3175,-36858000.0,-51512000.0
3174,-808614000.0,198927000.0
2300,,2141042000.0
5283,,14014000000.0
6166,-32793000.0,819763000.0
5380,,3234852000.0
2588,,25057000000.0
1447,-129176000.0,2648855000.0
5870,238333000.0,3428624000.0
9171,2013672000.0,29992409000.0
9220,406359000.0,3641577000.0
9635,64961000.0,3615295000.0
9557,23541000.0,554439000.0
5998,-628784000.0,8093443000.0
4657,7902000.0,2339206000.0
1380,28185000.0,2181891000.0
7901,-653358000.0,825168000.0
4409,1543000000.0,20989000000.0
4241,40176000.0,1714458000.0
8244,3709000000.0,45823000000.0
4760,127678000.0,1523098000.0
7646,1345000000.0,15319000000.0
7063,,-1446954000.0
3392,542013000.0,9030505000.0
2686,-3257000000.0,-2361000000.0
9362,435000000.0,4852000000.0
9731,2133000000.0,12761000000.0
9351,1124000000.0,27348000000.0
8912,112461000.0,1388794000.0
4679,-62325000.0,416658000.0
7127,-172203000.0,887273000.0
4650,93821000.0,1584856000.0
7320,,3005263000.0
9206,1923000000.0,4293000000.0
7502,275856000.0,2220200000.0
4707,207981000.0,3532523000.0
9978,-154884000.0,1156076000.0
9250,-527903000.0,-95938000.0
4040,1015000000.0,8398000000.0
9369,2648000000.0,45290000000.0
3063,,1910880000.0
7426,-1436955000.0,2156722000.0
9761,1069610000.0,16915701000.0
6562,1954240000.0,7887322000.0
1711,-151714000.0,607853000.0
6233,172739000.0,3066308000.0
3479,3789000000.0,41451000000.0
5532,559220000.0,3351606000.0
3286,,622546000.0
7494,478000000.0,16633000000.0
9823,5246000000.0,42371000000.0
6181,-848709000.0,-694880000.0
2789,,1976784000.0
8025,-380071000.0,14054778000.0
3160,523226000.0,6376533000.0
7601,376335000.0,780833000.0
4381,-298069000.0,284504000.0
5248,266883000.0,1532888000.0
3557,,342454000.0
9878,,233404000.0
6189,72000000.0,7713000000.0
2162,630626000.0,5269106000.0
3010,,28329421000.0
7918,-19000000.0,1157000000.0
9679,497924000.0,9865029000.0
3238,497346000.0,10256539000.0
7512,3732000000.0,74356000000.0
9361,,11053067000.0
7369,168261000.0,2187588000.0
2666,268748000.0,4139399000.0
7791,415092000.0,4508135000.0
7625,307898000.0,5632611000.0
9311,1174041000.0,21183135000.0
9313,311047000.0,12812621000.0
9778,,3570580000.0
9380,578024000.0,17456878000.0
3192,123104000.0,2205455000.0
4691,2015575000.0,9446883000.0
7083,1018000.0,1179320000.0
3021,529682000.0,3378242000.0
3103,,15567000000.0
9366,468695000.0,11681854000.0
9704,1274188000.0,5674881000.0
2778,21403000.0,1579664000.0
8107,-46439000.0,1132599000.0
9326,-848221000.0,2091562000.0
9251,893000000.0,8997000000.0
7686,536000000.0,4228000000.0
4615,-59000000.0,13600000000.0
4245,461000000.0,9637000000.0
7743,1092466000.0,18062787000.0
8181,,6692529000.0
4720,-420786000.0,1436138000.0
9399,-659000000.0,1245000000.0
9846,,26300184000.0
3326,43408000.0,219864000.0
7065,336209000.0,9147764000.0
9166,3826000000.0,65231000000.0
7814,6530000000.0,20741000000.0
2653,5971000000.0,60431000000.0
7037,110000000.0,1804000000.0
4235,668000000.0,17606000000.0
2927,1448545000.0,15076458000.0
6217,-262000000.0,2844000000.0
4100,-3563000000.0,11127000000.0
9051,506407000.0,5905048000.0
9903,518415000.0,6163728000.0
7215,328000000.0,18763000000.0
7111,42000000.0,4926000000.0
6625,,19043767000.0
9173,368050000.0,5276250000.0
4436,,308649000.0
3293,765328000.0,17070206000.0
2138,-530396000.0,9201879000.0
8289,-67000000.0,25153000000.0
5204,3088000000.0,33910000000.0
9063,957479000.0,23372319000.0
3370,96811000.0,238514000.0
6557,421875000.0,2817836000.0
4651,,10170000000.0
3137,-183577000.0,221996000.0
6218,,10377000000.0
5940,2225000000.0,23369000000.0
7091,365591000.0,2052299000.0
9223,,2979071000.0
3069,638153000.0,7131882000.0
3121,-85849000.0,4652724000.0
7808,1157929000.0,11289272000.0
8143,-129269000.0,844322000.0
4712,857390000.0,22603195000.0
3544,767000000.0,9795000000.0
9993,-2617000000.0,25967000000.0
7129,299868000.0,3794545000.0
9723,771543000.0,2660305000.0
4645,,2148658000.0
2445,1230000000.0,22403000000.0
3123,859552000.0,17739066000.0
2485,891000000.0,8602000000.0
9656,487127000.0,10543535000.0
7578,-271014000.0,4585651000.0
3524,534763000.0,7293099000.0
9158,3131000000.0,29678000000.0
6982,-104999000.0,2600029000.0
3607,312330000.0,3967702000.0
3536,221311000.0,2198145000.0
7561,,24654000000.0
4678,298101000.0,4536898000.0
9204,,27119000000.0
6074,192605000.0,3011136000.0
2424,275052000.0,3788450000.0
2984,682538000.0,13579305000.0
3011,250019000.0,2637566000.0
9268,,23832000000.0
5010,697000000.0,6376000000.0
3856,9530000000.0,24103000000.0
5271,363402000.0,4197667000.0
3204,656000000.0,13974000000.0
2687,,4379176000.0
7062,-244549000.0,1548394000.0
3422,-3282000000.0,17942000000.0
7604,-383550000.0,1830939000.0
8835,382000000.0,15660000000.0
7362,81970000.0,1414813000.0
9446,987090000.0,4595119000.0
5994,-206537000.0,14097263000.0
2747,142453000.0,5715610000.0
6444,274000000.0,26711000000.0
7061,278014000.0,3677874000.0
2796,-367000000.0,6867000000.0
9082,132000000.0,9214000000.0
7640,-731179000.0,737141000.0
7212,-6925000000.0,51512000000.0
2291,-640000000.0,1846000000.0
9033,1379000000.0,41718000000.0
4350,1262000000.0,16259000000.0
9355,526841000.0,17981803000.0
2373,384174000.0,4422509000.0
7515,13796000.0,2996854000.0
2418,4768000000.0,37212000000.0
7040,835463000.0,6602865000.0
7831,-948000000.0,1416000000.0
9835,,12925330000.0
9514,,18233000000.0
6425,-231425000000.0,129687000000.0
3896,35867000.0,5377802000.0
8894,-17232188000.0,1171321000.0
4920,,3804066000.0
6186,-96945000.0,4376741000.0
7256,,10178000000.0
6173,-346761000.0,-438216000.0
9060,461235000.0,15537910000.0
6699,411000000.0,11391000000.0
9160,1256581000.0,10109050000.0
3202,54952000.0,4924006000.0
3248,280133000.0,4727766000.0
7898,1777000000.0,44705000000.0
9012,,5003559000.0
7372,145543000.0,4982248000.0
9115,,47756014000.0
9130,5111725000.0,25059934000.0
9017,1086996000.0,19030462000.0
3494,459537000.0,4768355000.0
4735,93057000.0,3899553000.0
2993,2067597000.0,11932773000.0
9812,-7585000.0,461520000.0
8260,999000000.0,11920000000.0
2435,444000000.0,1485000000.0
8254,110255000.0,791990000.0
7815,293126000.0,1545083000.0
3111,300000000.0,1920000000.0
8247,,5329755000.0
9444,-84527000.0,2388788000.0
