コード,RSI,ストキャスK,ストキャスD,テクニカル
3600.T,68.4,100.0,100.0,—
7034.T,36.7,25.0,23.3,—
5856.T,,,,
9885.T,47.6,66.7,77.8,—
3189.T,50.4,58.3,50.2,—
1897.T,83.0,99.2,99.7,🔴買われすぎ＋反転(売り検討)
7297.T,59.9,100.0,92.6,—
2484.T,42.6,9.5,6.4,—
6513.T,62.7,93.1,82.9,—
6771.T,44.5,19.4,19.4,—
2055.T,49.9,35.0,38.3,—
8617.T,51.5,22.9,29.1,—
4387.T,71.9,100.0,93.9,買われ気味
6986.T,68.7,94.7,96.7,—
5956.T,52.9,56.2,58.3,—
7399.T,62.8,68.2,57.6,—
7427.T,57.5,50.0,62.1,—
6943.T,79.0,100.0,93.3,買われ気味
5658.T,61.1,68.4,78.5,—
2788.T,56.0,53.2,53.8,—
8881.T,47.0,59.4,53.2,—
8917.T,43.7,47.6,45.7,—
5900.T,48.9,32.3,35.5,—
7879.T,58.1,73.3,73.5,—
5921.T,56.9,35.0,58.6,—
6222.T,45.2,25.0,29.2,—
5753.T,58.6,95.7,94.5,—
5962.T,61.1,73.7,70.3,—
8013.T,72.3,69.4,88.6,買われ気味
8746.T,45.7,2.8,10.6,—
6390.T,48.5,61.9,54.4,—
5603.T,46.3,18.6,19.4,—
8040.T,52.6,47.6,36.5,—
8138.T,37.3,12.0,8.0,—
6249.T,54.2,56.9,59.4,—
4102.T,47.1,43.2,59.4,—
7902.T,58.3,100.0,68.2,—
3787.T,85.9,99.2,99.3,🔴買われすぎ＋反転(売り検討)
6155.T,58.2,85.7,78.6,—
6049.T,45.5,20.0,35.2,—
8144.T,50.6,44.8,71.5,—
8891.T,59.8,96.2,89.5,—
5280.T,50.4,50.5,76.1,—
6964.T,48.0,46.2,30.0,—
5909.T,51.9,79.2,72.9,—
6257.T,51.4,57.1,57.1,—
5923.T,68.1,90.6,86.4,—
3396.T,43.1,21.1,29.8,—
8904.T,40.7,34.8,34.8,—
8165.T,34.8,14.3,13.7,売られ気味
8772.T,56.0,33.3,43.3,—
7851.T,,,,
4234.T,59.5,46.4,44.3,—
3261.T,72.2,93.1,91.4,買われ気味
9767.T,78.4,77.7,77.0,買われ気味
5408.T,49.4,36.4,37.1,—
5928.T,57.1,63.6,54.5,—
7442.T,49.9,68.8,70.8,—
2388.T,38.7,25.0,8.3,—
4624.T,59.7,64.6,57.4,—
7219.T,42.7,42.7,41.7,—
7857.T,47.6,43.5,36.2,—
6467.T,62.3,90.9,90.3,—
7266.T,54.9,59.0,56.5,—
9914.T,,,,
8995.T,53.3,27.4,30.0,—
1994.T,57.6,50.0,40.6,—
9162.T,44.2,42.9,62.4,—
8046.T,55.0,51.7,45.2,—
5988.T,54.1,76.0,57.6,—
8147.T,58.2,86.0,77.8,—
7624.T,81.2,100.0,98.1,🔴買われすぎ
8119.T,53.9,50.0,53.3,—
4341.T,63.2,100.0,82.1,—
7229.T,,,,
7538.T,49.5,40.0,36.7,—
9929.T,49.5,33.3,41.7,—
7877.T,46.6,24.2,18.8,—
9872.T,57.8,75.9,55.2,—
6262.T,50.9,80.0,75.7,—
4839.T,45.9,15.0,8.7,—
6228.T,57.8,74.1,79.4,—
2193.T,52.5,83.3,60.2,—
2499.T,60.8,86.7,86.7,—
7991.T,44.7,15.4,9.9,—
7887.T,47.4,11.5,16.1,—
7841.T,53.9,96.1,82.6,—
6346.T,34.9,47.6,23.4,売られ気味
6054.T,49.5,42.9,28.6,—
5918.T,50.8,0.0,1.4,—
4231.T,52.7,54.1,59.6,—
2917.T,37.6,26.3,23.8,—
1420.T,48.1,50.0,31.7,—
6867.T,49.3,39.1,40.6,—
3439.T,50.3,43.8,47.9,—
1758.T,50.6,63.2,65.5,—
7871.T,59.6,84.8,60.7,—
7347.T,54.2,63.6,78.3,—
8135.T,46.1,17.6,9.8,—
3320.T,51.0,46.3,29.8,—
9854.T,41.8,7.4,8.8,—
3426.T,51.9,62.1,75.9,—
5541.T,57.9,57.0,59.8,—
6393.T,60.3,90.0,81.7,—
4629.T,63.4,79.0,75.2,—
5971.T,55.4,69.1,85.2,—
7531.T,56.1,75.0,90.7,—
4569.T,51.2,56.6,44.4,—
7434.T,39.3,0.0,44.9,—
3246.T,56.6,64.3,62.8,—
6342.T,44.4,13.1,32.8,—
5984.T,62.7,63.6,57.6,—
5697.T,59.4,97.1,83.7,—
3420.T,46.6,61.2,51.1,—
1850.T,57.8,76.9,65.9,—
7937.T,44.4,30.5,27.5,—
4224.T,48.0,30.7,31.0,—
4705.T,44.2,19.0,9.6,—
7670.T,57.8,73.2,54.6,—
6694.T,60.7,60.5,61.7,—
2795.T,57.8,100.0,68.1,—
3758.T,54.0,55.6,57.5,—
5951.T,44.0,24.8,26.2,—
7435.T,59.9,85.5,74.6,—
7422.T,68.6,89.5,79.3,—
3236.T,51.1,50.0,43.3,—
5819.T,47.9,43.2,42.9,—
3161.T,57.4,80.0,70.0,—
7175.T,68.6,76.9,79.0,—
5946.T,37.4,4.5,4.1,—
8938.T,46.5,42.3,32.1,—
6292.T,58.1,80.9,55.9,—
3668.T,66.2,84.4,87.4,—
6748.T,57.9,89.1,63.6,—
9972.T,49.9,61.1,53.7,—
6335.T,42.5,37.2,42.3,—
7021.T,81.2,100.0,92.6,🔴買われすぎ
2814.T,56.5,6.3,2.1,—
6899.T,43.7,8.3,13.1,—
7997.T,66.2,100.0,81.9,—
4360.T,61.3,69.1,68.7,—
5187.T,56.3,57.6,60.4,—
5446.T,48.0,27.5,38.3,—
3632.T,55.1,71.4,70.1,—
6718.T,52.0,74.1,71.6,—
9876.T,52.0,61.5,51.3,—
8869.T,44.2,41.0,30.8,—
5282.T,43.4,18.8,18.6,—
3537.T,69.0,58.6,47.3,—
8595.T,52.1,72.7,54.2,—
6497.T,53.6,47.4,23.9,—
2168.T,40.4,23.2,19.1,—
7264.T,56.7,67.9,65.6,—
5079.T,47.0,33.0,21.6,—
7122.T,58.5,82.6,82.2,—
8281.T,50.7,76.2,64.4,—
3765.T,49.6,37.3,43.7,—
1853.T,48.9,66.7,64.4,—
7218.T,61.2,57.2,44.6,—
7908.T,65.4,94.1,95.7,—
4627.T,64.8,89.3,79.6,—
4243.T,60.4,98.2,83.3,—
4625.T,60.2,77.3,80.7,—
7521.T,52.6,76.0,38.5,—
5986.T,69.2,81.8,72.7,—
6743.T,61.1,91.6,85.9,—
6150.T,50.6,35.9,40.2,—
7975.T,55.7,57.5,50.6,—
5966.T,56.6,40.0,65.5,—
3477.T,66.2,66.7,62.9,—
7464.T,45.8,42.1,28.6,—
4365.T,52.4,0.0,20.8,—
3639.T,54.2,33.3,47.8,—
7865.T,45.5,38.5,21.4,—
2491.T,42.7,17.8,28.6,—
5078.T,45.3,41.2,32.8,—
3054.T,65.4,77.5,64.5,—
3297.T,61.3,75.0,77.5,—
5915.T,53.5,54.4,63.7,—
8584.T,50.4,52.4,33.2,—
7279.T,47.0,25.9,34.2,—
9895.T,69.2,100.0,87.2,—
6159.T,49.5,25.1,30.4,—
2489.T,53.6,30.2,36.6,—
8159.T,70.5,88.3,83.9,買われ気味
3954.T,57.4,72.4,55.5,—
143A.T,51.3,22.0,23.0,—
4644.T,47.6,23.5,20.2,—
3710.T,59.1,93.3,75.1,—
8076.T,59.5,83.3,75.5,—
7486.T,53.2,52.7,40.5,—
7985.T,,,,
7957.T,62.8,31.1,28.1,—
3131.T,75.2,89.8,92.1,買われ気味
5969.T,50.0,36.2,30.3,—
7885.T,57.3,72.5,61.3,—
3134.T,50.6,63.0,59.4,—
6325.T,55.1,50.0,50.0,—
6797.T,49.1,11.9,16.2,—
7628.T,55.2,85.4,72.7,—
6276.T,50.1,28.2,44.9,—
7472.T,50.6,39.1,17.0,—
6151.T,58.3,92.2,90.8,—
7537.T,62.8,93.1,90.5,—
6820.T,65.0,92.7,92.3,—
2221.T,45.7,40.0,46.7,—
8141.T,50.4,100.0,50.0,—
3583.T,66.3,100.0,91.7,—
9932.T,59.5,93.2,71.9,—
6778.T,48.1,39.0,38.1,—
4170.T,39.1,6.9,6.4,—
5945.T,44.5,82.2,73.2,—
6158.T,52.1,36.4,50.5,—
3386.T,47.1,28.6,36.2,—
3892.T,56.0,85.7,78.2,—
3944.T,53.4,42.5,29.2,—
7928.T,39.6,50.0,36.5,—
2497.T,48.4,11.8,5.8,—
3851.T,56.4,37.5,46.2,—
3895.T,43.2,0.0,3.6,—
9867.T,48.6,56.9,58.6,—
5997.T,47.3,57.5,51.1,—
7953.T,65.9,76.9,89.0,—
5363.T,70.0,100.0,88.1,—
1887.T,49.6,29.4,45.1,—
1793.T,60.7,87.8,69.6,—
7872.T,61.6,100.0,72.2,—
3417.T,33.3,14.1,22.9,売られ気味
3277.T,65.0,85.4,72.3,—
6349.T,65.3,91.7,80.4,—
7614.T,52.5,31.2,28.2,—
8075.T,69.7,97.8,89.8,—
6360.T,64.4,100.0,99.3,—
9414.T,58.5,41.6,46.8,—
6907.T,57.5,84.1,80.2,—
3641.T,59.8,76.2,76.2,—
2654.T,54.4,40.0,44.4,—
1376.T,52.4,58.1,59.4,—
3953.T,55.3,79.3,70.1,—
5440.T,52.8,45.9,40.5,—
4829.T,48.5,60.0,58.9,—
2449.T,42.3,4.6,8.9,—
6358.T,54.5,84.8,83.3,—
5958.T,37.3,22.4,19.2,—
3597.T,47.3,58.6,57.8,—
8093.T,56.3,95.2,84.1,—
5388.T,67.1,72.5,67.8,—
4548.T,27.0,0.0,39.1,🟢売られすぎ
3388.T,55.8,96.5,82.2,—
7859.T,56.8,53.7,66.2,—
6485.T,60.4,94.3,74.4,—
8123.T,47.6,29.0,36.0,—
5304.T,46.2,35.5,31.3,—
8935.T,57.9,97.0,73.0,—
6419.T,45.9,14.3,19.9,—
9425.T,45.8,15.3,14.4,—
7896.T,41.6,22.2,18.5,—
5368.T,72.9,92.2,63.5,買われ気味
6619.T,45.0,29.7,36.0,—
6482.T,52.8,70.2,57.2,—
7820.T,56.6,87.0,87.8,—
1905.T,45.6,50.0,48.6,—
3958.T,28.6,4.0,15.5,🟢売られすぎ
6919.T,58.2,80.4,74.7,—
2999.T,35.0,43.2,37.6,売られ気味
7565.T,41.5,15.8,11.1,—
2700.T,51.2,56.2,40.8,—
8150.T,61.0,74.5,64.5,—
3176.T,57.5,58.3,52.1,—
7677.T,47.4,35.8,52.5,—
8084.T,65.3,98.7,84.0,—
8844.T,38.1,40.2,48.7,—
4119.T,64.5,97.4,87.0,—
7602.T,50.6,15.7,13.7,—
7551.T,35.0,0.0,1.3,—
3321.T,71.2,100.0,91.9,買われ気味
6165.T,59.6,79.2,71.5,—
9820.T,51.3,36.0,38.7,—
3513.T,65.5,80.3,91.5,—
4308.T,50.0,50.0,63.3,—
6149.T,56.5,89.6,49.6,—
7681.T,50.6,35.0,38.7,—
1768.T,51.8,68.0,61.3,—
7925.T,,,,
6418.T,67.4,89.5,86.8,—
7265.T,19.2,3.0,7.0,🟢売られすぎ
6091.T,75.7,90.0,93.7,買われ気味
7235.T,53.4,71.2,75.1,—
8045.T,55.9,75.2,75.2,—
548A.T,53.1,64.2,61.6,—
6118.T,45.0,25.2,32.1,—
6730.T,58.0,36.6,36.3,—
6245.T,53.9,42.6,41.7,—
6858.T,55.1,50.7,57.2,—
8103.T,70.7,98.6,88.1,買われ気味
5871.T,49.1,14.1,18.0,—
3577.T,42.8,14.3,14.9,—
7446.T,44.8,0.0,19.8,—
3674.T,56.2,50.0,45.2,—
4301.T,51.1,73.0,65.6,—
5464.T,51.1,78.8,69.9,—
7544.T,58.5,66.7,68.3,—
8700.T,66.0,90.9,64.6,—
4628.T,76.2,89.0,88.9,買われ気味
9478.T,44.5,6.9,11.1,—
4996.T,32.5,22.8,24.8,売られ気味
6365.T,60.5,59.4,42.9,—
189A.T,73.2,87.0,95.7,買われ気味
2385.T,52.3,13.6,32.7,—
9980.T,44.9,25.0,16.7,—
5757.T,47.4,58.0,47.0,—
6678.T,48.1,46.9,47.2,—
6463.T,58.9,66.1,59.3,—
9760.T,40.1,14.3,19.0,—
1899.T,61.8,98.9,87.0,—
3943.T,53.7,42.9,60.2,—
1724.T,60.1,100.0,77.9,—
2329.T,47.0,42.9,51.5,—
3580.T,55.3,69.4,63.0,—
6022.T,59.2,48.5,57.3,—
6915.T,69.7,96.6,81.9,—
1807.T,47.2,47.9,61.2,—
7314.T,50.4,31.2,24.3,—
3653.T,53.7,11.7,27.2,—
9857.T,62.4,100.0,72.2,—
2911.T,57.2,73.2,91.1,—
8152.T,46.5,59.4,56.7,—
373A.T,68.1,97.5,75.5,—
8202.T,57.6,66.7,88.9,—
3802.T,60.7,50.0,58.3,—
8104.T,76.7,88.9,93.2,買われ気味
4925.T,48.8,30.0,34.2,—
4299.T,54.0,67.3,50.1,—
6804.T,32.4,30.1,29.2,売られ気味
3434.T,55.8,50.0,43.9,—
248A.T,41.6,10.5,10.5,—
1826.T,48.8,39.5,39.5,—
6382.T,54.6,69.8,55.6,—
8572.T,51.8,55.4,46.7,—
9625.T,40.7,22.5,23.2,—
4936.T,39.3,36.0,24.0,—
6494.T,58.4,83.3,88.9,—
7689.T,55.8,46.5,66.7,—
2735.T,59.4,59.4,55.7,—
6229.T,45.6,51.0,48.4,—
2425.T,46.6,62.5,62.5,—
6882.T,56.1,84.4,83.9,—
9845.T,43.6,36.8,48.7,—
7952.T,50.1,49.5,37.7,—
6894.T,51.9,48.0,28.0,—
7607.T,53.5,86.0,80.5,—
1770.T,65.6,95.6,86.9,—
6488.T,58.2,73.5,72.5,—
4120.T,58.1,92.0,34.7,—
6647.T,74.2,94.3,96.4,買われ気味
7847.T,73.3,95.9,95.4,買われ気味
9253.T,69.9,91.1,68.5,—
3291.T,47.9,51.9,34.9,—
167A.T,74.4,95.1,93.8,買われ気味
7487.T,83.3,88.4,95.7,🔴買われすぎ＋反転(売り検討)
8622.T,50.5,9.3,12.8,—
5129.T,44.5,6.7,7.4,—
5218.T,59.5,71.9,65.1,—
3816.T,37.1,10.3,12.0,—
7128.T,59.0,78.5,68.4,—
7510.T,67.4,100.0,92.1,—
1866.T,48.1,50.0,29.6,—
8616.T,61.8,91.1,64.1,—
3139.T,61.0,92.9,81.2,—
220A.T,56.6,87.5,74.0,—
9475.T,59.8,83.3,90.7,—
4761.T,60.5,81.8,77.5,—
3435.T,67.4,69.2,71.6,—
8705.T,57.0,80.0,76.7,—
1798.T,65.7,87.9,80.5,—
5449.T,51.8,55.7,36.2,—
1879.T,57.8,91.5,69.5,—
4534.T,57.1,80.5,77.2,—
2009.T,62.1,78.6,90.0,—
6338.T,56.7,84.6,67.9,—
5461.T,47.1,12.8,18.7,—
6104.T,66.3,100.0,95.8,—
2693.T,45.1,77.8,79.2,—
7185.T,41.9,26.7,24.4,—
7946.T,47.0,32.6,22.7,—
4547.T,44.4,43.8,38.8,—
6832.T,58.6,74.7,82.7,—
7313.T,54.1,72.3,65.4,—
1847.T,64.4,89.1,84.0,—
2483.T,57.7,100.0,87.7,—
1867.T,52.6,75.0,62.5,—
7228.T,56.4,77.4,63.1,—
4406.T,47.0,25.0,22.6,—
6265.T,63.0,100.0,86.7,—
9996.T,40.3,24.6,28.4,—
9339.T,55.1,69.4,43.5,—
1811.T,37.1,27.3,27.2,—
8041.T,52.4,32.0,38.6,—
5458.T,47.9,30.8,29.6,—
9908.T,66.4,85.8,91.5,—
7567.T,64.8,100.0,70.8,—
6030.T,55.9,48.2,66.1,—
9755.T,54.1,76.3,73.1,—
5189.T,48.8,33.3,38.9,—
8101.T,42.4,35.3,33.6,—
2108.T,48.8,47.6,41.3,—
4918.T,50.3,75.0,77.3,—
3512.T,54.1,61.7,61.8,—
3089.T,53.5,36.2,25.5,—
5976.T,52.2,62.2,55.3,—
1430.T,65.8,89.7,91.5,—
8871.T,46.2,60.6,51.2,—
6706.T,56.8,75.7,82.9,—
1716.T,42.8,27.1,25.0,—
3766.T,59.6,57.8,62.0,—
6034.T,28.5,8.7,16.9,🟢売られすぎ
5820.T,68.8,81.0,82.0,—
6038.T,55.5,78.1,72.9,—
7287.T,60.9,83.6,81.2,—
9906.T,51.4,65.4,57.2,—
6737.T,56.7,69.2,67.9,—
4591.T,41.1,0.0,11.5,—
5906.T,49.9,23.7,30.1,—
7922.T,,,,
6430.T,53.9,69.0,55.1,—
4429.T,55.7,44.3,49.2,—
3932.T,62.8,89.6,81.3,—
3437.T,54.2,85.4,66.7,—
9955.T,52.6,58.6,44.1,—
6337.T,63.3,85.7,70.4,—
7523.T,50.6,25.0,16.7,—
4116.T,60.5,81.4,59.4,—
9647.T,52.3,60.0,61.9,—
6316.T,55.8,35.7,37.4,—
3377.T,56.2,91.7,77.8,—
7444.T,55.1,73.5,73.0,—
2613.T,59.1,67.4,57.5,—
1822.T,66.9,100.0,72.5,—
6572.T,51.7,38.1,36.1,—
8098.T,61.1,75.5,71.4,—
6496.T,60.3,73.8,85.4,—
4229.T,45.5,61.4,58.1,—
7031.T,44.4,41.7,26.1,—
8185.T,52.5,85.7,78.2,—
1981.T,59.8,62.2,42.2,—
5816.T,38.9,19.6,18.3,—
1788.T,42.4,45.8,31.2,—
2481.T,79.7,100.0,83.9,買われ気味
7192.T,74.1,92.2,83.5,買われ気味
6918.T,69.5,98.5,95.5,—
8737.T,43.9,33.3,30.2,—
6417.T,63.6,80.6,71.5,—
1786.T,46.6,41.2,51.0,—
1972.T,52.0,59.1,41.2,—
6540.T,50.3,57.1,48.7,—
3908.T,65.3,76.2,79.4,—
7370.T,54.4,69.2,58.1,—
5451.T,61.6,92.1,78.2,—
6927.T,65.2,87.7,65.7,—
7983.T,48.3,12.6,4.2,—
4316.T,31.6,2.1,1.3,売られ気味
7613.T,58.0,71.2,66.7,—
8877.T,57.5,100.0,72.9,—
9726.T,63.1,96.6,96.3,—
6848.T,53.0,35.3,35.3,—
6484.T,49.7,49.4,41.0,—
5125.T,80.3,100.0,95.4,🔴買われすぎ
6279.T,66.2,100.0,100.0,—
9363.T,32.8,0.0,66.7,売られ気味
1888.T,57.7,96.4,75.4,—
7955.T,52.5,57.7,42.7,—
3553.T,51.8,64.7,73.5,—
7833.T,63.6,80.6,77.2,—
2763.T,,,,
7460.T,41.1,33.3,32.1,—
7527.T,41.5,14.3,19.0,—
9902.T,66.3,82.5,82.0,—
2053.T,58.9,73.0,63.0,—
3682.T,49.9,62.1,41.4,—
2961.T,49.1,40.8,23.1,—
4059.T,40.5,34.8,13.1,—
2121.T,65.1,87.6,85.8,—
4635.T,51.3,16.3,21.8,—
1443.T,51.2,41.2,31.1,—
7722.T,54.9,96.9,83.7,—
8091.T,60.4,88.9,69.2,—
9888.T,58.6,72.2,71.3,—
4754.T,47.4,33.3,45.5,—
6047.T,44.5,45.9,38.0,—
5542.T,65.6,61.5,71.9,—
9248.T,52.0,53.3,41.0,—
7292.T,53.3,64.9,68.6,—
5959.T,49.8,52.8,54.9,—
4990.T,56.5,37.9,24.5,—
7077.T,45.1,47.6,61.3,—
4772.T,57.5,80.0,71.1,—
7208.T,48.5,37.2,31.8,—
3431.T,37.4,8.2,18.9,—
7539.T,57.2,56.2,66.7,—
8742.T,51.8,33.7,49.6,—
9408.T,78.2,89.6,76.5,買われ気味
3930.T,38.7,12.5,23.0,—
8014.T,54.1,49.1,48.5,—
6870.T,37.6,23.5,16.1,—
6897.T,39.8,36.9,33.3,—
4620.T,72.0,92.7,89.5,買われ気味
9466.T,66.0,84.6,66.7,—
4934.T,36.7,6.2,9.6,—
4623.T,66.6,100.0,92.9,—
4388.T,42.5,11.1,7.4,—
3826.T,56.3,66.7,70.8,—
3839.T,51.1,65.8,51.0,—
2408.T,53.0,70.9,52.8,—
7351.T,56.1,50.0,56.5,—
4095.T,64.9,98.9,89.4,—
6063.T,53.6,97.6,93.7,—
1795.T,47.1,18.8,41.5,—
3903.T,30.5,14.3,11.4,売られ気味
6626.T,59.8,63.2,65.6,—
196A.T,51.8,32.7,20.5,—
3071.T,46.5,33.3,25.9,—
5357.T,49.5,63.2,53.5,—
4992.T,51.2,69.1,54.6,—
6794.T,68.3,84.4,89.4,—
5695.T,47.8,72.4,77.6,—
8137.T,77.6,96.7,96.2,買われ気味
3911.T,38.5,6.7,6.7,—
331A.T,45.7,73.3,64.4,—
4512.T,51.4,32.1,31.4,—
5410.T,49.9,24.6,12.5,—
9404.T,44.9,21.8,33.4,—
9990.T,62.2,90.0,87.7,—
1799.T,56.6,79.5,72.9,—
3143.T,63.4,74.5,66.5,—
5967.T,34.8,21.6,23.3,売られ気味
6637.T,57.2,81.3,80.9,—
2330.T,50.9,10.5,13.6,—
304A.T,70.2,92.4,97.5,買われ気味
6384.T,59.1,85.9,84.0,—
6517.T,57.0,87.2,62.4,—
3622.T,54.8,88.2,73.6,—
9563.T,53.8,68.6,72.4,—
6505.T,59.3,89.1,81.1,—
6905.T,71.2,91.7,79.4,買われ気味
2819.T,51.1,70.5,55.8,—
5527.T,63.3,77.8,80.8,—
5983.T,55.9,74.4,76.2,—
8747.T,56.2,65.0,77.5,—
8052.T,60.7,88.1,72.1,—
4351.T,50.6,35.4,23.6,—
7600.T,41.9,91.6,65.4,—
7046.T,43.3,22.2,24.2,—
7140.T,48.0,23.5,30.1,—
6580.T,47.8,21.0,24.7,—
6676.T,78.5,91.3,91.7,買われ気味
7916.T,55.0,90.4,90.4,—
7878.T,36.4,17.6,14.1,—
7965.T,51.2,58.3,44.7,—
1780.T,46.4,14.3,38.7,—
3352.T,51.9,22.2,46.2,—
6599.T,76.7,92.6,95.4,買われ気味
4994.T,47.1,26.7,32.4,—
5131.T,60.4,33.1,36.8,—
8023.T,53.7,34.1,42.3,—
7837.T,67.2,87.9,92.8,—
3416.T,45.4,2.0,2.1,—
4728.T,55.8,56.2,45.8,—
7782.T,60.3,50.0,55.6,—
8127.T,36.8,36.1,18.4,—
7213.T,52.0,40.0,33.2,—
7299.T,56.7,87.6,60.3,—
8158.T,54.5,40.2,35.2,—
3079.T,46.7,4.0,4.1,—
6161.T,53.2,63.8,48.5,—
8999.T,55.3,80.0,65.1,—
7466.T,66.9,89.6,80.9,—
8066.T,65.1,90.9,74.5,—
8226.T,58.7,86.1,83.1,—
3299.T,49.7,77.4,58.6,—
5957.T,57.4,82.0,78.5,—
4725.T,58.2,75.0,49.6,—
3550.T,47.7,50.0,52.8,—
9739.T,53.3,64.4,41.4,—
7989.T,58.4,69.5,78.0,—
3375.T,53.0,56.1,75.3,—
6552.T,44.1,33.3,29.6,—
3646.T,60.0,100.0,56.3,—
7940.T,,,,
4736.T,52.4,84.2,50.0,—
8946.T,40.6,25.0,30.6,—
3266.T,57.1,100.0,66.7,—
7634.T,71.6,100.0,95.9,買われ気味
6664.T,53.1,63.2,74.0,—
8059.T,60.2,82.9,54.9,—
3800.T,56.2,100.0,97.3,—
9193.T,61.6,89.5,94.7,—
5911.T,59.7,88.2,77.7,—
7296.T,63.2,87.5,75.0,—
5240.T,42.1,13.0,14.5,—
4094.T,54.4,65.5,69.5,—
3023.T,62.2,89.2,87.4,—
6923.T,53.7,56.5,49.1,—
3267.T,46.6,41.7,24.1,—
3799.T,61.3,66.7,83.2,—
2479.T,58.5,68.8,83.9,—
9409.T,47.6,39.4,41.4,—
4076.T,65.0,95.8,71.6,—
7849.T,44.4,29.6,33.3,—
7425.T,39.5,45.3,39.2,—
3760.T,53.7,95.6,85.2,—
6741.T,59.0,88.1,74.0,—
3306.T,69.6,88.7,91.0,—
6247.T,49.4,70.5,56.9,—
4893.T,25.8,7.7,11.8,🟢売られすぎ
5184.T,49.9,66.7,66.4,—
9799.T,54.8,60.9,52.5,—
8077.T,46.1,18.2,9.1,—
8011.T,37.7,35.9,32.4,—
9330.T,70.8,93.1,90.0,買われ気味
6844.T,52.2,96.8,82.5,—
2883.T,67.3,100.0,89.2,—
6069.T,50.8,63.2,54.5,—
2806.T,53.5,18.3,24.3,—
7501.T,41.2,27.7,23.2,—
6248.T,64.2,92.2,90.7,—
3772.T,60.1,63.6,74.4,—
6033.T,57.5,71.1,75.4,—
6489.T,,,,
8707.T,59.9,74.0,63.6,—
2411.T,56.1,70.0,63.3,—
6769.T,65.7,98.1,81.8,—
7938.T,46.5,47.1,34.5,—
4616.T,72.5,84.7,62.8,買われ気味
4880.T,45.0,21.2,17.9,—
7447.T,41.9,38.0,29.9,—
6809.T,62.4,88.4,78.9,—
1964.T,48.1,68.6,60.4,—
7962.T,53.7,87.0,72.7,—
7804.T,69.1,88.4,75.6,—
9986.T,58.6,67.3,67.2,—
5302.T,56.6,74.1,49.7,—
9753.T,62.3,83.7,76.1,—
8118.T,44.0,32.7,17.9,—
7483.T,61.3,69.8,67.0,—
6864.T,57.7,86.0,75.5,—
130A.T,49.8,65.5,65.5,—
3611.T,46.0,47.1,37.5,—
1911.T,36.1,6.2,5.3,—
2349.T,54.6,58.4,61.1,—
9827.T,48.3,22.2,27.2,—
7813.T,50.6,39.8,31.3,—
3948.T,69.5,40.4,50.6,—
6763.T,49.7,60.6,73.9,—
4769.T,51.8,58.5,48.7,—
7723.T,55.4,95.7,71.3,—
7417.T,48.3,30.8,56.3,—
4619.T,58.0,75.8,68.5,—
6345.T,61.7,98.6,80.4,—
8945.T,48.6,52.9,49.3,—
8043.T,63.6,87.4,76.7,—
3636.T,53.5,70.1,52.8,—
6405.T,66.5,84.6,77.5,—
4356.T,56.4,93.9,57.7,—
6901.T,,,,
7590.T,50.7,60.0,39.1,—
6209.T,57.9,98.2,86.2,—
1810.T,49.1,56.7,62.4,—
9698.T,44.2,36.0,41.1,—
6282.T,61.3,93.7,86.3,—
9994.T,41.8,33.8,43.1,—
256A.T,67.6,76.5,67.5,—
6267.T,61.0,96.4,98.8,—
7039.T,28.9,13.6,14.1,🟢売られすぎ
8006.T,40.8,35.6,29.9,—
7749.T,43.8,26.6,33.7,—
3571.T,51.1,25.9,24.8,—
3670.T,,,,
7067.T,53.7,31.0,52.1,—
4069.T,38.9,4.0,11.9,—
3913.T,51.4,60.2,62.9,—
7800.T,46.9,36.0,42.0,—
7459.T,70.7,93.5,72.7,買われ気味
1514.T,48.3,29.0,26.1,—
2831.T,69.5,100.0,83.3,—
7112.T,6.7,3.0,2.5,🟢売られすぎ＋反転(買い検討)
3848.T,50.6,50.0,19.6,—
4997.T,57.9,49.5,33.7,—
6156.T,51.5,69.5,59.5,—
1997.T,62.5,89.2,92.9,—
4883.T,46.7,5.6,5.6,—
6157.T,42.9,59.6,53.6,—
6445.T,52.0,63.7,47.6,—
5186.T,58.4,85.0,86.4,—
6926.T,56.2,33.3,25.9,—
5122.T,58.5,97.6,68.4,—
7305.T,56.1,58.8,79.0,—
6246.T,54.3,63.9,53.9,—
7087.T,45.7,8.0,20.1,—
9991.T,65.7,100.0,92.5,—
3159.T,40.2,13.2,15.8,—
1960.T,59.4,79.9,67.1,—
3627.T,53.2,85.7,52.4,—
3482.T,52.6,96.3,86.1,—
2153.T,67.6,90.1,84.8,—
2908.T,65.1,95.8,88.3,—
3529.T,44.2,46.9,55.3,—
9441.T,68.3,100.0,83.4,—
4719.T,52.0,60.5,40.3,—
6291.T,50.6,77.8,60.1,—
9622.T,57.8,100.0,86.5,—
9341.T,49.9,71.1,48.3,—
9780.T,63.6,90.7,80.2,—
6103.T,51.2,86.4,68.1,—
6863.T,78.1,99.0,95.7,買われ気味
5939.T,38.4,27.0,22.5,—
7525.T,55.4,94.1,74.3,—
4247.T,53.5,60.0,55.0,—
6286.T,55.0,52.5,50.2,—
8219.T,51.6,58.8,50.4,—
1762.T,60.4,78.6,79.0,—
3559.T,51.9,45.9,52.7,—
3355.T,60.0,83.1,81.3,—
4270.T,54.9,72.3,59.5,—
6898.T,57.3,32.9,32.1,—
5619.T,49.3,73.5,51.0,—
6230.T,56.8,49.2,53.1,—
7931.T,62.7,100.0,89.9,—
3825.T,60.5,87.5,74.8,—
3665.T,42.7,25.0,34.0,—
198A.T,49.6,16.7,11.9,—
4287.T,57.4,82.8,74.1,—
5982.T,45.9,23.1,16.0,—
7482.T,56.3,79.7,71.4,—
6998.T,75.8,94.4,95.8,買われ気味
8154.T,72.8,97.5,90.2,買われ気味
1835.T,44.9,63.2,56.3,—
7294.T,51.0,66.7,40.1,—
1828.T,50.9,14.2,18.2,—
8018.T,48.7,56.5,58.9,—
6364.T,60.9,87.8,80.9,—
4265.T,41.2,31.2,32.0,—
9476.T,61.5,81.5,77.6,—
1914.T,66.0,58.0,46.0,—
3302.T,45.5,63.6,64.7,—
7477.T,40.3,36.2,62.5,—
7713.T,66.6,86.3,86.8,—
8085.T,63.5,88.7,93.7,—
244A.T,53.4,32.1,32.1,—
6309.T,47.9,38.2,32.6,—
4978.T,50.3,45.0,36.7,—
2185.T,60.7,86.3,94.5,—
5943.T,33.7,8.0,10.2,売られ気味
4540.T,60.9,95.9,85.8,—
3698.T,54.7,60.9,60.9,—
5142.T,62.8,96.6,75.3,—
3421.T,33.9,22.1,20.8,売られ気味
192A.T,62.8,39.0,45.7,—
4434.T,54.5,64.6,58.7,—
7433.T,71.2,93.3,89.9,買われ気味
6322.T,65.1,91.9,74.8,—
5576.T,73.1,100.0,78.7,買われ気味
4471.T,64.7,93.8,73.0,—
6125.T,51.7,74.1,64.6,—
4767.T,62.8,100.0,85.4,—
7807.T,59.4,96.2,76.0,—
6912.T,72.3,95.4,90.3,買われ気味
5237.T,60.2,95.7,85.1,—
9413.T,51.3,71.1,62.8,—
9344.T,69.6,85.6,79.9,—
4394.T,64.1,65.0,55.9,—
6592.T,53.5,65.1,59.0,—
8029.T,61.9,91.9,81.3,—
7769.T,48.4,65.9,48.9,—
6493.T,48.1,61.1,48.7,—
8708.T,50.6,42.1,37.5,—
7860.T,51.9,67.6,58.5,—
7079.T,56.7,79.1,60.1,—
2792.T,44.0,27.5,49.8,—
4376.T,63.4,85.7,74.6,—
4524.T,63.2,85.7,67.3,—
4752.T,66.7,100.0,96.2,—
3940.T,57.5,73.3,75.6,—
1976.T,44.9,61.6,60.3,—
4112.T,52.4,68.1,57.0,—
6742.T,66.1,91.3,93.1,—
4372.T,60.5,93.2,93.2,—
3768.T,57.7,82.6,75.7,—
6239.T,58.2,58.9,46.6,—
483A.T,42.6,0.0,14.9,—
4240.T,39.6,7.1,11.7,—
9651.T,48.9,35.8,18.7,—
9258.T,49.7,56.2,56.2,—
1301.T,55.2,83.3,62.6,—
4521.T,54.1,78.6,79.0,—
6336.T,40.0,21.2,20.1,—
2612.T,84.7,98.0,97.7,🔴買われすぎ
8918.T,44.0,0.0,0.0,—
8081.T,62.7,94.6,88.6,—
3680.T,44.9,44.4,29.6,—
9345.T,46.2,45.8,34.7,—
6082.T,42.0,20.5,23.5,—
7545.T,50.2,52.6,36.7,—
4072.T,65.8,92.3,86.5,—
6989.T,55.3,93.1,63.4,—
550A.T,48.2,10.2,8.6,—
7844.T,64.0,85.4,81.2,—
6874.T,48.3,74.5,73.7,—
6137.T,57.9,78.6,71.9,—
4998.T,48.6,44.2,38.1,—
3461.T,67.0,68.6,60.0,—
7254.T,59.6,85.3,72.5,—
8078.T,59.9,58.7,39.3,—
1450.T,51.3,37.5,74.2,—
3020.T,69.1,82.8,79.0,—
7050.T,62.9,81.9,86.2,—
3841.T,52.2,26.9,28.0,—
9376.T,66.4,96.7,88.6,—
1928.T,47.6,63.3,48.0,—
4172.T,53.1,53.2,66.7,—
6050.T,60.6,87.3,86.2,—
7240.T,53.9,86.6,57.8,—
1966.T,58.6,80.8,75.3,—
5990.T,56.0,77.6,67.3,—
8613.T,58.6,49.1,34.6,—
2461.T,53.8,100.0,63.3,—
6635.T,55.4,86.8,77.2,—
5356.T,48.3,50.0,44.7,—
7114.T,79.1,89.4,95.7,買われ気味
4093.T,66.6,100.0,88.9,—
2415.T,45.2,18.2,15.8,—
7595.T,50.8,76.7,63.6,—
1377.T,51.2,67.6,71.2,—
423A.T,60.8,100.0,76.7,—
8887.T,42.9,42.1,23.4,—
7239.T,62.8,95.8,86.6,—
1787.T,38.5,0.0,10.6,—
5535.T,52.9,42.9,52.4,—
4017.T,52.7,78.6,58.4,—
6630.T,48.0,35.7,15.8,—
4378.T,39.2,20.0,18.5,—
5138.T,39.7,9.1,7.3,—
3965.T,55.1,58.5,52.2,—
2750.T,63.4,76.7,54.8,—
5950.T,47.3,16.7,19.4,—
5702.T,54.8,67.6,52.2,—
7276.T,54.8,77.5,62.6,—
5018.T,56.0,60.1,70.7,—
9987.T,63.5,80.0,78.5,—
5659.T,61.9,94.0,83.1,—
8927.T,74.4,100.0,92.9,買われ気味
2493.T,64.7,85.7,79.4,—
5423.T,47.4,38.2,46.7,—
2186.T,49.7,19.4,12.0,—
2475.T,47.0,42.1,38.8,—
5273.T,65.6,83.6,85.2,—
7222.T,51.2,86.7,71.3,—
6307.T,45.9,18.4,10.5,—
6824.T,33.8,22.1,25.3,売られ気味
2722.T,54.9,60.0,46.7,—
2733.T,58.8,75.0,68.1,—
3490.T,43.7,31.2,35.4,—
4362.T,56.1,82.6,65.4,—
6888.T,55.3,57.1,61.1,—
2122.T,49.9,43.0,32.1,—
9709.T,48.8,51.9,37.4,—
3059.T,49.8,33.3,33.3,—
6995.T,53.6,69.2,73.4,—
4027.T,49.4,41.6,42.3,—
6459.T,53.5,93.9,75.5,—
3598.T,53.2,50.0,26.4,—
9856.T,56.3,94.7,60.9,—
3245.T,28.6,4.4,19.2,🟢売られすぎ
6351.T,62.4,83.8,71.3,—
1967.T,58.8,83.8,80.0,—
4178.T,61.4,80.5,78.9,—
4249.T,58.5,61.7,50.9,—
3183.T,53.9,86.3,83.2,—
3950.T,45.8,37.2,36.3,—
4951.T,57.9,97.4,85.3,—
3624.T,53.7,42.1,36.8,—
9715.T,45.0,47.5,53.6,—
6850.T,62.0,90.5,90.0,—
2784.T,63.3,84.8,83.2,—
4977.T,44.9,84.4,67.0,—
442A.T,15.1,9.4,12.1,🟢売られすぎ
7863.T,50.7,55.2,21.7,—
6662.T,55.0,57.9,42.4,—
4881.T,41.6,16.7,12.2,—
6677.T,51.6,93.3,74.0,—
2916.T,43.7,12.5,46.3,—
3201.T,59.2,66.7,53.1,—
9273.T,44.9,40.0,44.0,—
1382.T,41.1,34.6,39.7,—
547A.T,48.3,68.8,67.0,—
5602.T,52.2,55.3,31.6,—
1992.T,47.9,79.0,93.0,—
1941.T,55.5,72.7,56.1,—
2815.T,42.5,21.4,21.4,—
6663.T,44.4,25.0,29.5,—
5590.T,54.7,48.5,54.1,—
7927.T,71.7,96.4,95.9,買われ気味
5445.T,59.4,69.5,64.1,—
8624.T,54.9,43.5,29.2,—
7172.T,62.3,99.0,90.3,—
8508.T,56.7,84.3,83.5,—
6198.T,42.6,30.8,15.4,—
8065.T,38.4,23.2,19.2,—
4882.T,59.7,56.6,66.4,—
7270.T,54.0,73.4,59.8,—
6466.T,58.7,68.3,53.1,—
2477.T,58.3,46.7,63.3,—
8934.T,45.7,58.9,48.5,—
6340.T,64.3,94.1,87.4,—
8928.T,50.5,75.8,57.6,—
3678.T,43.0,25.0,13.6,—
9629.T,57.6,86.1,55.4,—
5660.T,64.7,66.3,65.7,—
2152.T,55.9,83.1,84.0,—
7949.T,57.2,74.7,65.8,—
7673.T,55.3,41.6,46.3,—
7803.T,57.1,50.6,65.9,—
3172.T,58.9,56.2,85.4,—
6333.T,64.1,82.2,84.2,—
3963.T,41.5,35.7,38.3,—
5035.T,63.6,83.3,56.9,—
9127.T,66.5,83.7,82.3,—
6391.T,58.4,84.5,69.3,—
9212.T,70.9,62.8,76.2,買われ気味
2915.T,45.9,25.9,42.3,—
7231.T,59.5,84.4,79.9,—
9849.T,61.5,80.0,89.6,—
4667.T,56.7,37.4,47.2,—
6070.T,57.9,72.2,54.0,—
6932.T,53.4,76.2,86.1,—
8051.T,63.5,79.0,72.4,—
5463.T,47.1,58.1,51.4,—
5563.T,59.4,95.5,74.9,—
6167.T,52.7,88.3,70.6,—
5947.T,43.2,27.5,16.8,—
4526.T,55.6,64.5,67.7,—
9225.T,49.3,43.3,47.8,—
5941.T,46.3,39.7,39.0,—
5868.T,61.8,69.8,72.3,—
9768.T,49.4,20.0,10.1,—
1938.T,61.0,91.4,87.8,—
9930.T,44.3,29.4,62.7,—
5185.T,61.7,100.0,72.7,—
7480.T,68.1,96.2,90.4,—
1720.T,59.8,74.7,83.1,—
9265.T,69.2,47.5,79.6,—
1435.T,54.2,61.5,71.8,—
2332.T,61.1,100.0,90.9,—
5192.T,52.4,65.0,59.4,—
5973.T,51.7,61.9,69.2,—
6191.T,70.7,71.6,79.1,買われ気味
2737.T,73.7,100.0,91.7,買われ気味
4491.T,57.7,53.6,25.0,—
6455.T,59.5,75.7,68.0,—
3333.T,42.2,50.0,52.1,—
1930.T,59.6,74.3,78.9,—
4097.T,65.6,84.6,79.6,—
8704.T,62.0,83.1,67.3,—
5262.T,49.9,20.4,9.2,—
2335.T,55.3,60.5,65.2,—
1662.T,50.0,28.3,36.3,—
3991.T,48.6,20.0,19.5,—
6272.T,50.0,65.3,57.6,—
6379.T,55.5,49.7,64.9,—
4914.T,62.5,94.0,82.2,—
4220.T,50.5,54.1,34.4,—
6803.T,50.4,66.7,80.6,—
4310.T,58.8,86.3,84.0,—
6203.T,58.1,52.4,59.8,—
7976.T,77.6,89.9,92.1,買われ気味
1852.T,51.5,76.6,70.6,—
2341.T,55.9,85.7,69.5,—
7864.T,61.9,83.7,89.7,—
4012.T,52.9,80.3,79.4,—
4465.T,43.2,8.3,47.4,—
7702.T,55.7,76.5,63.3,—
2305.T,47.3,92.3,77.3,—
5268.T,50.5,19.0,13.0,—
6770.T,49.8,59.0,55.8,—
6395.T,51.7,51.4,46.6,—
6675.T,58.1,82.3,85.7,—
206A.T,54.6,57.7,47.4,—
2975.T,37.8,43.5,41.8,—
2342.T,51.3,22.7,37.9,—
6788.T,65.9,100.0,85.7,—
4053.T,66.9,93.8,86.9,—
4516.T,49.4,78.5,70.0,—
3934.T,59.8,100.0,65.6,—
4750.T,40.6,21.4,17.8,—
6143.T,51.0,64.6,54.9,—
2114.T,58.7,15.0,22.0,—
4577.T,62.3,91.9,94.8,—
3773.T,44.3,26.0,48.2,—
4956.T,62.8,84.5,86.8,—
4284.T,56.5,65.4,56.3,—
4792.T,61.4,91.1,75.3,—
6381.T,55.8,55.6,44.8,—
4659.T,,,,
7921.T,48.8,76.1,56.7,—
6339.T,56.2,87.5,85.2,—
9438.T,55.1,89.5,69.4,—
3465.T,39.6,62.5,43.7,—
6643.T,52.3,60.3,62.6,—
8898.T,72.7,97.8,89.2,買われ気味
9621.T,59.9,76.2,71.6,—
7255.T,53.7,65.0,41.7,—
4840.T,57.4,45.6,31.6,—
3288.T,43.4,63.9,48.1,—
3284.T,53.5,78.1,63.7,—
7717.T,58.5,89.5,83.5,—
7951.T,47.2,45.5,35.9,—
1518.T,57.6,76.6,57.7,—
4171.T,,,,
1814.T,56.6,100.0,80.8,—
1844.T,38.5,22.8,19.6,—
4238.T,63.2,91.9,90.4,—
4931.T,54.7,84.5,51.2,—
9233.T,52.4,36.4,29.2,—
7514.T,43.3,28.6,32.1,—
4673.T,60.3,100.0,69.5,—
137A.T,49.6,42.9,34.5,—
3918.T,53.6,74.1,57.4,—
4167.T,53.3,50.0,70.2,—
4922.T,51.1,64.2,64.1,—
2325.T,49.6,46.3,28.2,—
6772.T,42.8,50.0,47.0,—
3834.T,44.4,61.1,51.8,—
3445.T,56.8,97.5,91.1,—
2876.T,48.5,41.7,44.4,—
6853.T,49.8,35.6,54.9,—
2292.T,47.3,21.0,13.8,—
9782.T,49.5,48.8,52.0,—
2169.T,69.8,100.0,85.4,—
4595.T,61.5,91.2,86.3,—
2907.T,66.9,68.1,72.8,—
6250.T,61.9,81.5,71.9,—
5011.T,62.7,94.4,78.9,—
6822.T,52.6,86.4,69.7,—
3042.T,53.4,52.2,56.5,—
6420.T,54.7,69.6,65.2,—
8227.T,45.7,44.4,34.6,—
2454.T,39.5,20.0,9.4,—
4317.T,49.9,31.2,50.0,—
6546.T,65.7,50.0,40.5,—
7217.T,47.2,50.0,38.0,—
6535.T,47.0,62.9,58.5,—
6392.T,60.2,77.3,49.2,—
9687.T,54.1,52.3,48.8,—
5126.T,45.7,72.7,48.5,—
5484.T,48.1,0.0,0.0,—
2652.T,41.3,15.6,25.8,—
9904.T,48.9,33.3,26.3,—
4891.T,77.1,85.3,92.2,買われ気味
7725.T,53.8,77.9,82.2,—
302A.T,44.6,10.9,26.4,—
4334.T,39.7,45.0,46.7,—
6238.T,51.5,59.2,76.3,—
4668.T,48.2,33.3,39.5,—
6378.T,47.5,58.8,67.0,—
8285.T,64.9,74.3,88.6,—
7095.T,36.3,6.0,8.6,—
2692.T,,,,
4218.T,49.3,59.2,57.1,—
6849.T,66.5,100.0,95.7,—
1827.T,61.5,85.6,75.1,—
7072.T,44.4,33.7,38.7,—
4958.T,63.6,78.6,82.9,—
7942.T,56.9,77.8,60.4,—
7981.T,57.5,90.0,67.0,—
6786.T,39.8,0.0,22.2,—
1491.T,52.2,42.1,49.2,—
7846.T,67.2,92.5,82.7,—
6750.T,63.5,90.1,79.6,—
4586.T,43.3,50.0,66.7,—
8129.T,58.0,82.2,68.5,—
1381.T,56.7,79.2,69.4,—
6908.T,59.5,89.5,79.5,—
2438.T,51.5,53.2,46.9,—
7500.T,79.3,100.0,100.0,買われ気味
2670.T,54.7,93.6,74.7,—
4599.T,22.2,3.6,5.1,🟢売られすぎ
4025.T,54.3,75.9,65.6,—
6190.T,32.5,20.5,19.9,売られ気味
3904.T,40.9,17.6,29.4,—
5974.T,57.3,90.9,80.6,—
6929.T,48.7,58.3,45.0,—
8518.T,68.4,71.4,77.0,—
4694.T,58.9,88.4,82.6,—
4248.T,50.8,47.1,51.4,—
1968.T,51.8,41.1,58.2,—
7377.T,60.4,97.9,70.3,—
9729.T,57.9,65.6,50.3,—
6432.T,47.7,38.0,37.1,—
9763.T,48.8,53.1,46.1,—
8614.T,48.1,12.2,9.4,—
4424.T,42.8,4.9,8.9,—
3138.T,59.8,77.8,71.1,—
4391.T,48.0,31.2,28.5,—
6518.T,48.3,71.9,62.0,—
1934.T,55.4,53.0,54.4,—
2183.T,45.3,33.3,47.6,—
4427.T,48.3,12.9,10.8,—
1861.T,48.1,64.1,79.6,—
6332.T,47.7,33.7,23.4,—
7999.T,,,,
4416.T,49.3,36.8,32.7,—
7883.T,91.2,100.0,83.6,🔴買われすぎ
6369.T,51.1,81.4,70.7,—
9107.T,58.4,54.6,54.7,—
6138.T,58.3,47.7,49.0,—
7277.T,42.5,22.7,17.2,—
1433.T,48.1,37.3,33.7,—
3623.T,59.7,78.0,69.7,—
2301.T,57.4,66.7,73.1,—
4251.T,52.8,84.7,85.6,—
9837.T,59.5,100.0,64.1,—
7506.T,48.7,33.3,33.3,—
9692.T,43.7,41.0,35.5,—
8012.T,55.1,89.3,86.3,—
1950.T,55.2,62.7,65.4,—
6875.T,58.7,92.7,77.6,—
3909.T,55.8,86.7,77.8,—
1870.T,62.9,89.9,69.8,—
3723.T,57.6,71.1,84.5,—
2981.T,86.6,98.1,96.2,🔴買われすぎ
6877.T,63.3,94.9,43.6,—
7042.T,44.6,26.5,24.1,—
1904.T,55.0,61.9,57.1,—
3842.T,77.9,76.3,88.9,買われ気味
6140.T,44.1,42.4,40.7,—
6081.T,45.2,18.2,13.1,—
1929.T,66.7,78.1,78.6,—
9605.T,49.7,38.2,42.2,—
6620.T,42.9,13.7,19.2,—
6287.T,55.2,65.1,44.2,—
7038.T,53.1,45.0,37.8,—
4401.T,58.5,88.3,74.2,—
6306.T,59.6,100.0,83.5,—
9612.T,59.0,82.3,81.3,—
7811.T,88.3,96.1,94.3,🔴買われすぎ
3625.T,68.2,98.9,91.8,—
1982.T,65.5,93.6,94.9,—
7986.T,57.5,100.0,84.0,—
2669.T,50.1,70.8,76.4,—
3242.T,63.9,92.9,85.3,—
3035.T,54.7,84.4,68.8,—
6199.T,48.9,42.0,66.5,—
4042.T,51.8,69.9,58.5,—
4849.T,66.9,87.5,87.1,—
166A.T,46.4,37.2,29.4,—
3998.T,36.4,18.2,29.9,—
9242.T,58.7,74.0,67.6,—
264A.T,46.9,24.4,32.9,—
6458.T,51.3,65.3,59.3,—
7413.T,77.9,100.0,95.5,買われ気味
542A.T,64.7,97.5,69.6,—
3001.T,66.7,81.0,82.5,—
3486.T,63.0,91.2,87.8,—
3467.T,53.0,58.4,51.7,—
8037.T,79.5,91.5,95.1,買われ気味
4064.T,61.3,72.4,86.6,—
5355.T,36.7,46.7,34.7,—
9165.T,65.3,85.8,86.8,—
7990.T,52.9,90.2,72.7,—
7984.T,50.4,22.6,15.0,—
3733.T,49.5,37.7,35.9,—
9740.T,47.7,44.3,39.1,—
8157.T,62.7,98.4,81.8,—
4206.T,71.5,96.3,91.7,買われ気味
7226.T,52.7,82.8,70.5,—
1663.T,46.4,5.8,15.7,—
7309.T,37.2,18.8,18.0,—
2136.T,52.6,67.5,55.8,—
5444.T,52.5,86.5,81.2,—
6612.T,41.1,11.5,9.8,—
4929.T,58.4,75.0,79.2,—
9743.T,40.9,23.4,30.0,—
177A.T,38.7,16.1,26.9,—
6648.T,51.3,76.9,56.6,—
3926.T,49.9,37.2,41.6,—
7244.T,54.0,43.9,40.4,—
3371.T,64.6,87.4,89.8,—
4052.T,57.6,32.9,41.4,—
3195.T,24.4,0.7,2.0,🟢売られすぎ
4262.T,55.2,32.1,45.6,—
4634.T,57.6,80.0,80.5,—
6255.T,50.4,66.1,68.6,—
6470.T,60.8,100.0,90.2,—
7416.T,54.3,88.9,50.3,—
6277.T,83.0,90.6,88.9,🔴買われすぎ
343A.T,47.2,62.5,70.6,—
6185.T,48.5,54.5,39.4,—
7284.T,59.7,97.0,84.3,—
5965.T,54.5,59.6,65.4,—
3817.T,56.2,86.0,62.1,—
4479.T,56.9,56.2,52.6,—
387A.T,50.1,60.5,48.6,—
9240.T,34.9,12.8,13.6,売られ気味
1783.T,68.5,81.2,71.9,—
2296.T,51.1,53.8,34.3,—
4114.T,57.2,62.6,51.0,—
4530.T,,,,
6171.T,49.6,33.3,25.0,—
4633.T,58.9,96.3,85.5,—
5367.T,55.7,43.6,64.8,—
265A.T,55.2,33.3,40.3,—
6633.T,35.5,0.0,4.2,—
3107.T,54.5,75.4,53.7,—
4044.T,61.0,80.2,71.4,—
3996.T,68.5,90.5,86.3,—
8079.T,50.2,55.1,51.7,—
3969.T,51.2,66.7,61.9,—
7819.T,50.9,23.9,17.4,—
415A.T,56.7,48.3,56.5,—
6586.T,54.7,99.7,84.0,—
7057.T,56.3,83.7,71.0,—
9347.T,58.2,62.1,71.1,—
3028.T,55.6,77.6,49.1,—
4886.T,55.6,89.0,88.1,—
7596.T,42.2,21.1,49.5,—
3181.T,47.5,51.0,61.3,—
3132.T,72.3,99.0,97.7,買われ気味
410A.T,77.6,82.8,46.3,買われ気味
3659.T,57.4,39.6,57.2,—
5970.T,58.5,88.1,72.5,—
9036.T,42.8,47.9,40.3,—
9401.T,47.0,60.5,49.8,—
3675.T,48.9,63.0,57.1,—
5888.T,42.2,17.3,17.4,—
4198.T,63.1,78.9,77.0,—
3070.T,26.0,15.4,9.9,🟢売られすぎ＋反転(買い検討)
3912.T,42.7,2.9,32.7,—
4031.T,43.1,14.4,25.9,—
3374.T,67.4,97.7,86.0,—
2498.T,50.8,62.1,51.0,—
7102.T,58.5,100.0,77.9,—
4440.T,65.3,67.1,70.3,—
6363.T,50.6,65.0,61.3,—
7856.T,66.2,74.6,66.3,—
5284.T,45.2,45.9,40.8,—
1438.T,54.7,61.4,71.0,—
9788.T,50.1,75.0,53.5,—
1979.T,43.5,67.2,52.5,—
6424.T,50.1,57.7,50.0,—
2370.T,43.2,0.0,50.0,—
4124.T,60.3,76.9,59.8,—
3945.T,51.3,53.6,42.9,—
1882.T,54.8,90.2,79.7,—
3858.T,71.3,92.3,80.8,買われ気味
7374.T,52.9,42.5,26.7,—
2433.T,53.6,66.5,45.7,—
4892.T,74.1,76.8,77.6,買われ気味
6902.T,50.1,72.6,57.9,—
4205.T,55.5,69.4,50.9,—
4078.T,46.3,62.6,55.2,—
7049.T,27.7,17.9,14.2,🟢売られすぎ
7979.T,57.2,91.1,75.1,—
7608.T,77.4,85.9,87.8,買われ気味
5103.T,,,,
4028.T,40.8,20.4,20.7,—
7505.T,40.6,12.7,13.5,—
4687.T,56.3,67.1,54.3,—
7911.T,51.2,48.8,36.4,—
3569.T,50.0,55.7,43.4,—
7360.T,43.4,10.3,27.4,—
5936.T,48.3,13.0,13.4,—
8283.T,,,,
5013.T,65.4,97.2,94.5,—
7048.T,35.8,4.8,20.1,—
4113.T,62.4,90.5,85.9,—
3915.T,47.7,26.0,32.0,—
1808.T,43.2,17.7,15.6,—
4488.T,46.2,25.0,34.0,—
1717.T,44.3,57.6,51.4,—
4826.T,57.4,84.8,74.9,—
4197.T,55.1,81.0,64.5,—
4447.T,58.3,77.3,71.8,—
4884.T,71.2,82.9,87.3,買われ気味
5244.T,46.8,33.3,25.2,—
5161.T,59.0,70.1,52.3,—
6859.T,56.4,97.2,79.9,—
2060.T,65.3,84.9,67.6,—
7943.T,49.2,71.8,73.9,—
7836.T,36.7,20.0,20.0,—
4642.T,48.1,16.3,8.2,—
4664.T,60.0,63.5,72.8,—
2440.T,41.6,25.0,23.4,—
3648.T,51.9,58.7,44.5,—
6223.T,47.8,58.8,72.0,—
3662.T,44.4,30.0,28.0,—
9716.T,50.9,33.8,43.4,—
2480.T,65.4,59.9,62.9,—
4556.T,,,,
3937.T,46.2,21.8,26.6,—
7963.T,47.0,16.4,17.7,—
4445.T,59.7,66.7,52.1,—
7043.T,55.8,81.8,75.8,—
4272.T,59.2,93.6,82.1,—
6371.T,54.6,77.2,71.2,—
6145.T,62.5,92.2,89.4,—
9934.T,61.9,91.6,80.1,—
2436.T,50.3,72.0,68.2,—
2003.T,68.1,89.7,87.3,—
5834.T,64.7,91.5,93.4,—
9467.T,42.4,20.2,21.8,—
4685.T,60.8,95.3,83.6,—
4662.T,49.1,75.0,54.8,—
1813.T,64.2,82.1,87.0,—
6090.T,48.9,27.6,28.7,—
2311.T,59.7,68.0,61.3,—
5821.T,50.9,80.7,85.2,—
9702.T,54.5,77.5,75.7,—
4926.T,54.7,100.0,87.2,—
4335.T,35.3,0.0,29.2,—
2910.T,51.3,45.6,55.7,—
241A.T,52.3,61.5,44.2,—
4263.T,37.6,79.7,69.8,—
1736.T,64.2,80.7,85.3,—
4169.T,42.9,34.9,48.5,—
4414.T,51.7,68.0,63.7,—
7058.T,53.9,62.2,74.4,—
9213.T,48.5,67.9,64.5,—
4008.T,63.9,100.0,88.4,—
2207.T,53.6,53.8,50.4,—
2676.T,54.2,87.2,69.2,—
4671.T,45.9,6.9,25.6,—
1766.T,46.0,41.9,38.3,—
5589.T,58.0,71.6,66.0,—
6029.T,54.7,43.8,33.3,—
6289.T,61.1,96.6,92.3,—
3988.T,54.7,67.4,69.6,—
7609.T,59.8,87.8,87.2,—
7917.T,49.2,91.7,66.5,—
2120.T,59.1,72.0,72.5,—
3907.T,55.4,55.7,54.9,—
3076.T,57.9,82.6,64.1,—
7980.T,53.8,37.5,43.2,—
2602.T,56.4,60.7,60.1,—
6294.T,50.9,85.2,65.0,—
4361.T,65.0,72.4,79.4,—
9543.T,61.3,60.8,55.9,—
4068.T,56.2,69.9,81.9,—
5729.T,47.8,38.1,27.5,—
4476.T,47.4,37.9,27.6,—
3835.T,48.9,45.0,51.2,—
2983.T,46.9,11.2,34.7,—
6644.T,54.0,86.3,74.4,—
7970.T,63.2,95.5,95.9,—
7211.T,51.4,50.0,45.4,—
7687.T,52.3,56.7,75.6,—
9244.T,83.3,64.3,69.0,買われ気味
2359.T,53.4,64.8,58.4,—
5121.T,72.7,100.0,92.8,買われ気味
6448.T,59.8,68.5,56.9,—
2930.T,56.9,60.0,66.7,—
2437.T,53.4,53.3,54.9,—
2488.T,49.7,60.6,59.8,—
4212.T,60.4,83.9,80.6,—
1719.T,50.4,59.6,63.1,—
7148.T,55.2,62.1,68.2,—
3974.T,46.2,32.0,23.2,—
7438.T,72.2,89.5,86.3,買われ気味
4464.T,82.3,100.0,99.7,🔴買われすぎ
4832.T,47.7,47.7,32.7,—
157A.T,53.5,85.3,76.0,—
7727.T,68.4,92.0,96.8,—
4041.T,49.4,46.2,36.4,—
2767.T,62.9,77.5,79.4,—
3361.T,57.5,81.2,48.6,—
7988.T,46.8,46.4,40.7,—
4814.T,50.7,15.2,14.1,—
261A.T,52.6,50.0,37.5,—
9558.T,46.8,34.0,33.7,—
9982.T,54.4,56.8,76.6,—
4346.T,61.6,34.4,37.2,—
6408.T,62.4,100.0,82.5,—
2391.T,54.7,54.5,28.8,—
5025.T,61.2,97.1,62.7,—
6659.T,41.5,11.1,12.0,—
7343.T,62.6,86.7,92.8,—
2790.T,49.9,83.2,78.9,—
2982.T,53.1,54.5,59.6,—
6328.T,51.4,73.4,68.9,—
7513.T,64.7,100.0,95.4,—
8005.T,56.5,92.0,80.5,—
8022.T,59.8,74.3,59.0,—
4462.T,38.4,29.2,28.3,—
6554.T,75.3,94.2,94.2,買われ気味
291A.T,59.2,50.7,50.2,—
4746.T,79.9,100.0,79.5,買われ気味
9219.T,56.9,50.0,45.0,—
3608.T,51.9,70.4,41.5,—
3440.T,51.9,83.3,67.3,—
9214.T,59.3,67.2,52.6,—
3970.T,46.4,7.7,15.2,—
7744.T,54.0,76.0,55.2,—
7555.T,52.8,66.7,33.8,—
6073.T,40.5,6.8,10.4,—
7575.T,58.3,77.9,68.0,—
5208.T,61.4,95.0,86.9,—
5015.T,52.4,62.5,41.7,—
7971.T,46.2,27.5,23.0,—
7358.T,54.6,50.4,44.0,—
6670.T,,,,
4380.T,65.4,70.0,54.7,—
1952.T,52.9,70.5,73.8,—
9663.T,35.4,4.0,2.8,—
3548.T,21.2,7.5,7.6,🟢売られすぎ
472A.T,54.6,81.4,80.8,—
4574.T,52.1,80.0,66.8,—
4221.T,62.6,90.9,88.6,—
9332.T,64.0,89.5,80.4,—
6823.T,55.4,95.8,80.1,—
6356.T,50.8,33.2,33.9,—
2540.T,,,,
3002.T,53.9,80.6,61.3,—
8841.T,52.5,53.7,62.5,—
2594.T,38.1,0.0,13.9,—
6094.T,36.7,12.3,16.8,—
2810.T,64.2,91.7,82.7,—
1945.T,54.0,62.5,76.3,—
9468.T,53.4,70.5,58.1,—
6193.T,58.0,47.9,39.2,—
4496.T,43.9,12.1,20.2,—
3947.T,54.4,52.3,55.9,—
6798.T,59.9,86.7,81.7,—
4686.T,66.5,89.7,81.2,—
7707.T,50.7,76.9,65.2,—
3280.T,58.4,75.0,59.7,—
3917.T,53.7,70.0,84.4,—
9791.T,49.1,48.8,45.2,—
4763.T,53.1,71.8,57.4,—
7066.T,52.8,27.3,38.6,—
5195.T,62.9,98.5,80.5,—
4743.T,54.0,85.3,83.3,—
9742.T,59.4,89.4,66.9,—
6731.T,41.0,22.2,14.8,—
2978.T,29.1,21.7,19.1,売られ気味
4617.T,52.8,82.5,69.3,—
149A.T,56.2,76.8,75.6,—
4439.T,68.9,98.4,83.1,—
6925.T,58.8,89.9,78.6,—
9632.T,36.5,30.9,32.7,—
416A.T,81.6,94.6,92.7,🔴買われすぎ
7060.T,62.6,84.8,66.3,—
4507.T,54.1,62.6,62.1,—
3779.T,27.0,29.4,27.5,売られ気味
4674.T,57.6,74.2,51.6,—
7875.T,61.8,87.2,91.4,—
5139.T,56.7,89.1,59.1,—
4974.T,,,,
6413.T,47.0,51.6,44.2,—
3179.T,66.7,100.0,96.9,—
5901.T,58.4,57.1,42.9,—
6960.T,55.2,81.0,68.1,—
1776.T,,,,
4216.T,52.3,67.8,67.8,—
4486.T,56.9,94.6,76.2,—
6357.T,60.2,78.3,76.2,—
7093.T,57.8,69.4,75.7,—
3667.T,51.5,100.0,83.3,—
2286.T,47.4,39.5,40.3,—
2148.T,30.6,9.4,17.6,売られ気味
9340.T,69.1,76.1,80.1,—
6403.T,,,,
8908.T,60.1,77.4,79.9,—
6563.T,49.2,22.6,18.7,—
4020.T,55.6,8.8,20.4,—
480A.T,55.9,68.9,74.1,—
8074.T,59.7,63.2,51.8,—
2708.T,45.4,54.1,43.2,—
6460.T,66.0,53.3,53.4,—
5987.T,49.0,13.4,13.1,—
4290.T,62.2,98.4,88.6,—
3151.T,48.0,46.7,45.6,—
334A.T,74.1,91.6,93.4,買われ気味
9101.T,59.8,55.3,59.4,—
5949.T,54.7,68.8,60.6,—
7893.T,52.7,89.7,74.9,—
4845.T,52.6,64.3,52.4,—
3672.T,46.5,0.0,16.7,—
5570.T,44.8,3.6,2.0,—
5582.T,60.8,77.0,63.4,—
6093.T,50.8,66.7,78.5,—
6904.T,92.8,95.8,92.8,🔴買われすぎ
1963.T,48.0,27.5,28.4,—
7822.T,64.0,100.0,93.3,—
6135.T,59.6,99.4,80.1,—
4428.T,49.4,34.8,55.1,—
332A.T,75.8,76.2,81.1,買われ気味
4973.T,57.7,98.3,86.0,—
7637.T,54.9,82.8,73.0,—
9381.T,60.8,89.1,75.2,—
5922.T,49.5,25.3,25.3,—
3153.T,58.4,70.4,72.1,—
9346.T,61.0,57.1,54.5,—
4074.T,49.6,73.2,46.8,—
5471.T,59.6,91.9,86.5,—
2307.T,55.0,72.2,71.5,—
4450.T,69.5,100.0,75.9,—
1726.T,,,,
1885.T,54.5,70.4,75.5,—
3004.T,42.0,17.4,24.7,—
7715.T,58.5,92.3,80.1,—
5331.T,58.1,90.0,94.7,—
7522.T,32.0,0.0,3.1,売られ気味
6266.T,54.7,93.0,86.5,—
9353.T,54.8,35.0,51.5,—
4175.T,58.1,62.8,81.5,—
2266.T,54.7,48.4,34.7,—
7740.T,53.6,54.1,39.6,—
1871.T,47.5,65.8,48.7,—
6486.T,57.0,100.0,73.6,—
4045.T,50.5,53.3,41.1,—
2429.T,54.8,61.0,61.3,—
7745.T,60.4,90.4,87.3,—
3106.T,66.1,92.4,90.5,—
340A.T,49.6,32.0,21.3,—
6298.T,49.9,40.2,38.7,—
6087.T,45.8,6.7,33.3,—
6436.T,51.5,58.0,41.3,—
7731.T,52.1,85.9,61.9,—
5247.T,44.2,26.5,24.5,—
6080.T,58.4,66.3,70.9,—
2926.T,49.7,13.3,28.9,—
6044.T,51.9,71.3,66.6,—
7138.T,55.5,71.4,59.7,—
4370.T,60.1,55.8,57.3,—
6835.T,60.4,76.7,82.2,—
3686.T,44.6,40.0,40.0,—
6837.T,66.5,86.0,92.4,—
5134.T,38.0,15.9,10.6,—
4477.T,56.7,17.6,12.4,—
1414.T,49.0,50.4,45.7,—
3865.T,56.2,81.8,75.0,—
6046.T,59.3,38.1,30.2,—
1718.T,59.2,63.6,40.1,—
3920.T,48.8,40.0,50.7,—
2689.T,52.6,27.4,39.5,—
2892.T,68.4,76.6,90.9,—
3836.T,53.9,58.3,63.5,—
3173.T,56.1,48.0,27.0,—
9405.T,51.8,41.9,60.7,—
3560.T,79.3,97.1,98.7,買われ気味
1418.T,59.3,75.0,64.3,—
7912.T,45.3,35.1,15.3,—
5071.T,49.6,24.1,37.3,—
6176.T,50.9,18.8,18.7,—
7078.T,54.5,76.5,52.5,—
4420.T,54.5,0.0,3.2,—
6258.T,64.4,87.0,89.3,—
3452.T,46.0,49.4,50.1,—
3925.T,52.7,83.5,66.5,—
9551.T,51.1,66.4,62.6,—
4576.T,32.2,16.0,16.0,売られ気味
4046.T,51.4,51.7,44.0,—
9765.T,75.2,85.2,87.7,買われ気味
3844.T,46.9,71.5,72.5,—
5288.T,52.9,86.1,54.7,—
6113.T,49.1,80.4,67.0,—
3036.T,59.2,98.1,76.7,—
3294.T,,,,
2811.T,51.3,33.2,14.5,—
2764.T,58.8,64.7,68.6,—
2173.T,69.5,90.2,94.4,—
3475.T,48.5,73.9,68.8,—
4917.T,,,,
5867.T,66.7,83.3,78.8,—
9790.T,52.4,90.0,74.4,—
4641.T,58.0,79.6,78.3,—
9832.T,63.5,85.4,71.5,—
9610.T,47.6,8.1,8.9,—
4366.T,67.1,86.3,89.2,—
6331.T,52.4,64.3,72.6,—
3798.T,55.2,73.0,86.1,—
7456.T,52.6,45.3,59.9,—
4733.T,52.3,42.2,38.1,—
3634.T,56.6,78.6,61.1,—
4318.T,61.8,89.2,87.2,—
7779.T,59.1,91.3,91.7,—
3169.T,71.1,100.0,78.8,買われ気味
6952.T,50.7,49.6,41.4,—
1939.T,66.8,91.9,81.5,—
5644.T,46.5,34.8,20.8,—
5851.T,54.9,83.5,65.8,—
9869.T,61.1,78.8,75.8,—
6347.T,45.3,72.7,52.0,—
190A.T,40.2,28.6,33.3,—
8117.T,54.7,79.6,70.0,—
6035.T,61.9,78.5,85.1,—
7552.T,76.6,94.5,94.7,買われ気味
2294.T,37.0,20.7,22.4,—
7994.T,53.2,57.7,39.9,—
7476.T,59.3,86.5,81.9,—
5599.T,59.5,67.2,79.8,—
7490.T,60.4,100.0,100.0,—
6273.T,51.7,96.9,68.2,—
3542.T,60.3,82.1,73.0,—
1833.T,49.9,62.5,57.6,—
7809.T,46.8,12.5,6.5,—
7987.T,54.6,88.5,84.6,—
8130.T,62.5,90.0,81.1,—
6180.T,44.7,35.3,12.7,—
8061.T,54.8,68.9,56.9,—
9640.T,35.0,52.3,65.2,売られ気味
2760.T,66.9,96.5,90.9,—
6237.T,49.9,87.6,74.9,—
7269.T,41.9,18.4,18.6,—
5133.T,55.4,85.7,64.1,—
2206.T,47.0,52.8,39.7,—
1434.T,51.1,89.7,84.0,—
5033.T,69.2,83.1,89.5,—
4972.T,65.9,97.6,86.1,—
4204.T,44.4,50.0,38.5,—
1721.T,56.2,55.0,70.0,—
4665.T,64.6,92.7,88.4,—
2327.T,50.9,57.0,41.8,—
6284.T,45.2,66.7,61.1,—
9236.T,60.5,73.6,81.5,—
7734.T,61.4,88.9,89.5,—
2001.T,51.8,34.8,35.0,—
4344.T,36.2,21.4,18.7,—
1926.T,56.9,74.5,74.5,—
6961.T,47.0,52.8,60.1,—
7821.T,51.6,77.6,66.3,—
7610.T,44.0,40.0,37.7,—
6744.T,37.9,42.4,45.7,—
2922.T,56.2,87.0,62.1,—
5930.T,59.0,95.9,88.1,—
5942.T,67.7,84.3,75.1,—
5955.T,50.7,60.0,60.0,—
5250.T,56.2,58.8,62.2,—
1444.T,70.6,100.0,94.6,買われ気味
3984.T,57.8,100.0,92.6,—
9087.T,51.8,35.6,41.2,—
2002.T,48.1,31.8,18.5,—
6516.T,52.1,88.6,83.0,—
6814.T,55.9,69.3,63.7,—
7131.T,56.9,27.7,24.8,—
9319.T,49.2,61.9,65.8,—
1401.T,72.5,96.2,68.6,買われ気味
5975.T,67.7,84.2,65.1,—
4433.T,46.2,51.4,49.0,—
3657.T,55.4,47.8,61.6,—
8275.T,51.2,59.3,57.0,—
9684.T,53.8,68.5,55.0,—
5242.T,51.5,20.8,23.8,—
9368.T,63.4,78.0,78.2,—
7414.T,53.0,62.3,60.7,—
3156.T,73.9,100.0,97.7,買われ気味
6840.T,65.4,85.7,82.5,—
6810.T,62.5,94.3,73.5,—
4326.T,55.6,64.7,53.5,—
3252.T,39.6,27.2,25.6,—
7683.T,56.0,83.3,74.6,—
2315.T,50.7,53.8,53.8,—
3983.T,34.3,28.9,26.9,売られ気味
3935.T,66.6,80.0,74.4,—
6579.T,41.6,12.5,25.0,—
3656.T,43.2,45.8,50.6,—
9830.T,58.6,95.1,77.0,—
6013.T,45.7,77.8,74.5,—
9474.T,60.8,97.5,84.2,—
4261.T,43.3,28.0,39.1,—
9685.T,45.5,40.0,43.1,—
4395.T,39.9,21.7,15.7,—
3489.T,37.0,12.0,15.6,—
7974.T,43.8,21.8,29.5,—
8739.T,64.0,83.0,72.3,—
7874.T,57.7,89.7,87.4,—
6653.T,47.4,57.1,57.2,—
4421.T,55.8,61.9,63.5,—
8008.T,54.0,71.8,47.8,—
6136.T,48.8,73.6,62.2,—
7246.T,60.6,53.4,48.5,—
4927.T,56.3,87.6,66.2,—
6728.T,52.0,97.6,88.0,—
7080.T,61.7,83.8,82.9,—
3040.T,72.9,98.1,95.0,買われ気味
2432.T,50.8,52.3,52.9,—
500A.T,66.6,71.1,66.2,—
6928.T,62.4,97.6,75.4,—
6195.T,57.4,100.0,94.4,—
6947.T,62.4,91.0,86.9,—
5279.T,53.5,64.9,47.6,—
6668.T,59.4,90.2,90.6,—
7504.T,48.0,34.4,22.6,—
478A.T,40.2,3.8,7.7,—
3645.T,51.8,15.0,12.6,—
7242.T,54.2,50.0,55.6,—
2004.T,67.0,92.1,78.9,—
3180.T,57.9,64.6,66.5,—
9564.T,46.9,38.8,37.5,—
7325.T,58.0,100.0,80.0,—
368A.T,47.6,59.4,56.1,—
3929.T,63.0,91.7,87.5,—
1965.T,62.9,95.7,82.6,—
6177.T,55.6,21.1,12.3,—
2326.T,65.0,76.0,80.8,—
6543.T,43.6,37.0,34.2,—
2986.T,61.8,78.5,79.4,—
520A.T,51.6,27.3,35.9,—
3690.T,52.2,27.0,29.2,—
3457.T,40.9,16.1,27.6,—
4057.T,49.9,58.3,41.0,—
8060.T,57.6,92.9,76.2,—
6045.T,48.6,11.8,13.4,—
3652.T,68.5,75.9,85.4,—
7278.T,47.9,45.5,40.6,—
1975.T,55.3,85.9,77.9,—
2674.T,46.4,58.0,52.8,—
2303.T,48.6,10.8,25.3,—
6317.T,82.5,93.4,95.9,🔴買われすぎ
6144.T,41.7,46.6,37.5,—
2586.T,23.6,11.8,3.9,🟢売られすぎ＋反転(買い検討)
5310.T,63.5,83.9,87.7,—
7282.T,53.2,58.4,48.4,—
3771.T,57.6,100.0,85.1,—
7775.T,50.8,66.7,38.9,—
2109.T,69.4,94.7,85.7,—
7353.T,33.6,31.1,25.6,売られ気味
1959.T,48.3,74.7,62.4,—
2782.T,58.9,61.3,64.6,—
6302.T,57.8,86.6,89.4,—
6951.T,58.4,94.9,92.0,—
6807.T,66.4,93.9,90.3,—
7164.T,49.1,44.8,40.7,—
9746.T,56.9,67.5,82.3,—
3985.T,70.6,100.0,85.2,買われ気味
4389.T,47.8,22.8,29.2,—
9416.T,63.0,82.6,82.3,—
6768.T,61.2,91.4,84.2,—
7373.T,43.4,40.3,36.2,—
3168.T,42.1,50.4,42.7,—
8007.T,49.8,69.0,61.1,—
3024.T,57.4,50.7,48.3,—
7110.T,32.0,22.4,20.5,売られ気味
5621.T,52.9,64.0,61.9,—
6402.T,59.5,77.3,89.4,—
4768.T,62.2,88.4,83.4,—
6745.T,49.9,60.3,61.8,—
7839.T,64.4,93.0,87.6,—
5714.T,44.5,28.7,25.1,—
2875.T,34.4,22.0,13.6,売られ気味
6806.T,49.0,93.4,67.6,—
5933.T,60.0,87.6,81.8,—
7701.T,57.2,97.3,78.8,—
8771.T,51.6,76.7,74.7,—
7781.T,54.1,59.4,72.6,—
3916.T,56.4,100.0,72.7,—
8111.T,55.5,97.3,82.1,—
7966.T,55.2,88.9,90.4,—
8131.T,61.2,41.3,35.9,—
3087.T,44.5,6.4,9.8,—
9682.T,62.5,91.9,78.1,—
3566.T,42.5,52.5,53.5,—
3640.T,54.7,64.4,69.7,—
6560.T,50.8,39.7,55.6,—
6480.T,59.4,94.7,85.1,—
6638.T,68.2,100.0,98.6,—
5162.T,49.7,68.8,77.5,—
6578.T,53.4,45.5,35.2,—
5290.T,56.6,76.9,77.9,—
3921.T,60.3,84.7,83.6,—
7064.T,62.6,82.3,88.2,—
6492.T,55.1,53.4,49.6,—
3776.T,55.8,84.2,84.1,—
2805.T,59.0,55.9,72.2,—
9537.T,46.0,70.4,70.4,—
6465.T,39.9,29.0,27.1,—
6724.T,62.0,96.8,75.5,—
6914.T,56.0,100.0,82.4,—
3080.T,70.7,97.3,93.8,買われ気味
7035.T,35.3,31.0,28.4,—
3900.T,47.7,58.6,71.6,—
9889.T,54.1,73.7,69.5,—
1944.T,50.3,56.8,51.3,—
3441.T,25.9,6.0,6.5,🟢売られすぎ
8218.T,57.5,75.0,68.8,—
4571.T,44.4,37.5,45.8,—
2924.T,52.1,87.2,76.6,—
9562.T,67.7,84.3,74.4,—
3676.T,73.2,25.0,30.6,買われ気味
7762.T,49.5,50.4,38.8,—
8113.T,45.0,41.4,39.3,—
6240.T,48.7,57.8,50.4,—
2659.T,49.5,40.6,47.9,—
4800.T,69.4,25.0,52.8,—
4403.T,37.6,14.9,16.6,—
336A.T,56.2,17.1,24.0,—
7115.T,44.5,22.4,33.7,—
6201.T,,,,
6474.T,51.8,85.0,77.2,—
9644.T,51.0,72.2,44.5,—
3443.T,57.0,71.1,64.3,—
4187.T,45.9,71.7,57.0,—
6498.T,53.1,91.0,89.7,—
1429.T,59.1,71.4,53.3,—
3719.T,37.8,25.0,13.1,—
7823.T,40.6,22.2,20.2,—
4166.T,63.8,63.0,74.8,—
2428.T,41.1,20.0,14.7,—
2813.T,46.8,50.0,37.9,—
6196.T,57.1,53.1,62.6,—
9795.T,49.4,43.4,45.4,—
228A.T,62.0,76.7,74.2,—
255A.T,56.2,92.8,87.3,—
3360.T,59.7,83.5,72.5,—
4274.T,51.9,27.3,30.8,—
7792.T,52.3,33.3,58.2,—
4174.T,63.4,37.8,39.2,—
4932.T,60.5,65.5,70.9,—
9962.T,62.7,96.3,86.5,—
9364.T,51.1,67.8,58.1,—
6566.T,41.4,52.6,51.3,—
4888.T,69.5,77.8,81.0,—
4709.T,62.8,100.0,88.4,—
6539.T,46.0,37.0,47.9,—
4393.T,61.9,77.8,82.9,—
7619.T,80.5,91.9,95.9,🔴買われすぎ＋反転(売り検討)
8153.T,48.5,26.3,39.5,—
6577.T,15.8,2.6,0.9,🟢売られすぎ＋反転(買い検討)
3423.T,33.8,21.4,26.6,売られ気味
3726.T,26.4,0.0,4.2,🟢売られすぎ
4919.T,63.5,84.0,74.7,—
7721.T,60.3,92.4,90.3,—
150A.T,57.5,56.6,60.9,—
6194.T,55.2,77.1,82.6,—
7224.T,53.4,91.9,79.0,—
4275.T,44.1,49.8,59.3,—
4885.T,58.9,98.1,58.4,—
4967.T,85.1,100.0,88.2,🔴買われすぎ
2991.T,49.9,70.6,61.4,—
3647.T,45.3,0.0,3.3,—
9824.T,62.4,80.2,80.2,—
2267.T,46.2,24.0,23.9,—
2304.T,46.8,50.0,50.0,—
7191.T,66.6,90.8,89.8,—
6651.T,51.6,66.1,77.2,—
151A.T,45.8,25.0,18.5,—
6334.T,40.5,17.5,13.9,—
3901.T,48.9,47.1,49.3,—
3150.T,46.3,64.5,58.3,—
3444.T,50.1,22.8,36.7,—
3928.T,55.4,81.8,78.8,—
6988.T,62.5,95.6,81.6,—
4811.T,53.8,31.9,41.1,—
9331.T,43.8,54.8,21.4,—
4558.T,46.9,25.0,25.0,—
7094.T,55.5,50.8,49.2,—
1848.T,75.8,90.3,83.3,買われ気味
2288.T,54.8,63.8,67.4,—
9237.T,35.4,14.6,23.0,—
250A.T,53.9,93.9,77.9,—
2146.T,65.5,88.0,88.0,—
2354.T,43.0,10.9,21.7,—
6088.T,63.9,94.6,93.3,—
2753.T,44.7,15.8,39.9,—
4323.T,50.2,57.5,60.0,—
8115.T,47.7,76.9,72.0,—
5903.T,,,,
7716.T,47.6,51.0,44.5,—
7956.T,52.4,66.4,58.3,—
3922.T,51.5,57.5,60.0,—
6841.T,43.0,64.9,43.2,—
6454.T,53.0,59.4,71.4,—
2573.T,68.3,100.0,74.6,—
2929.T,68.2,78.4,77.6,—
2112.T,48.0,33.3,26.2,—
5482.T,52.7,67.3,62.8,—
2139.T,48.8,73.3,56.1,—
4783.T,53.7,62.9,63.5,—
4013.T,45.3,42.2,54.3,—
4890.T,41.1,11.1,16.7,—
3992.T,49.3,23.1,28.6,—
7014.T,55.4,62.8,73.2,—
9307.T,42.6,31.1,18.1,—
2751.T,42.2,31.5,32.1,—
2376.T,51.5,60.0,78.1,—
5533.T,61.9,71.4,65.9,—
5929.T,46.6,62.3,50.8,—
4498.T,42.6,50.2,48.2,—
4933.T,80.8,85.6,93.8,🔴買われすぎ
9367.T,45.2,3.1,10.5,—
9927.T,,,,
3591.T,35.3,18.9,13.2,—
5257.T,67.2,82.1,86.7,—
4203.T,63.5,97.0,88.6,—
3075.T,57.5,35.2,41.9,—
5721.T,54.9,50.0,57.3,—
7134.T,53.8,67.8,75.8,—
6184.T,61.2,74.6,76.6,—
3744.T,52.8,100.0,90.0,—
4523.T,62.0,88.5,83.7,—
9423.T,57.6,100.0,91.7,—
3635.T,50.8,47.1,57.0,—
5991.T,53.6,85.4,79.5,—
9735.T,47.2,59.8,57.3,—
5214.T,49.3,65.3,66.6,—
2130.T,44.8,68.4,81.6,—
9216.T,60.5,84.0,87.1,—
4481.T,45.2,26.2,26.0,—
4722.T,63.5,38.5,38.7,—
3221.T,33.0,3.0,7.3,売られ気味
4838.T,57.9,50.0,49.4,—
4151.T,37.7,36.3,25.8,—
6037.T,51.1,62.7,74.5,—
7832.T,55.8,71.6,62.6,—
3495.T,41.6,21.8,29.0,—
5105.T,57.0,96.8,91.3,—
4528.T,55.8,68.7,55.5,—
3837.T,43.3,59.4,57.3,—
3626.T,56.8,64.7,69.4,—
303A.T,59.9,94.7,71.7,—
4596.T,50.4,25.0,25.0,—
4208.T,51.6,59.7,48.1,—
4582.T,41.8,55.6,34.6,—
8132.T,53.7,81.8,62.0,—
3747.T,45.1,26.0,24.7,—
8089.T,52.2,28.6,29.7,—
1515.T,45.2,7.0,17.7,—
5256.T,80.8,87.4,90.1,🔴買われすぎ＋反転(売り検討)
145A.T,47.0,25.5,27.6,—
5269.T,49.2,46.7,37.7,—
2980.T,43.3,43.4,47.8,—
2531.T,75.3,93.4,90.1,買われ気味
5580.T,42.3,51.8,50.7,—
4848.T,57.8,66.5,62.7,—
5572.T,62.8,89.6,88.5,—
254A.T,48.9,29.4,51.0,—
4816.T,49.1,17.6,23.0,—
7793.T,74.5,78.2,85.3,買われ気味
4751.T,42.3,44.8,37.1,—
3562.T,59.6,79.4,71.4,—
3116.T,48.9,51.0,50.5,—
6101.T,49.1,92.7,80.2,—
3088.T,48.1,40.4,39.4,—
2208.T,60.5,100.0,88.3,—
9421.T,77.1,54.5,68.7,買われ気味
3649.T,56.0,74.3,75.2,—
9818.T,61.5,100.0,48.7,—
6235.T,46.2,84.2,70.0,—
2726.T,45.1,25.5,29.5,—
5034.T,66.1,90.1,78.7,—
9941.T,30.9,2.1,13.4,売られ気味
9068.T,51.7,70.3,75.7,—
476A.T,62.3,79.1,85.0,—
7183.T,49.4,0.0,33.3,—
5108.T,46.4,33.5,21.1,—
9256.T,32.3,21.4,22.3,売られ気味
7059.T,67.6,90.5,89.1,—
4912.T,40.0,12.4,8.3,—
9880.T,55.1,97.1,81.8,—
7867.T,73.7,94.2,95.1,買われ気味
4597.T,58.9,100.0,100.0,—
6658.T,48.3,50.0,50.7,—
4345.T,59.5,94.3,95.3,—
1333.T,50.0,64.9,63.1,—
1980.T,60.7,88.5,88.6,—
5031.T,53.7,25.3,27.6,—
2117.T,61.0,96.8,73.4,—
7570.T,56.4,95.7,78.1,—
6800.T,61.7,92.6,93.0,—
2780.T,37.9,29.1,22.1,—
219A.T,73.3,86.3,94.7,買われ気味
2217.T,50.1,100.0,76.4,—
5699.T,45.7,3.4,21.2,—
7694.T,47.4,3.0,2.8,—
8151.T,55.4,99.3,64.6,—
6134.T,56.4,94.7,94.5,—
299A.T,46.5,9.6,15.2,—
3788.T,52.9,98.0,77.4,—
5337.T,60.7,77.6,83.4,—
350A.T,37.2,7.0,14.2,—
7840.T,57.1,84.6,76.3,—
146A.T,55.6,62.4,66.5,—
9928.T,65.3,84.9,73.8,—
3558.T,61.5,75.9,71.3,—
3329.T,62.2,83.3,87.8,—
4193.T,51.9,88.2,73.5,—
3140.T,53.7,75.0,81.3,—
6845.T,45.9,85.9,59.4,—
1921.T,58.5,64.7,76.4,—
6018.T,55.0,83.9,62.4,—
4264.T,42.4,49.0,44.0,—
1898.T,51.4,65.0,53.9,—
7177.T,60.4,78.6,55.1,—
4985.T,46.1,37.7,35.2,—
6994.T,55.8,79.9,85.8,—
7818.T,59.1,79.5,83.3,—
4375.T,47.1,32.2,58.8,—
6551.T,46.3,19.5,34.1,—
1969.T,64.9,87.8,90.3,—
6707.T,40.9,65.0,59.7,—
4404.T,55.5,36.0,64.0,—
3791.T,55.5,90.9,80.5,—
6869.T,56.5,77.7,60.0,—
6526.T,63.7,89.2,93.6,—
7357.T,55.6,76.2,61.2,—
9159.T,45.7,3.7,17.5,—
3664.T,52.0,75.0,48.3,—
4979.T,60.4,50.0,39.5,—
4825.T,46.2,36.4,39.1,—
9948.T,54.1,57.6,53.5,—
2269.T,51.8,23.8,24.6,—
5713.T,47.2,24.0,16.9,—
8929.T,58.1,88.8,70.6,—
4168.T,55.4,69.8,84.4,—
2809.T,36.5,7.3,6.4,—
4966.T,50.4,89.1,83.8,—
2667.T,48.0,17.4,18.8,—
8070.T,69.2,87.7,83.9,—
5698.T,43.1,52.9,48.3,—
4320.T,33.1,25.9,21.7,売られ気味
7481.T,57.8,75.2,63.5,—
7033.T,52.9,61.5,51.7,—
3931.T,40.3,30.3,16.2,—
5631.T,48.4,70.7,78.7,—
5703.T,52.4,66.5,60.2,—
5857.T,49.5,41.5,37.0,—
6471.T,51.2,66.7,61.1,—
5869.T,57.6,66.7,53.5,—
2593.T,53.3,26.9,30.4,—
3271.T,,,,
3538.T,66.4,89.3,88.7,—
8105.T,37.5,26.7,27.6,—
4928.T,51.3,60.6,49.3,—
4658.T,62.7,81.0,79.3,—
4237.T,45.5,25.0,22.5,—
1417.T,51.2,71.3,60.8,—
9417.T,45.9,30.8,26.9,—
2331.T,52.0,35.0,43.0,—
1723.T,61.0,72.4,79.1,—
6962.T,59.3,99.2,88.8,—
6785.T,59.3,90.3,78.2,—
7443.T,55.6,58.3,40.1,—
4099.T,42.4,73.2,61.7,—
4109.T,51.7,86.7,67.4,—
4820.T,57.3,76.5,79.6,—
6996.T,46.1,60.8,57.3,—
2410.T,45.6,59.1,55.5,—
5393.T,52.6,83.5,74.0,—
7261.T,46.8,39.5,37.8,—
5574.T,59.2,58.3,74.5,—
4975.T,54.5,88.7,86.4,—
2998.T,47.3,19.6,18.1,—
7826.T,65.9,91.9,77.4,—
1961.T,59.4,98.7,93.6,—
4579.T,69.8,98.7,95.0,—
6440.T,68.5,93.2,91.6,—
9556.T,53.8,57.4,67.0,—
7081.T,42.4,40.0,36.9,—
5027.T,61.8,76.3,84.2,—
4182.T,49.8,86.6,69.3,—
6617.T,49.7,80.2,79.4,—
6584.T,50.7,84.8,77.7,—
6775.T,59.1,20.5,44.9,—
479A.T,66.6,76.6,86.2,—
4527.T,49.2,23.4,14.0,—
3741.T,55.0,61.8,61.8,—
7939.T,44.9,6.7,28.4,—
3763.T,50.8,59.3,66.9,—
2317.T,48.7,44.4,42.9,—
6099.T,46.2,58.7,60.5,—
8139.T,46.3,26.9,32.8,—
8198.T,57.3,68.6,51.2,—
4398.T,55.9,49.5,52.6,—
4575.T,42.9,13.7,17.9,—
2127.T,40.1,46.2,52.9,—
6396.T,50.7,32.9,32.9,—
6616.T,53.3,78.7,73.2,—
1840.T,48.6,29.4,25.5,—
4075.T,58.9,56.8,54.2,—
3393.T,64.1,72.0,85.9,—
9816.T,52.9,20.7,20.7,—
4812.T,64.5,47.6,65.1,—
4293.T,42.9,8.8,11.7,—
7606.T,53.2,91.3,69.4,—
4536.T,40.3,24.7,14.0,—
4199.T,47.9,32.7,41.8,—
6622.T,51.5,89.1,83.4,—
3105.T,69.0,99.6,96.4,—
300A.T,46.5,33.3,30.0,—
3989.T,56.8,99.0,76.6,—
324A.T,51.8,59.3,69.1,—
3936.T,33.0,14.3,19.9,売られ気味
5586.T,56.9,73.9,69.9,—
7068.T,60.1,88.4,76.7,—
2379.T,50.9,54.3,66.7,—
4015.T,48.4,80.0,76.7,—
9238.T,31.6,25.0,26.2,売られ気味
2459.T,54.6,25.0,20.8,—
4684.T,61.0,71.6,74.4,—
4118.T,55.8,73.7,58.8,—
6058.T,49.5,42.0,39.4,—
335A.T,40.9,1.6,9.3,—
5287.T,52.9,19.1,23.3,—
5028.T,46.0,40.0,42.2,—
3823.T,59.6,45.8,43.1,—
147A.T,44.5,54.4,71.7,—
6856.T,56.0,98.3,91.0,—
148A.T,70.1,100.0,88.8,買われ気味
4446.T,43.1,34.9,42.1,—
9602.T,52.9,28.1,28.2,—
4493.T,56.1,69.5,80.6,—
9960.T,74.4,92.9,93.6,買われ気味
2749.T,55.3,53.1,55.1,—
519A.T,37.5,10.6,14.4,—
4055.T,51.8,53.1,58.3,—
9517.T,45.9,30.8,32.8,—
3712.T,40.7,8.8,13.0,—
2801.T,40.9,12.5,8.1,—
4063.T,46.8,89.1,78.0,—
7636.T,53.6,64.3,67.5,—
7236.T,55.9,96.3,66.6,—
9759.T,59.7,96.8,83.3,—
7461.T,45.1,47.8,72.5,—
3323.T,55.3,42.9,36.9,—
7283.T,50.5,53.6,44.1,—
7719.T,53.2,36.7,42.8,—
2804.T,50.5,33.3,45.7,—
4192.T,59.8,67.2,80.5,—
7089.T,45.1,54.2,46.7,—
3762.T,63.6,92.0,90.3,—
6055.T,58.6,90.3,82.9,—
4813.T,50.7,63.6,47.4,—
3804.T,46.4,34.6,30.8,—
3708.T,69.0,91.1,93.6,—
6254.T,46.7,60.4,49.0,—
9936.T,47.5,8.0,16.2,—
9560.T,55.0,62.2,62.9,—
5612.T,48.3,60.4,65.0,—
7774.T,54.4,52.7,54.7,—
5334.T,39.7,57.9,35.6,—
6023.T,60.0,72.6,82.3,—
4382.T,69.0,81.7,78.9,—
6086.T,50.2,63.8,73.6,—
4495.T,60.5,77.2,73.7,—
4286.T,70.2,77.1,76.3,買われ気味
173A.T,62.2,62.8,62.4,—
366A.T,64.9,80.6,60.9,—
4584.T,52.7,60.0,50.5,—
4923.T,52.3,60.4,45.8,—
1431.T,42.8,1.9,37.0,—
5285.T,42.4,23.6,24.7,—
8282.T,46.1,53.4,40.7,—
5905.T,48.0,51.7,51.7,—
5333.T,52.2,94.7,88.6,—
4347.T,67.1,89.1,85.7,—
9385.T,47.3,14.3,14.3,—
7906.T,42.2,40.1,25.8,—
3840.T,61.7,100.0,87.5,—
3593.T,,,,
6727.T,67.4,94.6,85.9,—
9691.T,68.0,100.0,100.0,—
2201.T,41.5,28.1,28.3,—
3031.T,58.5,78.3,74.5,—
6545.T,38.5,10.9,3.6,—
1951.T,51.4,77.3,60.9,—
1801.T,44.1,23.0,33.9,—
4189.T,52.9,53.4,38.2,—
9436.T,68.6,70.0,77.2,—
5885.T,50.0,28.6,34.5,—
1942.T,52.2,65.3,53.7,—
3845.T,65.8,75.0,70.6,—
4165.T,51.3,38.0,43.0,—
4828.T,53.4,56.4,62.1,—
7378.T,55.7,81.5,65.1,—
3633.T,65.7,56.0,54.5,—
8919.T,52.3,68.8,55.9,—
8783.T,29.7,8.3,7.5,🟢売られすぎ＋反転(買い検討)
3660.T,46.0,21.1,40.9,—
5992.T,53.3,79.3,74.2,—
4583.T,63.9,57.9,59.5,—
6548.T,56.5,35.3,28.4,—
7259.T,49.3,59.1,54.7,—
8167.T,60.0,87.5,73.1,—
4043.T,56.3,89.1,89.0,—
2321.T,47.8,5.1,5.1,—
6473.T,54.7,60.1,51.9,—
1909.T,54.5,27.2,25.7,—
4538.T,51.2,58.6,55.0,—
4441.T,52.4,58.7,52.7,—
6614.T,50.4,36.2,28.5,—
7729.T,54.7,93.2,82.5,—
9435.T,43.9,34.5,44.6,—
9989.T,44.9,26.7,16.2,—
4056.T,44.6,3.0,5.3,—
4549.T,59.6,91.5,94.9,—
253A.T,50.7,65.9,53.0,—
4437.T,47.0,68.8,46.0,—
6330.T,50.8,34.9,55.7,—
9039.T,63.7,91.1,81.4,—
1948.T,73.3,60.0,56.7,買われ気味
5029.T,62.9,83.5,85.5,—
8097.T,62.2,69.6,81.9,—
7995.T,55.7,93.4,80.6,—
4396.T,53.0,53.4,60.3,—
6573.T,46.8,25.0,15.0,—
5384.T,49.4,95.4,80.4,—
369A.T,63.1,77.8,87.9,—
9561.T,58.8,78.8,69.0,—
3683.T,43.3,9.5,12.7,—
3317.T,53.6,73.2,78.9,—
8923.T,47.2,56.8,42.2,—
274A.T,42.5,39.8,35.8,—
4896.T,53.2,40.0,47.7,—
7730.T,41.4,55.9,40.2,—
7317.T,,,,
9342.T,54.9,53.8,46.2,—
6301.T,62.6,95.1,46.1,—
5575.T,56.2,80.0,72.7,—
6696.T,49.8,47.7,63.6,—
4242.T,45.6,52.5,42.1,—
446A.T,64.6,82.7,89.7,—
9554.T,58.7,77.3,72.8,—
6855.T,64.8,98.8,96.7,—
4676.T,47.8,41.8,35.4,—
9757.T,62.0,88.2,88.2,—
4968.T,62.9,90.3,95.7,—
6323.T,50.4,82.8,64.8,—
6555.T,47.2,44.4,51.9,—
6490.T,58.9,91.9,80.6,—
7291.T,57.9,87.5,72.2,—
7564.T,27.8,12.6,6.6,🟢売られすぎ
6407.T,46.2,63.6,55.8,—
3964.T,51.7,90.2,69.2,—
6268.T,57.5,98.7,91.2,—
7944.T,46.3,69.1,57.8,—
4425.T,45.1,32.4,33.7,—
3038.T,49.2,40.0,47.9,—
7345.T,43.8,34.5,39.7,—
3539.T,56.4,83.5,74.2,—
9913.T,65.3,100.0,90.5,—
1436.T,54.2,19.1,24.1,—
7812.T,50.2,71.1,69.6,—
2270.T,44.8,15.8,23.9,—
5254.T,49.3,70.2,67.4,—
6315.T,43.4,61.1,53.9,—
3696.T,56.0,86.5,77.5,—
6866.T,48.1,79.3,68.1,—
2156.T,55.7,70.0,83.3,—
4397.T,43.1,14.7,19.9,—
4180.T,60.4,67.7,75.3,—
9882.T,46.2,47.9,36.2,—
8836.T,42.2,0.0,16.7,—
4092.T,55.5,70.5,83.7,—
9697.T,61.8,78.5,74.8,—
6954.T,49.0,79.9,73.3,—
9744.T,68.6,99.2,96.1,—
2997.T,66.1,0.0,0.0,—
2163.T,44.3,57.1,59.5,—
4288.T,36.0,18.9,14.7,—
5616.T,48.3,27.3,19.2,—
5351.T,58.8,93.4,84.0,—
4499.T,42.9,15.7,22.5,—
1446.T,47.5,25.0,45.0,—
4371.T,52.3,59.1,72.6,—
421A.T,53.1,79.7,67.5,—
4019.T,48.4,47.3,43.6,—
9658.T,66.3,100.0,92.3,—
2124.T,59.8,78.0,83.2,—
8056.T,54.3,63.2,58.8,—
3694.T,65.4,90.8,93.8,—
3191.T,56.4,94.6,82.9,—
4369.T,45.0,47.9,43.5,—
7368.T,59.8,70.5,60.7,—
6955.T,48.6,52.4,45.1,—
2685.T,41.9,42.6,24.1,—
5252.T,84.9,95.0,98.2,🔴買われすぎ＋反転(売り検討)
4194.T,44.8,47.9,41.0,—
4444.T,59.9,80.8,47.4,—
4484.T,65.9,84.6,59.7,—
4073.T,72.6,61.2,69.4,買われ気味
4246.T,56.6,79.6,60.6,—
3914.T,61.3,68.8,83.9,—
3177.T,78.0,100.0,96.7,買われ気味
7036.T,55.8,66.7,60.5,—
4021.T,60.8,95.5,88.8,—
6632.T,52.0,82.4,63.5,—
2211.T,58.5,93.9,84.8,—
6965.T,53.5,87.3,70.3,—
3979.T,61.5,66.7,72.2,—
7599.T,38.0,21.7,24.3,—
7581.T,33.7,6.8,7.2,売られ気味
6861.T,54.9,92.0,60.4,—
6819.T,52.9,55.6,51.9,—
2970.T,69.5,100.0,97.2,—
3433.T,60.2,97.8,97.8,—
6200.T,35.8,6.1,44.3,—
6208.T,56.6,47.3,47.4,—
2375.T,44.8,11.5,8.7,—
6368.T,47.4,71.8,65.0,—
6457.T,51.1,74.2,59.4,—
7760.T,57.6,92.7,70.7,—
4539.T,50.9,65.8,46.4,—
6645.T,54.6,89.6,72.1,—
6503.T,45.2,65.3,53.0,—
7735.T,55.6,91.6,71.4,—
5341.T,35.0,8.3,13.1,売られ気味
2180.T,55.9,40.0,40.0,—
4419.T,48.0,46.9,56.5,—
6754.T,54.4,99.5,78.6,—
5884.T,48.3,25.0,26.9,—
7198.T,55.5,90.5,80.8,—
5588.T,64.1,84.6,88.0,—
6963.T,51.7,52.0,45.1,—
9439.T,35.4,12.5,10.4,—
9065.T,48.3,91.1,74.4,—
1384.T,44.7,15.7,8.6,—
4594.T,43.1,7.7,38.5,—
8931.T,55.8,78.8,62.9,—
4592.T,49.9,80.9,70.8,—
4563.T,31.3,33.3,33.3,売られ気味
3661.T,48.5,52.6,51.2,—
4256.T,78.4,91.0,86.4,買われ気味
4937.T,57.9,40.9,48.7,—
4894.T,62.8,92.9,90.1,—
3237.T,37.4,37.5,39.3,—
2937.T,75.6,88.9,82.8,買われ気味
4377.T,51.8,55.9,50.6,—
8095.T,51.9,59.5,50.6,—
7776.T,51.4,72.2,74.1,—
4071.T,45.4,75.9,65.0,—
4765.T,52.6,63.4,59.9,—
330A.T,52.8,20.8,30.3,—
6522.T,39.7,2.6,8.5,—
6757.T,65.7,90.9,92.4,—
4196.T,15.1,0.7,1.5,🟢売られすぎ
7202.T,45.5,50.8,46.4,—
6182.T,64.9,83.7,69.8,—
7088.T,,,,
6504.T,54.4,86.0,77.9,—
6941.T,58.0,93.8,92.8,—
4887.T,59.5,86.1,82.2,—
9424.T,50.1,37.5,54.2,—
7096.T,41.1,38.3,37.9,—
3695.T,79.3,97.0,90.8,買われ気味
4598.T,52.0,20.8,18.2,—
4082.T,47.7,7.1,11.7,—
3854.T,38.4,18.8,19.0,—
3727.T,51.0,13.3,39.9,—
7868.T,51.5,63.8,58.2,—
6506.T,42.1,57.6,51.9,—
4771.T,59.5,60.7,77.6,—
2597.T,59.7,47.5,49.5,—
4570.T,66.9,92.6,91.7,—
276A.T,69.7,86.0,87.1,—
2894.T,54.5,26.3,29.9,—
8230.T,43.8,42.9,23.8,—
6597.T,66.6,81.1,87.7,—
4442.T,54.2,47.1,41.2,—
3521.T,55.8,66.7,88.9,—
1815.T,56.2,83.7,73.2,—
3769.T,51.9,92.2,65.0,—
6674.T,52.0,75.5,83.3,—
5332.T,42.4,76.1,49.1,—
280A.T,49.8,57.8,57.2,—
1419.T,48.9,83.5,67.8,—
4578.T,40.8,25.3,21.6,—
4422.T,39.0,17.7,16.4,—
4412.T,62.5,70.1,60.2,—
4418.T,58.5,60.7,84.7,—
5817.T,63.0,85.4,88.9,—
338A.T,59.6,60.0,74.1,—
4431.T,48.4,22.1,22.7,—
9412.T,47.5,76.8,78.6,—
5985.T,64.9,80.7,82.0,—
6568.T,47.7,47.7,42.4,—
3091.T,54.4,44.1,41.4,—
4386.T,58.1,76.2,72.7,—
7041.T,48.4,55.9,49.0,—
5032.T,48.4,21.9,35.8,—
4379.T,73.3,85.3,89.7,買われ気味
6226.T,50.8,65.2,65.6,—
6383.T,43.4,44.0,36.2,—
6278.T,51.0,96.4,84.8,—
6702.T,61.2,88.6,81.8,—
4478.T,49.2,10.7,18.5,—
9343.T,50.1,41.7,51.4,—
7463.T,69.5,93.9,90.4,—
4766.T,54.2,52.6,50.9,—
4587.T,52.3,48.8,44.2,—
3276.T,68.2,78.4,81.7,—
9946.T,45.3,50.8,63.9,—
3496.T,53.5,60.3,71.4,—
4732.T,33.7,5.8,7.7,売られ気味
138A.T,59.3,86.7,53.5,—
6376.T,54.4,90.3,58.5,—
6367.T,45.0,72.6,62.9,—
215A.T,36.6,10.8,13.3,—
4022.T,45.9,47.5,34.8,—
7073.T,57.6,81.2,35.3,—
7082.T,53.6,0.0,0.0,—
9793.T,43.1,40.0,48.2,—
153A.T,60.8,61.4,76.8,—
8032.T,63.4,81.1,79.6,—
4058.T,43.5,12.2,25.3,—
9246.T,53.0,54.3,62.3,—
155A.T,42.6,12.7,36.5,—
3415.T,45.6,62.1,51.1,—
4107.T,47.8,33.0,25.1,—
4519.T,44.7,55.2,58.6,—
7356.T,50.6,21.4,23.8,—
7794.T,54.1,36.1,36.0,—
156A.T,56.9,56.0,56.0,—
6481.T,50.3,88.4,72.6,—
3372.T,53.1,50.0,50.0,—
4016.T,62.3,79.0,90.9,—
3093.T,50.4,81.8,75.5,—
4482.T,57.2,77.8,75.9,—
2668.T,56.3,100.0,82.2,—
3850.T,67.4,75.0,80.9,—
4415.T,59.4,100.0,78.2,—
5344.T,50.6,64.3,65.1,—
505A.T,49.7,47.5,55.3,—
6736.T,55.9,63.2,63.2,—
4179.T,43.5,50.9,58.7,—
7120.T,46.9,53.8,44.9,—
5038.T,53.0,74.5,54.7,—
6387.T,43.5,37.2,32.8,—
3405.T,49.3,41.7,32.0,—
9686.T,61.6,82.0,82.0,—
296A.T,60.1,54.8,69.1,—
6083.T,57.7,82.4,85.1,—
7711.T,48.6,9.3,18.8,—
323A.T,57.8,93.3,64.4,—
6532.T,52.9,62.1,64.3,—
9303.T,56.3,68.4,54.6,—
3446.T,47.8,40.0,33.2,—
3843.T,47.5,38.5,40.1,—
5132.T,41.7,29.2,34.1,—
2229.T,53.4,53.6,36.7,—
4889.T,47.9,58.4,52.5,—
3987.T,44.5,20.3,18.7,—
2160.T,64.0,70.4,87.8,—
3853.T,49.3,68.2,50.6,—
3968.T,60.3,88.7,87.8,—
6629.T,62.9,97.5,84.1,—
460A.T,72.5,76.9,82.4,買われ気味
6836.T,47.1,38.6,38.5,—
6524.T,60.8,92.3,83.4,—
3148.T,43.7,18.2,11.2,—
8697.T,63.3,86.3,78.7,—
4014.T,35.0,9.0,8.6,売られ気味
2736.T,39.0,76.9,43.6,—
4847.T,81.0,90.7,93.9,🔴買われすぎ
475A.T,53.8,38.5,60.5,—
5136.T,75.2,93.2,90.8,買われ気味
1802.T,50.7,57.5,59.5,—
1812.T,45.4,15.0,27.9,—
2464.T,62.4,100.0,84.4,—
3807.T,60.4,70.0,76.8,—
5802.T,52.8,85.3,70.5,—
3687.T,51.3,49.1,54.5,—
8225.T,60.7,96.0,84.0,—
6862.T,78.0,90.0,93.4,買われ気味
4564.T,46.4,0.0,0.0,—
5592.T,48.7,41.8,64.5,—
8125.T,62.3,71.4,66.2,—
7611.T,37.4,7.6,8.6,—
7376.T,39.5,43.0,47.5,—
6652.T,63.6,92.3,95.7,—
9272.T,53.0,69.9,81.4,—
431A.T,57.8,46.4,66.8,—
3891.T,54.7,87.6,82.4,—
4543.T,43.6,34.7,23.3,—
3993.T,51.2,55.8,59.7,—
3679.T,49.1,46.9,48.3,—
4490.T,57.6,90.0,79.4,—
4258.T,64.1,83.5,91.6,—
2413.T,51.7,81.5,64.4,—
7187.T,48.1,63.5,64.0,—
4554.T,53.1,75.3,81.8,—
2222.T,43.1,32.6,49.3,—
9419.T,56.5,53.3,62.2,—
7972.T,43.1,63.3,54.5,—
4971.T,49.7,90.7,82.9,—
9271.T,49.1,50.0,27.0,—
7806.T,54.2,87.7,56.1,—
3359.T,37.0,9.1,15.7,—
3939.T,44.2,69.0,46.9,—
6507.T,54.1,87.1,89.0,—
8160.T,33.9,2.4,5.2,売られ気味
9552.T,45.3,19.3,21.7,—
9168.T,53.6,54.5,59.4,—
6305.T,52.1,39.4,30.3,—
4392.T,43.1,10.3,18.4,—
4186.T,47.5,71.4,59.7,—
3065.T,37.5,33.3,25.6,—
9418.T,59.3,89.2,74.9,—
6590.T,43.0,43.5,46.0,—
3697.T,49.6,50.0,50.4,—
288A.T,44.8,20.0,13.3,—
5381.T,61.7,84.9,90.0,—
4776.T,51.2,53.6,62.3,—
3498.T,55.0,62.7,53.8,—
9766.T,51.2,57.6,53.3,—
4051.T,49.3,83.7,57.9,—
9241.T,34.8,5.2,40.3,売られ気味
9445.T,53.3,47.6,68.3,—
4177.T,27.8,5.1,6.1,🟢売られすぎ
6834.T,61.9,98.7,94.1,—
6508.T,58.0,99.3,78.8,—
6721.T,48.4,42.9,52.4,—
4714.T,65.1,90.9,87.9,—
7747.T,40.7,40.7,31.0,—
3994.T,46.0,16.4,9.8,—
2664.T,57.7,70.4,63.9,—
5210.T,45.6,31.2,34.6,—
3053.T,52.1,45.5,42.4,—
6946.T,70.5,81.7,91.8,買われ気味
5537.T,62.8,78.9,88.3,—
290A.T,52.8,47.0,76.3,—
7741.T,45.5,53.8,34.8,—
4461.T,57.2,89.4,79.2,—
9325.T,49.6,60.4,49.1,—
269A.T,64.7,84.8,88.5,—
1803.T,36.6,6.6,15.9,—
7751.T,57.0,76.1,62.3,—
378A.T,37.8,25.0,28.1,—
2175.T,64.4,75.2,82.0,—
3803.T,72.3,100.0,67.2,買われ気味
7453.T,45.8,40.5,22.4,—
9025.T,56.6,75.1,76.4,—
8020.T,61.9,81.8,72.7,—
7388.T,56.9,62.1,74.7,—
4374.T,47.7,23.7,47.6,—
4611.T,61.8,93.5,68.8,—
438A.T,62.9,69.7,67.5,—
277A.T,52.8,65.9,64.5,—
3092.T,52.4,73.8,71.0,—
4368.T,49.5,91.2,90.4,—
3223.T,69.1,97.6,92.1,—
3469.T,46.9,63.3,48.9,—
6227.T,55.9,82.9,75.7,—
2371.T,63.1,71.4,74.1,—
6838.T,49.9,53.6,42.6,—
5253.T,40.0,10.5,14.9,—
4438.T,52.8,20.4,28.6,—
3048.T,50.2,63.2,50.5,—
246A.T,76.2,91.0,87.9,買われ気味
247A.T,54.5,53.2,33.0,—
6890.T,66.8,100.0,88.2,—
456A.T,65.2,94.9,96.1,—
5591.T,55.3,50.0,59.2,—
8016.T,48.1,59.2,50.9,—
2938.T,51.8,70.6,81.8,—
4559.T,51.4,100.0,82.9,—
4475.T,62.7,88.4,90.6,—
2962.T,68.9,76.7,87.6,—
7810.T,45.5,12.1,8.1,—
2158.T,59.5,83.6,82.8,—
6981.T,57.7,89.5,86.6,—
6361.T,42.0,64.3,61.0,—
325A.T,62.9,89.2,75.8,—
3815.T,40.9,50.0,63.9,—
184A.T,50.1,12.2,8.1,—
9708.T,40.8,35.0,33.4,—
8136.T,47.8,35.4,31.9,—
3224.T,38.6,6.2,10.0,—
4176.T,50.1,52.9,57.1,—
5137.T,55.8,35.4,43.9,—
6016.T,61.8,75.7,82.6,—
3104.T,44.6,59.6,50.6,—
6327.T,50.7,82.3,68.2,—
5243.T,60.7,65.8,80.5,—
8789.T,57.3,70.0,56.7,—
3777.T,37.8,20.0,26.7,—
3064.T,54.4,64.5,61.1,—
2134.T,42.6,60.0,26.7,—
9337.T,47.1,63.5,60.8,—
4704.T,61.2,86.7,92.4,—
142A.T,75.4,83.2,86.7,買われ気味
7827.T,69.6,100.0,96.1,—
5246.T,58.1,77.3,71.9,—
3402.T,49.9,63.7,48.9,—
6656.T,43.1,54.8,51.2,—
2345.T,43.8,7.7,12.8,—
6036.T,57.9,46.4,49.8,—
3449.T,54.8,72.9,83.2,—
3565.T,62.8,67.4,75.4,—
554A.T,39.5,3.3,9.0,—
402A.T,58.3,74.0,68.0,—
6479.T,56.4,95.2,90.2,—
5715.T,50.2,49.0,48.1,—
6042.T,40.9,8.7,46.2,—
8850.T,57.4,92.0,87.1,—
3166.T,44.9,52.8,44.0,—
4463.T,54.3,67.7,58.7,—
5578.T,55.7,62.1,75.2,—
5258.T,52.2,71.4,79.4,—
7196.T,52.8,77.4,78.5,—
2216.T,48.4,68.1,75.9,—
4762.T,52.4,25.4,43.4,—
4452.T,53.9,62.2,47.5,—
4718.T,45.3,27.5,34.9,—
5845.T,59.8,88.9,77.8,—
4833.T,55.8,76.9,57.3,—
9950.T,26.2,24.0,28.0,売られ気味
4819.T,62.1,93.0,91.8,—
6969.T,47.3,54.7,47.3,—
3110.T,48.4,56.9,63.2,—
3185.T,32.6,20.4,25.9,売られ気味
7643.T,51.1,75.0,51.6,—
7352.T,46.7,59.1,48.9,—
212A.T,45.4,43.7,48.0,—
3358.T,43.7,20.0,26.5,—
8035.T,55.9,97.4,71.5,—
4487.T,42.0,37.5,45.8,—
4390.T,57.0,59.2,62.7,—
9215.T,58.3,45.9,45.9,—
4588.T,64.7,80.8,83.1,—
9983.T,41.0,64.7,49.5,—
7752.T,57.3,85.0,70.9,—
6777.T,61.0,92.7,91.6,—
7992.T,45.2,0.0,5.6,—
341A.T,74.9,89.8,90.9,買われ気味
6920.T,63.7,94.1,92.5,—
3691.T,56.1,61.8,68.3,—
3135.T,59.7,78.5,86.6,—
2590.T,45.6,4.2,30.7,—
4449.T,,,,
4716.T,64.6,88.6,71.3,—
5587.T,44.9,41.5,43.1,—
6433.T,66.5,68.7,72.8,—
7621.T,53.3,60.0,56.8,—
3561.T,36.5,29.4,24.2,—
9639.T,63.1,82.1,67.5,—
3663.T,49.4,56.1,54.6,—
6971.T,61.0,98.1,85.5,—
7678.T,70.1,77.4,91.4,買われ気味
3671.T,47.7,50.0,55.6,—
2492.T,63.9,78.2,82.5,—
6558.T,44.3,13.8,50.3,—
3692.T,77.5,94.3,89.6,買われ気味
6613.T,58.3,99.6,92.2,—
8566.T,61.6,96.0,80.0,—
9312.T,75.7,88.5,82.9,買われ気味
7777.T,60.1,63.4,75.6,—
9245.T,66.6,88.1,84.9,—
2154.T,56.9,95.0,82.0,—
7932.T,41.9,23.8,22.5,—
9553.T,65.7,93.8,95.3,—
1860.T,46.0,36.5,46.4,—
2702.T,31.7,6.7,4.4,売られ気味
7638.T,64.3,100.0,95.7,—
6146.T,44.6,56.9,45.7,—
9900.T,51.6,26.9,21.6,—
4054.T,43.6,50.0,55.6,—
429A.T,53.6,67.0,57.0,—
6776.T,67.4,100.0,82.1,—
135A.T,65.8,88.8,92.0,—
9254.T,36.2,3.7,3.7,—
7630.T,69.9,60.8,36.1,—
278A.T,57.1,41.3,43.0,—
5704.T,51.5,30.3,16.5,—
6871.T,54.8,92.8,89.9,—
4568.T,58.9,88.2,86.6,—
5726.T,40.4,28.1,21.5,—
3923.T,45.9,32.8,42.9,—
4047.T,53.4,93.1,95.9,—
6072.T,52.0,55.6,52.5,—
6232.T,40.9,41.5,46.1,—
3198.T,,,,
5706.T,37.3,31.6,26.3,—
6031.T,55.0,45.0,43.9,—
3933.T,49.1,27.3,26.6,—
4572.T,66.4,77.6,69.7,—
8173.T,63.6,84.4,73.0,—
2681.T,57.9,75.8,66.6,—
7069.T,35.8,26.7,23.7,—
218A.T,40.7,33.6,35.9,—
1878.T,49.0,39.1,49.4,—
2678.T,46.3,45.9,40.8,—
3399.T,46.0,27.7,36.7,—
2656.T,48.3,73.3,45.5,—
7044.T,55.5,68.0,75.8,—
3796.T,66.6,74.2,66.7,—
6762.T,52.0,88.2,66.2,—
6098.T,51.9,47.0,50.4,—
7272.T,53.2,48.1,44.9,—
6588.T,48.3,76.8,56.3,—
6779.T,61.5,91.1,93.1,—
6942.T,68.4,52.4,50.0,—
2338.T,38.6,10.0,13.9,—
2871.T,57.7,72.0,67.2,—
7936.T,42.5,51.7,37.1,—
2936.T,52.0,35.0,44.4,—
3077.T,75.5,100.0,96.4,買われ気味
3353.T,43.8,5.7,4.4,—
4443.T,49.3,36.9,44.7,—
9470.T,68.5,93.0,89.6,—
4661.T,46.1,7.9,14.2,—
2877.T,61.1,60.6,66.9,—
9028.T,38.9,21.9,16.8,—
2351.T,52.8,48.6,39.1,—
6324.T,56.4,90.2,92.9,—
5597.T,50.7,28.0,35.3,—
6701.T,53.4,66.8,63.7,—
287A.T,57.3,75.6,54.0,—
1893.T,51.6,50.4,67.1,—
5803.T,48.1,34.7,30.8,—
6666.T,52.0,61.3,61.7,—
556A.T,78.7,93.6,90.2,買われ気味
6366.T,42.3,7.4,17.7,—
4430.T,52.2,37.7,37.5,—
2282.T,40.9,10.1,11.3,—
4531.T,55.6,80.0,72.1,—
4626.T,57.6,100.0,96.0,—
6370.T,45.6,68.5,57.8,—
7805.T,37.4,0.0,45.1,—
4448.T,60.9,86.7,74.1,—
464A.T,51.2,71.0,74.6,—
4255.T,54.9,20.4,33.2,—
2901.T,48.4,86.7,75.1,—
3810.T,51.2,78.3,79.7,—
7649.T,40.1,27.3,18.9,—
8698.T,54.4,75.0,41.9,—
407A.T,50.6,16.2,22.5,—
6027.T,55.1,26.7,45.3,—
8864.T,56.1,88.6,81.8,—
3981.T,46.2,20.0,29.5,—
3046.T,43.2,69.2,79.0,—
9259.T,47.1,38.1,64.7,—
2215.T,57.2,55.0,50.0,—
3501.T,62.8,83.3,82.0,—
4384.T,,,,
5727.T,,,,
4413.T,53.6,14.3,25.6,—
7726.T,62.9,91.8,88.2,—
9262.T,52.8,51.4,46.5,—
208A.T,47.9,55.3,39.4,—
3030.T,66.9,97.7,82.8,—
6537.T,42.6,21.1,21.1,—
6594.T,59.7,78.6,83.1,—
7692.T,40.7,11.1,7.9,—
6525.T,59.2,91.6,80.5,—
7733.T,52.4,64.9,50.9,—
6976.T,46.2,51.8,51.6,—
6857.T,54.9,71.3,54.9,—
7695.T,66.1,91.9,86.9,—
285A.T,53.0,57.3,50.8,—
3997.T,65.0,40.0,43.9,—
9449.T,50.7,70.8,52.8,—
2334.T,52.8,45.6,63.6,—
2220.T,47.1,36.5,19.7,—
1332.T,33.7,5.9,4.4,売られ気味
5842.T,47.5,22.4,38.0,—
4980.T,53.3,92.4,82.2,—
9713.T,71.7,94.4,92.9,買われ気味
7214.T,66.8,89.7,76.6,—
2533.T,58.0,92.9,90.3,—
8253.T,50.7,67.1,55.9,—
6538.T,55.7,58.3,61.6,—
3409.T,27.7,15.4,18.5,🟢売られすぎ
9227.T,41.3,30.2,25.1,—
6231.T,42.4,46.7,48.7,—
7419.T,54.2,84.8,79.7,—
8291.T,58.6,74.1,81.3,—
2212.T,46.5,20.3,8.2,—
365A.T,56.0,71.0,82.8,—
4259.T,52.2,40.2,65.1,—
5891.T,57.7,74.5,62.7,—
6040.T,44.1,30.4,42.0,—
5805.T,50.8,42.3,34.1,—
4552.T,49.1,43.2,30.7,—
4417.T,62.5,70.6,81.3,—
559A.T,53.4,64.6,61.1,—
9428.T,51.7,4.7,3.9,—
2268.T,44.6,30.0,30.0,—
6544.T,45.7,72.3,81.6,—
3113.T,55.3,33.3,25.9,—
2209.T,39.5,6.4,5.9,—
8088.T,49.3,30.7,21.1,—
7011.T,52.0,80.2,83.9,—
7615.T,49.7,25.0,19.4,—
2935.T,62.5,87.5,76.0,—
5801.T,49.3,38.3,41.4,—
7699.T,41.7,2.5,6.6,—
4875.T,72.2,69.6,74.7,買われ気味
485A.T,52.8,59.3,76.9,—
4373.T,49.4,48.5,44.7,—
6574.T,63.9,86.4,87.9,—
7685.T,39.8,9.9,45.5,—
4062.T,63.9,93.7,76.6,—
9257.T,49.4,53.8,22.2,—
4385.T,33.2,9.1,5.8,売られ気味
8050.T,55.3,74.2,54.0,—
5711.T,49.3,41.5,33.4,—
3962.T,53.6,69.6,62.8,—
6269.T,40.2,30.7,39.0,—
2353.T,43.6,11.5,30.8,—
8015.T,52.5,35.6,31.1,—
9083.T,55.1,31.5,54.5,—
186A.T,62.4,94.3,90.4,—
3905.T,63.9,85.6,68.9,—
9067.T,,,,
6993.T,53.5,75.0,70.8,—
9059.T,61.8,81.0,62.5,—
4307.T,51.2,60.3,57.4,—
6634.T,45.1,6.2,4.2,—
9074.T,43.5,47.4,42.7,—
7897.T,61.9,100.0,86.7,—
5742.T,58.1,65.5,36.8,—
3083.T,53.0,8.9,24.3,—
4784.T,52.1,63.8,44.3,—
7220.T,48.7,77.7,59.2,—
9533.T,50.6,25.3,28.8,—
3491.T,32.2,4.9,15.1,売られ気味
4202.T,51.3,58.8,50.8,—
7280.T,62.0,92.6,88.1,—
2195.T,53.0,30.8,34.5,—
4613.T,53.6,64.7,54.3,—
9565.T,43.0,36.7,23.0,—
7383.T,44.6,56.1,48.5,—
9348.T,46.8,52.9,41.0,—
9301.T,61.4,100.0,76.8,—
3241.T,57.5,81.6,67.2,—
4935.T,42.7,54.0,27.6,—
5016.T,43.7,12.4,14.9,—
2897.T,48.2,31.1,27.2,—
2705.T,47.1,12.9,11.7,—
9672.T,44.8,33.3,23.9,—
6501.T,59.4,90.2,88.0,—
2226.T,43.5,9.5,7.6,—
3547.T,65.9,92.8,88.1,—
4483.T,56.4,72.5,77.5,—
3157.T,58.1,91.8,62.6,—
7554.T,52.8,51.1,43.6,—
8207.T,63.5,66.7,44.4,—
6703.T,50.0,62.7,61.1,—
2923.T,39.6,35.0,33.3,—
6999.T,51.5,86.5,84.2,—
6059.T,58.3,55.6,68.4,—
5026.T,53.4,38.2,19.5,—
6533.T,61.7,88.9,86.7,—
7412.T,29.0,2.0,4.7,🟢売られすぎ
4494.T,,,,
6787.T,65.4,88.7,88.6,—
3154.T,55.6,90.7,69.7,—
2281.T,49.5,50.6,32.9,—
7085.T,46.4,50.7,33.8,—
6469.T,56.9,88.7,78.1,—
7245.T,44.5,64.5,49.8,—
4432.T,57.1,77.1,68.7,—
319A.T,57.8,75.8,46.7,—
2181.T,53.4,65.0,59.1,—
9110.T,83.6,57.1,71.4,買われ気味
3955.T,62.7,100.0,91.7,—
2323.T,63.6,73.8,76.0,—
175A.T,54.9,22.2,23.4,—
9338.T,,,,
4960.T,57.7,51.3,61.8,—
4492.T,44.3,2.9,31.1,—
268A.T,46.8,70.1,54.1,—
9831.T,56.0,76.5,73.7,—
7003.T,49.8,53.8,61.2,—
7075.T,56.6,36.4,40.5,—
6085.T,40.2,0.0,3.9,—
2752.T,65.3,94.3,95.8,—
3193.T,33.2,14.6,21.0,売られ気味
9769.T,53.2,86.2,66.4,—
7409.T,52.1,77.3,69.0,—
9235.T,29.9,7.5,10.5,🟢売られすぎ
9090.T,54.5,68.0,70.7,—
6958.T,60.7,89.0,83.0,—
2802.T,45.6,52.2,36.4,—
5618.T,57.4,65.0,71.7,—
3436.T,45.8,60.6,55.5,—
6977.T,74.9,96.6,97.7,買われ気味
6521.T,51.3,77.6,86.3,—
3753.T,41.1,2.9,13.1,—
7030.T,45.1,60.5,51.8,—
9828.T,46.9,17.6,23.6,—
9336.T,46.8,39.4,49.9,—
4367.T,,,,
9073.T,60.2,87.9,70.1,—
2204.T,41.8,9.5,14.3,—
3186.T,31.0,12.2,12.6,売られ気味
2587.T,51.1,66.7,53.2,—
5632.T,65.2,93.7,94.2,—
8255.T,63.1,80.2,71.6,—
281A.T,35.2,12.7,10.4,—
2769.T,67.0,42.1,32.8,—
3300.T,44.8,79.6,83.6,—
4060.T,51.0,45.2,47.4,—
7273.T,61.4,50.5,48.3,—
1946.T,55.3,71.6,73.1,—
5110.T,41.3,35.0,21.9,—
2914.T,57.5,86.4,71.6,—
4593.T,53.3,46.5,62.4,—
1773.T,50.7,30.0,12.8,—
6343.T,46.6,44.4,33.0,—
3878.T,57.2,85.0,57.7,—
2683.T,41.5,50.0,16.7,—
6224.T,54.9,65.8,56.9,—
9304.T,69.7,100.0,84.6,—
7709.T,45.8,7.8,19.6,—
5892.T,70.8,85.6,90.1,買われ気味
2768.T,52.5,47.7,54.5,—
2198.T,46.0,42.9,45.1,—
8996.T,46.5,40.3,18.4,—
2607.T,52.3,44.3,35.5,—
5609.T,58.1,71.4,81.0,—
3401.T,50.2,55.9,48.8,—
7508.T,56.0,79.7,78.6,—
504A.T,54.2,57.1,60.1,—
9853.T,51.5,40.0,31.1,—
8596.T,52.6,68.1,56.1,—
3774.T,57.8,92.4,86.3,—
2818.T,49.2,25.0,8.3,—
2344.T,,,,
6564.T,47.1,68.9,74.4,—
5401.T,52.8,30.7,34.2,—
2820.T,54.9,43.6,53.1,—
9861.T,33.2,4.0,7.2,売られ気味
2932.T,47.6,25.7,24.8,—
6380.T,34.3,0.0,8.6,売られ気味
197A.T,73.1,82.4,88.9,買われ気味
5724.T,50.7,22.0,43.5,—
4011.T,50.5,27.5,32.3,—
3391.T,35.1,19.6,12.9,—
2579.T,48.1,57.6,45.0,—
5301.T,77.4,93.0,95.3,買われ気味
7090.T,64.3,54.9,75.3,—
3097.T,37.9,3.8,9.4,—
4901.T,59.2,100.0,78.2,—
9037.T,60.9,94.1,81.0,—
2730.T,50.1,61.0,59.0,—
7509.T,51.1,81.0,65.1,—
2816.T,63.4,75.0,78.7,—
2585.T,35.3,2.6,6.1,—
2698.T,39.9,32.5,25.0,—
141A.T,42.9,5.8,3.4,—
6997.T,41.8,20.6,45.8,—
9163.T,59.0,87.3,86.1,—
2872.T,30.7,44.4,17.3,売られ気味
3778.T,54.0,65.0,79.5,—
9310.T,63.0,100.0,76.7,—
9252.T,60.0,53.4,67.6,—
8252.T,47.2,56.7,45.4,—
7914.T,61.4,82.0,71.9,—
9143.T,47.1,69.5,61.3,—
8214.T,55.3,82.7,58.8,—
3793.T,67.1,83.8,92.5,—
3350.T,57.6,73.5,50.6,—
7674.T,64.6,89.8,95.4,—
9279.T,25.6,3.2,4.3,🟢売られすぎ
6549.T,53.6,46.7,47.1,—
4023.T,37.6,9.6,3.2,—
2903.T,36.5,0.0,8.5,—
2224.T,71.0,100.0,97.0,買われ気味
7012.T,41.0,63.4,56.6,—
5216.T,33.0,5.0,17.4,売られ気味
6752.T,59.6,96.4,78.1,—
2393.T,58.7,70.5,77.4,—
2170.T,52.5,58.8,63.9,—
5194.T,44.8,15.0,20.8,—
3184.T,40.2,47.8,20.3,—
3927.T,48.1,67.2,71.6,—
3096.T,42.4,20.0,57.8,—
6326.T,48.4,21.6,16.1,—
7421.T,54.0,69.2,69.1,—
5858.T,50.7,60.2,47.0,—
8769.T,59.9,88.2,87.6,—
5036.T,57.8,90.2,77.3,—
3407.T,53.3,83.3,60.9,—
5101.T,46.4,56.5,46.0,—
2501.T,40.5,16.0,15.7,—
6966.T,45.0,29.6,34.7,—
436A.T,65.7,72.4,76.0,—
6627.T,56.2,85.1,93.8,—
2264.T,45.2,54.9,59.4,—
3673.T,53.7,66.2,79.0,—
4911.T,52.7,68.5,69.6,—
4183.T,45.4,24.3,34.2,—
9270.T,45.1,33.1,38.9,—
3178.T,46.8,2.9,20.3,—
6078.T,55.3,71.6,56.8,—
8174.T,57.9,57.9,49.0,—
7462.T,52.6,44.4,75.9,—
3041.T,39.8,7.1,9.5,—
2673.T,39.9,10.5,15.4,—
5019.T,70.9,81.5,79.6,買われ気味
7746.T,66.2,65.7,59.9,—
9072.T,43.5,60.3,33.4,—
8798.T,47.3,7.4,35.8,—
7361.T,62.0,81.1,89.1,—
7915.T,42.3,59.2,42.7,—
6723.T,53.0,77.0,72.2,—
2395.T,50.6,80.9,58.0,—
1925.T,42.7,11.4,8.4,—
2721.T,33.5,27.3,25.2,売られ気味
8848.T,85.1,92.9,93.0,🔴買われすぎ
1379.T,59.0,61.2,59.5,—
4061.T,48.5,76.5,71.7,—
7135.T,17.0,0.0,0.0,🟢売られすぎ
5406.T,57.5,88.0,78.2,—
7458.T,61.8,92.5,79.7,—
3205.T,57.9,92.6,66.0,—
7771.T,38.9,41.9,38.9,—
9661.T,24.3,10.3,5.7,🟢売られすぎ
3951.T,57.0,50.0,48.6,—
4260.T,39.0,5.0,6.7,—
3082.T,52.7,28.6,38.1,—
160A.T,55.0,63.3,63.9,—
6005.T,54.4,83.8,78.5,—
9532.T,51.4,30.5,39.3,—
9029.T,34.5,22.7,21.6,売られ気味
3877.T,59.8,83.0,84.4,—
6264.T,50.2,65.2,48.8,—
4970.T,40.4,54.0,47.4,—
4544.T,55.5,80.8,78.7,—
7532.T,28.9,8.1,8.0,🟢売られすぎ
3628.T,79.6,90.1,90.5,買われ気味
9896.T,56.4,74.1,65.1,—
7888.T,50.6,74.6,76.2,—
523A.T,54.1,48.8,63.7,—
4410.T,60.4,99.1,83.2,—
7013.T,52.6,59.9,71.5,—
9450.T,57.1,86.0,72.9,—
6495.T,31.5,20.0,22.7,売られ気味
4503.T,59.1,89.1,80.9,—
9278.T,53.5,60.3,41.9,—
4902.T,58.2,96.7,78.6,—
5201.T,49.4,83.6,70.9,—
4125.T,49.2,41.2,42.7,—
8058.T,48.8,15.4,21.5,—
9843.T,50.5,21.0,16.4,—
7318.T,43.4,72.1,57.8,—
2798.T,38.6,0.0,25.3,—
7022.T,70.4,84.0,88.8,買われ気味
7366.T,61.4,84.7,89.4,—
7363.T,53.7,25.0,53.5,—
9076.T,49.6,65.8,60.1,—
9057.T,60.4,92.6,92.2,—
6096.T,,,,
7018.T,54.0,55.0,68.3,—
2776.T,39.2,0.0,0.0,—
8133.T,65.7,92.2,78.8,—
7780.T,45.0,35.2,34.8,—
7682.T,26.1,6.8,2.3,🟢売られすぎ＋反転(買い検討)
7004.T,48.0,47.7,51.1,—
4004.T,48.8,54.2,44.0,—
6561.T,49.6,34.0,23.0,—
2934.T,59.7,84.2,90.2,—
9678.T,53.8,60.5,46.7,—
8002.T,44.8,16.9,15.6,—
8039.T,41.9,44.4,41.7,—
7571.T,46.9,37.5,28.2,—
6197.T,,,,
5199.T,49.0,26.9,44.9,—
5232.T,55.2,82.0,84.6,—
8200.T,41.1,5.6,7.2,—
8142.T,46.9,40.5,30.0,—
4480.T,42.7,10.4,10.5,—
3910.T,61.1,71.4,72.4,—
7947.T,56.9,65.4,62.9,—
7047.T,45.6,69.6,74.3,—
469A.T,46.0,3.4,26.9,—
3563.T,34.5,16.7,16.3,売られ気味
3196.T,51.7,50.7,57.7,—
6547.T,46.7,17.6,32.7,—
8876.T,66.3,93.8,92.2,—
3058.T,57.7,61.9,81.6,—
6740.T,59.9,83.3,67.8,—
2462.T,52.4,64.7,47.7,—
3549.T,44.3,12.3,8.5,—
5952.T,52.3,62.5,62.5,—
2931.T,52.1,76.5,66.7,—
8053.T,52.0,27.6,19.5,—
3551.T,48.2,28.2,37.4,—
9360.T,43.9,27.5,35.8,—
3418.T,44.2,10.3,12.6,—
7585.T,50.4,66.7,44.4,—
6062.T,58.6,76.0,66.9,—
5255.T,38.5,12.5,11.6,—
9218.T,62.8,86.7,88.1,—
5981.T,54.4,92.2,76.7,—
7603.T,33.1,11.1,17.0,売られ気味
8030.T,62.5,20.0,43.2,—
9145.T,46.3,45.5,59.0,—
9322.T,55.5,57.9,50.8,—
7201.T,38.3,5.4,15.9,—
8914.T,47.4,61.9,49.5,—
9633.T,66.7,56.9,35.8,—
9976.T,85.7,100.0,91.9,🔴買われすぎ
3480.T,48.9,70.6,71.6,—
2469.T,44.6,6.7,4.2,—
9302.T,49.5,63.8,66.1,—
339A.T,56.6,70.7,78.2,—
6089.T,57.4,83.3,75.7,—
9636.T,51.8,29.7,28.8,—
3187.T,62.9,47.5,50.8,—
3387.T,48.2,30.0,18.1,—
9064.T,58.9,86.8,78.6,—
8166.T,47.2,0.0,33.3,—
6071.T,49.2,46.5,57.5,—
2762.T,44.3,66.7,74.1,—
1383.T,64.4,65.3,75.2,—
1407.T,36.2,13.2,15.5,—
2694.T,53.3,50.0,50.0,—
7520.T,57.0,80.5,75.8,—
9306.T,62.8,61.4,70.7,—
4777.T,48.5,50.0,41.1,—
3099.T,49.3,95.9,67.9,—
8163.T,46.4,0.0,4.2,—
262A.T,44.1,53.8,52.4,—
7074.T,50.5,50.0,44.3,—
3349.T,42.3,2.4,7.0,—
414A.T,58.4,79.7,89.2,—
6472.T,58.0,77.8,69.4,—
8031.T,51.3,24.9,29.9,—
2157.T,49.3,37.1,32.6,—
7367.T,49.9,80.0,86.7,—
4098.T,44.3,30.8,11.2,—
7238.T,46.9,57.1,77.4,—
2695.T,47.7,36.2,35.2,—
5491.T,46.9,54.0,53.4,—
8001.T,51.0,12.4,38.3,—
195A.T,58.7,83.0,79.9,—
8585.T,43.3,37.5,42.5,—
9010.T,43.5,40.0,50.1,—
5480.T,56.7,75.7,73.0,—
4222.T,48.6,37.5,42.3,—
6039.T,44.7,45.0,57.3,—
9104.T,55.5,43.2,49.8,—
3190.T,54.1,75.0,60.1,—
7126.T,57.5,66.2,58.6,—
8793.T,60.4,100.0,77.4,—
1820.T,57.3,72.2,78.1,—
3976.T,44.1,30.0,30.0,—
7524.T,51.1,60.0,37.1,—
9308.T,78.8,99.8,94.9,買われ気味
194A.T,42.9,30.8,24.6,—
4631.T,50.0,65.0,46.1,—
9433.T,57.0,58.4,60.9,—
7162.T,55.8,31.5,29.3,—
7850.T,40.3,17.6,13.7,—
7886.T,41.9,66.7,40.0,—
3454.T,55.9,78.8,53.8,—
3946.T,60.4,100.0,84.7,—
5020.T,57.3,62.6,58.8,—
4801.T,41.4,1.9,11.0,—
7354.T,44.4,22.1,21.0,—
211A.T,33.9,0.0,14.0,売られ気味
9887.T,46.2,15.6,21.3,—
3133.T,18.0,3.8,2.9,🟢売られすぎ＋反転(買い検討)
9601.T,49.3,53.0,56.7,—
409A.T,41.0,29.2,25.0,—
7550.T,39.5,11.7,7.3,—
7475.T,92.3,99.2,99.2,🔴買われすぎ
3484.T,72.1,64.8,76.8,買われ気味
5889.T,34.4,17.1,19.6,売られ気味
7359.T,54.3,40.6,28.1,—
3474.T,50.7,0.0,6.7,—
3067.T,51.5,40.0,50.0,—
7084.T,48.6,28.9,27.3,—
8944.T,56.7,60.0,66.7,—
2882.T,44.5,23.4,20.9,—
245A.T,45.0,14.7,7.1,—
4553.T,49.5,73.0,67.1,—
9722.T,55.1,25.7,32.7,—
9535.T,60.6,67.9,71.0,—
9539.T,49.8,74.3,83.7,—
9979.T,39.6,50.0,33.9,—
2384.T,69.1,96.9,93.2,—
9973.T,23.9,0.0,16.7,🟢売られすぎ
5741.T,45.4,59.4,51.3,—
8194.T,55.3,43.2,34.8,—
2164.T,27.1,30.0,22.5,売られ気味
2404.T,37.8,47.4,56.1,—
6147.T,33.7,4.5,8.1,売られ気味
9706.T,46.6,43.2,33.5,—
3556.T,50.4,83.3,76.2,—
417A.T,53.3,20.5,37.5,—
9221.T,61.2,93.1,75.9,—
9249.T,49.1,57.0,66.7,—
4565.T,61.8,69.9,79.0,—
7119.T,61.3,53.6,56.2,—
8920.T,40.2,31.0,26.8,—
3543.T,42.0,12.1,21.9,—
9627.T,31.9,8.4,7.4,売られ気味
2884.T,39.0,13.3,22.9,—
9327.T,51.7,81.8,72.7,—
9969.T,61.8,80.0,80.0,—
3864.T,63.2,87.9,89.7,—
2742.T,48.2,15.6,23.0,—
7133.T,68.3,41.0,58.3,—
4091.T,51.7,77.2,59.2,—
9720.T,43.9,0.0,35.3,—
9699.T,57.2,66.0,67.3,—
463A.T,63.2,77.6,75.9,—
3546.T,,,,
8892.T,53.7,60.0,45.2,—
3068.T,57.4,62.5,62.5,—
8179.T,42.8,11.8,10.8,—
9365.T,57.6,91.8,95.1,—
9267.T,43.9,28.4,29.9,—
3967.T,50.0,81.2,79.2,—
4088.T,58.0,41.0,51.6,—
2340.T,70.8,75.9,92.0,買われ気味
4026.T,41.7,22.0,23.2,—
5571.T,56.3,78.9,82.3,—
6141.T,47.0,90.6,70.8,—
1375.T,55.5,76.0,74.9,—
7919.T,54.9,40.0,33.3,—
9997.T,67.1,98.8,89.8,—
9984.T,53.6,60.1,66.3,—
9628.T,58.4,94.0,91.6,—
8860.T,51.2,73.8,60.1,—
9274.T,68.9,98.4,82.8,—
3050.T,58.2,69.1,57.8,—
7241.T,59.4,84.9,72.8,—
8237.T,48.4,57.0,57.4,—
9733.T,52.9,63.6,48.5,—
7097.T,55.6,70.0,63.6,—
3750.T,72.7,97.4,83.7,買われ気味
2293.T,30.8,4.0,6.2,売られ気味
9034.T,58.7,64.6,60.5,—
4681.T,46.7,55.6,41.2,—
3447.T,50.5,66.7,73.9,—
9247.T,41.2,47.6,26.4,—
2734.T,61.4,77.3,69.8,—
6428.T,51.3,54.5,63.6,—
9959.T,34.5,20.5,20.9,売られ気味
4666.T,53.1,76.0,70.2,—
3167.T,64.7,57.4,57.4,—
5076.T,59.4,85.7,85.8,—
543A.T,63.5,93.9,87.7,—
6565.T,,,,
9531.T,50.0,33.6,35.4,—
9890.T,68.3,80.1,79.4,—
2503.T,46.3,43.0,31.3,—
9264.T,53.5,100.0,91.2,—
7247.T,50.9,52.2,50.7,—
7203.T,45.5,20.6,19.4,—
7562.T,40.8,12.5,24.5,—
4337.T,40.3,18.0,25.1,—
3395.T,55.6,52.7,54.9,—
9147.T,62.6,99.7,81.5,—
6758.T,48.1,34.4,25.4,—
6400.T,73.3,100.0,97.8,買われ気味
7795.T,53.0,58.8,53.3,—
3397.T,50.8,50.5,67.4,—
1605.T,49.9,35.6,32.0,—
3222.T,48.4,19.0,29.8,—
4612.T,55.8,95.8,76.2,—
6570.T,58.2,50.4,40.4,—
5902.T,60.5,83.3,74.2,—
7271.T,38.0,39.1,36.2,—
386A.T,44.6,61.5,32.3,—
3045.T,58.8,85.7,95.2,—
6092.T,51.4,28.4,27.0,—
2904.T,53.7,71.4,66.7,—
5391.T,58.9,73.3,77.7,—
4689.T,44.4,7.6,21.9,—
8276.T,50.2,32.7,26.9,—
3197.T,40.2,6.7,7.3,—
7375.T,66.6,81.1,82.9,—
9049.T,33.8,0.0,2.1,売られ気味
2179.T,46.4,53.8,40.1,—
7698.T,79.0,76.2,70.0,買われ気味
9075.T,55.4,76.9,78.4,—
7679.T,42.8,50.0,50.3,—
4506.T,58.3,50.2,51.7,—
9211.T,54.7,64.2,76.4,—
2337.T,50.9,75.0,69.4,—
9701.T,60.2,66.1,85.9,—
3175.T,58.6,60.7,80.1,—
3174.T,17.8,0.0,0.0,🟢売られすぎ
2874.T,49.5,25.9,26.7,—
3231.T,44.6,22.9,20.4,—
298A.T,50.4,36.1,19.9,—
6166.T,45.2,16.4,33.8,—
2300.T,59.8,83.3,66.7,—
5283.T,56.9,89.3,63.1,—
428A.T,57.3,35.8,64.8,—
5989.T,52.5,80.8,72.2,—
9974.T,52.3,40.0,48.9,—
5380.T,57.2,40.3,37.1,—
6753.T,53.0,55.6,48.1,—
9220.T,48.5,30.1,32.9,—
1447.T,37.4,20.3,14.3,—
5870.T,58.3,84.0,85.2,—
2588.T,44.4,40.9,59.7,—
9171.T,39.7,35.2,44.7,—
9635.T,49.6,30.4,33.3,—
3941.T,50.6,59.1,49.2,—
4657.T,41.3,42.9,45.7,—
1380.T,48.6,20.0,20.0,—
3063.T,49.0,76.0,85.7,—
3199.T,40.9,12.1,18.3,—
9557.T,59.7,30.6,34.5,—
9434.T,58.6,58.3,63.5,—
4241.T,75.1,98.3,92.0,買われ気味
7901.T,44.0,56.6,51.8,—
6817.T,51.0,71.9,79.0,—
5998.T,57.4,84.1,86.7,—
4409.T,67.8,100.0,67.9,—
5261.T,46.2,33.3,43.2,—
4760.T,11.6,0.8,1.6,🟢売られすぎ
7646.T,47.2,40.9,41.4,—
8244.T,50.1,48.8,44.1,—
7063.T,31.1,20.0,13.4,売られ気味
2686.T,,,,
3392.T,28.5,6.1,2.6,🟢売られすぎ
5233.T,49.1,51.5,57.2,—
4324.T,48.8,27.1,22.4,—
9362.T,49.7,17.2,42.5,—
9201.T,63.1,89.2,87.9,—
9731.T,50.2,83.3,72.2,—
6310.T,56.9,49.3,49.6,—
9351.T,67.2,85.5,64.3,—
5021.T,58.4,50.7,50.8,—
4680.T,42.3,24.7,23.3,—
9202.T,54.8,96.6,72.2,—
5411.T,51.2,49.2,54.3,—
4679.T,53.0,50.0,56.7,—
205A.T,49.4,79.5,80.7,—
8912.T,49.4,8.3,8.8,—
7127.T,61.8,92.3,91.9,—
4650.T,51.8,50.0,53.3,—
2791.T,46.2,16.7,15.5,—
9206.T,53.0,60.0,41.1,—
7502.T,55.8,38.2,39.9,—
7320.T,50.2,66.7,76.5,—
9616.T,52.2,83.3,62.8,—
9250.T,70.4,91.8,93.9,買われ気味
4040.T,62.6,72.7,65.3,—
3034.T,60.1,100.0,76.1,—
352A.T,48.8,34.5,52.9,—
9850.T,50.6,47.1,60.8,—
9978.T,46.2,0.0,0.0,—
9009.T,50.5,24.9,30.1,—
4228.T,60.0,100.0,89.3,—
4707.T,65.4,100.0,96.1,—
9369.T,48.4,55.0,26.6,—
1711.T,56.4,57.1,61.9,—
9761.T,64.3,91.0,86.7,—
4502.T,61.8,87.1,82.3,—
7426.T,39.5,17.6,8.4,—
8278.T,47.3,20.8,23.1,—
9324.T,73.4,99.3,85.7,買われ気味
6233.T,56.6,42.1,51.9,—
6183.T,49.0,55.6,57.3,—
6562.T,56.3,81.0,85.2,—
5532.T,61.8,84.8,68.4,—
8802.T,46.1,49.8,34.0,—
6181.T,57.4,33.3,33.3,—
3479.T,51.5,50.5,57.0,—
7494.T,44.2,0.0,0.0,—
8801.T,51.6,61.8,42.8,—
9823.T,48.1,67.6,49.3,—
3286.T,40.5,0.0,10.4,—
2789.T,65.5,76.5,81.0,—
7616.T,37.3,0.0,4.4,—
9119.T,60.2,72.8,63.5,—
367A.T,56.6,65.1,32.4,—
5248.T,59.7,96.7,88.4,—
7601.T,40.1,20.0,55.6,—
3160.T,45.2,8.7,69.6,—
4381.T,36.0,4.0,7.3,—
8242.T,45.9,36.8,22.9,—
3557.T,20.7,0.0,0.0,🟢売られすぎ
6571.T,48.0,39.7,29.9,—
8025.T,47.2,36.4,29.6,—
9878.T,25.6,13.9,20.1,🟢売られすぎ
7918.T,42.2,0.0,27.8,—
6189.T,47.5,37.5,40.5,—
3010.T,52.5,83.3,52.2,—
9679.T,38.3,2.4,0.8,—
2162.T,,,,
1873.T,47.7,44.0,44.9,—
4005.T,55.9,45.0,43.6,—
286A.T,27.7,1.1,2.3,🟢売られすぎ
9361.T,38.8,0.0,0.0,—
8217.T,54.0,69.2,70.0,—
3238.T,47.5,18.8,20.8,—
2666.T,61.5,66.7,77.1,—
7512.T,54.0,65.0,40.0,—
7791.T,51.0,40.0,32.4,—
7369.T,60.4,28.1,22.6,—
3103.T,56.4,79.4,62.1,—
7625.T,42.3,23.3,22.2,—
3101.T,54.9,77.0,53.6,—
9313.T,52.8,48.1,53.7,—
9311.T,37.0,0.0,3.4,—
8818.T,43.6,14.5,29.8,—
2918.T,44.9,21.5,13.2,—
8233.T,40.7,31.0,22.5,—
7071.T,49.5,44.1,36.3,—
9380.T,76.5,100.0,91.7,買われ気味
9778.T,47.6,88.9,51.6,—
9069.T,73.1,96.5,92.5,買われ気味
9956.T,55.9,69.6,69.6,—
9432.T,60.1,68.5,68.5,—
3192.T,28.9,3.0,11.0,🟢売られすぎ
4691.T,39.0,4.8,12.1,—
9366.T,77.3,92.5,89.5,買われ気味
3021.T,57.3,85.9,94.4,—
3612.T,51.7,78.4,64.2,—
7083.T,70.9,72.2,86.9,買われ気味
9534.T,64.8,42.0,55.3,—
9704.T,37.3,33.3,36.1,—
9399.T,51.6,50.0,33.3,—
2778.T,67.4,100.0,43.7,—
8107.T,41.8,0.0,33.3,—
3182.T,45.7,57.6,52.7,—
9619.T,66.6,88.3,83.4,—
9326.T,45.2,42.3,29.2,—
9502.T,44.0,4.4,15.8,—
9251.T,63.5,66.5,72.0,—
7686.T,73.7,34.1,25.8,買われ気味
2933.T,46.6,0.0,18.1,—
8273.T,43.0,17.9,16.5,—
4343.T,47.3,38.7,37.9,—
4615.T,43.0,16.7,16.7,—
4245.T,56.6,70.0,61.5,—
4720.T,49.4,44.4,48.1,—
8181.T,61.9,92.7,73.5,—
7743.T,92.5,100.0,33.3,🔴買われすぎ
2502.T,45.7,40.7,30.1,—
9142.T,49.2,46.7,29.6,—
3086.T,44.4,60.3,40.5,—
9846.T,48.4,53.8,48.7,—
9166.T,43.3,25.2,32.9,—
3326.T,63.4,65.0,83.1,—
3861.T,52.5,63.2,56.9,—
8830.T,41.3,32.1,24.3,—
549A.T,43.9,35.5,36.6,—
3289.T,42.8,29.2,19.1,—
7814.T,32.9,9.8,9.3,売られ気味
9045.T,50.3,47.0,47.2,—
7065.T,38.9,14.3,14.4,—
8267.T,39.5,7.0,2.3,—
2653.T,47.7,34.1,53.6,—
3382.T,45.7,35.1,37.8,—
2927.T,39.4,0.0,2.4,—
4235.T,47.5,41.9,44.1,—
5074.T,37.8,11.7,20.2,—
6217.T,52.4,72.8,73.9,—
7037.T,40.9,35.7,36.3,—
9008.T,54.3,55.6,43.9,—
9052.T,51.0,52.1,39.4,—
4188.T,47.4,24.0,27.8,—
4100.T,71.7,94.2,92.4,買われ気味
9051.T,38.1,20.4,11.4,—
9903.T,55.9,100.0,64.8,—
7215.T,42.8,53.8,45.2,—
5938.T,43.2,38.0,32.9,—
9173.T,41.8,26.9,38.5,—
5852.T,42.6,20.6,20.7,—
6625.T,40.4,14.8,14.8,—
7111.T,66.5,96.4,83.1,—
8086.T,38.2,35.2,26.6,—
9006.T,47.1,25.7,35.9,—
9842.T,54.2,91.2,86.1,—
3293.T,46.6,33.3,23.8,—
4436.T,93.7,70.1,90.0,買われ気味
477A.T,59.2,47.6,57.0,—
2138.T,31.3,10.9,20.2,売られ気味
9022.T,43.9,11.7,11.3,—
8289.T,,,,
7593.T,57.0,69.4,63.0,—
7267.T,59.3,82.6,75.9,—
9063.T,49.1,42.9,39.2,—
8804.T,47.7,49.0,27.2,—
5204.T,58.5,69.0,67.7,—
3370.T,50.3,43.3,52.2,—
5707.T,40.6,2.5,7.7,—
6557.T,32.8,0.0,1.9,売られ気味
7130.T,43.2,33.3,32.1,—
9042.T,38.6,1.3,4.8,—
4651.T,35.7,9.4,15.6,—
3137.T,52.5,45.0,51.7,—
6218.T,49.1,33.3,52.3,—
9007.T,49.7,28.6,31.9,—
8203.T,39.8,16.3,13.5,—
5940.T,51.8,40.6,32.7,—
7199.T,52.9,71.9,79.0,—
7091.T,66.0,98.9,82.2,—
3069.T,38.2,22.2,27.8,—
9023.T,59.0,61.2,71.5,—
9223.T,18.4,7.9,7.8,🟢売られすぎ
9024.T,55.1,70.0,69.7,—
7808.T,38.4,12.0,4.4,—
3003.T,44.8,35.3,30.1,—
8897.T,53.6,62.5,52.9,—
4809.T,52.6,72.9,61.2,—
8143.T,55.4,34.3,41.5,—
3121.T,51.0,44.4,44.9,—
2471.T,49.7,65.5,80.4,—
3232.T,55.6,42.6,51.8,—
7516.T,64.8,77.8,77.2,—
4712.T,59.5,45.7,41.0,—
3544.T,53.6,0.0,6.7,—
9031.T,53.9,58.1,45.3,—
9993.T,49.1,83.3,80.2,—
7129.T,44.3,0.0,10.9,—
4645.T,55.4,57.1,79.7,—
168A.T,42.7,37.7,32.8,—
9005.T,48.1,49.2,44.7,—
9723.T,49.0,50.0,41.7,—
3123.T,50.7,76.0,76.0,—
2445.T,47.6,66.7,79.4,—
2485.T,50.1,90.0,76.7,—
9656.T,49.2,62.5,45.8,—
372A.T,56.6,55.9,51.0,—
7578.T,50.4,11.8,8.1,—
3524.T,51.3,26.7,24.4,—
9158.T,61.2,80.2,84.8,—
6982.T,47.2,33.3,42.2,—
3607.T,66.4,95.8,95.7,—
3536.T,41.7,0.0,22.2,—
8803.T,52.0,66.7,64.6,—
7561.T,53.6,42.9,39.8,—
9081.T,66.3,96.3,78.5,—
9021.T,54.9,50.4,42.2,—
3315.T,43.5,0.0,5.6,—
9020.T,44.4,20.7,16.5,—
4678.T,63.8,100.0,100.0,—
6523.T,59.0,70.4,52.9,—
9204.T,52.9,57.9,57.9,—
6074.T,52.4,66.7,50.0,—
2424.T,54.9,34.4,29.7,—
9268.T,51.8,82.1,64.1,—
9305.T,58.7,89.7,81.3,—
2984.T,64.0,81.8,92.7,—
9503.T,48.0,5.9,18.6,—
9041.T,56.4,80.2,72.2,—
9044.T,69.6,80.6,78.3,—
5010.T,52.8,37.9,47.1,—
6464.T,48.5,47.4,42.1,—
2378.T,45.5,33.3,40.4,—
5271.T,48.5,42.0,36.1,—
3204.T,56.4,100.0,77.4,—
3856.T,36.3,10.4,28.9,—
9048.T,47.0,27.3,36.6,—
3011.T,48.9,75.0,70.5,—
9001.T,50.3,63.6,55.2,—
2687.T,53.6,53.8,51.3,—
9603.T,45.4,13.6,14.4,—
7062.T,42.7,79.3,53.9,—
3880.T,68.1,98.0,92.7,—
9003.T,55.1,51.8,47.2,—
9519.T,40.1,19.8,38.0,—
6615.T,50.4,25.0,34.7,—
3109.T,56.1,85.7,61.7,—
8835.T,46.3,18.2,17.5,—
3422.T,59.3,71.2,49.4,—
7604.T,70.6,92.9,96.2,買われ気味
8424.T,62.1,96.0,78.8,—
2747.T,63.3,100.0,93.9,—
8425.T,56.1,68.5,55.3,—
9446.T,56.9,87.0,68.1,—
7362.T,53.9,74.4,84.6,—
5994.T,44.9,7.1,16.2,—
7640.T,57.9,47.1,37.3,—
6444.T,58.5,80.8,86.9,—
9082.T,66.3,54.1,54.5,—
2796.T,51.3,58.3,55.6,—
8439.T,60.0,75.0,53.0,—
297A.T,40.1,20.0,26.7,—
7061.T,43.2,25.7,33.8,—
7212.T,53.5,42.4,46.5,—
9033.T,48.9,11.1,26.9,—
2291.T,48.9,60.0,53.3,—
4350.T,63.6,87.9,85.4,—
9536.T,67.8,85.8,76.6,—
4331.T,58.3,67.7,66.7,—
8593.T,45.7,21.8,17.3,—
9513.T,51.9,26.4,37.8,—
9355.T,59.2,100.0,56.3,—
7515.T,42.3,7.1,7.1,—
2373.T,61.4,65.5,72.7,—
2418.T,48.5,59.3,47.8,—
5932.T,56.8,84.8,73.4,—
7040.T,46.2,41.2,33.1,—
7831.T,46.0,25.0,16.7,—
9835.T,60.1,100.0,66.7,—
8894.T,24.5,0.0,10.3,🟢売られすぎ
9514.T,53.2,53.5,59.7,—
3896.T,60.6,70.4,81.9,—
6425.T,46.9,8.8,28.6,—
6186.T,40.1,30.0,47.9,—
4920.T,57.1,87.5,71.2,—
7256.T,79.2,97.5,86.5,買われ気味
9507.T,57.6,32.4,45.1,—
9060.T,57.9,100.0,68.1,—
6699.T,44.7,39.5,29.4,—
3202.T,49.1,25.0,58.3,—
4755.T,31.1,2.5,1.4,売られ気味
9160.T,63.3,85.7,73.8,—
3863.T,48.6,76.5,51.6,—
8473.T,55.2,39.9,29.5,—
3248.T,49.7,47.1,64.7,—
7898.T,58.3,100.0,87.1,—
9012.T,42.0,27.9,25.6,—
7372.T,73.7,100.0,81.2,買われ気味
9046.T,50.6,25.0,12.5,—
9115.T,51.6,19.1,20.9,—
6412.T,55.8,77.9,71.8,—
9229.T,39.9,11.1,24.5,—
6173.T,,,,
9130.T,54.8,35.3,37.6,—
9017.T,46.9,31.8,36.4,—
3494.T,61.0,70.6,56.7,—
4735.T,24.7,9.1,11.5,🟢売られすぎ
2993.T,58.7,92.0,78.3,—
9508.T,49.9,14.2,26.2,—
9812.T,39.5,0.0,7.8,—
8260.T,54.6,44.8,43.1,—
2435.T,35.1,14.3,9.5,—
9505.T,66.9,65.3,68.2,—
9511.T,63.5,62.8,65.7,—
9506.T,47.1,5.9,16.7,—
8254.T,51.9,54.7,55.3,—
3681.T,,,,
7815.T,50.3,56.2,62.5,—
9509.T,52.3,35.0,35.2,—
5202.T,73.3,85.7,85.7,買われ気味
9501.T,44.3,1.7,14.5,—
9504.T,52.9,23.6,35.5,—
3111.T,44.2,20.0,20.4,—
8247.T,75.8,81.8,62.7,買われ気味
9444.T,44.5,9.4,15.1,—
