コード,RSI,ストキャスK,ストキャスD,テクニカル
3600.T,52.3,32.0,39.2,—
7034.T,50.5,47.3,57.9,—
5856.T,,,,
9885.T,41.6,58.3,76.6,—
3189.T,37.2,10.7,15.7,—
1897.T,43.4,0.0,8.4,—
7297.T,52.6,48.6,69.3,—
2484.T,55.0,75.0,58.0,—
6513.T,47.7,27.6,62.1,—
6771.T,42.4,20.0,35.8,—
2055.T,51.7,69.6,84.5,—
8617.T,62.5,82.2,85.9,—
4387.T,32.9,2.5,36.7,売られ気味
6986.T,43.8,49.1,62.8,—
5956.T,56.3,44.4,66.5,—
7399.T,58.9,55.6,70.1,—
7427.T,39.5,2.4,8.1,—
6943.T,56.2,90.0,90.0,—
5658.T,60.8,94.7,93.0,—
2788.T,56.1,59.4,80.6,—
8881.T,58.5,71.1,79.3,—
8917.T,59.0,63.9,82.3,—
5900.T,41.7,13.7,19.6,—
7879.T,40.1,16.7,42.9,—
5921.T,61.6,83.0,87.2,—
6222.T,46.0,39.5,65.2,—
5753.T,54.7,47.4,68.4,—
5962.T,55.2,42.8,55.1,—
8013.T,66.6,95.0,98.3,—
8746.T,27.1,16.3,15.3,🟢売られすぎ
6390.T,54.7,66.3,81.9,—
5603.T,61.3,69.5,68.4,—
8040.T,44.9,26.3,32.4,—
8138.T,54.7,78.6,52.4,—
6249.T,60.8,61.4,86.3,—
4102.T,50.2,60.0,65.3,—
7902.T,47.7,39.5,66.1,—
3787.T,37.5,5.3,13.2,—
6155.T,49.7,37.5,67.5,—
6049.T,33.1,16.7,47.2,売られ気味
8144.T,37.0,0.0,27.0,—
8891.T,58.9,46.1,57.5,—
5280.T,59.6,56.7,66.5,—
6964.T,54.4,55.3,69.2,—
5909.T,66.6,85.3,74.2,—
6257.T,60.3,74.3,72.3,—
5923.T,57.3,64.4,60.6,—
3396.T,53.7,50.0,73.3,—
8904.T,55.0,63.4,79.8,—
8165.T,46.6,83.3,72.2,—
8772.T,61.4,85.7,91.6,—
7851.T,,,,
4234.T,,,,
3261.T,50.8,73.9,82.3,—
9767.T,40.3,7.1,31.3,—
5408.T,47.4,37.0,53.7,—
5928.T,53.0,57.9,67.3,—
7442.T,56.7,59.3,83.8,—
2388.T,46.0,2.9,9.5,—
4624.T,43.0,56.2,66.8,—
7219.T,58.6,41.9,54.3,—
7857.T,48.1,74.1,90.2,—
6467.T,50.4,55.6,63.0,—
7266.T,49.3,31.2,52.1,—
9914.T,,,,
8995.T,29.6,4.3,19.3,🟢売られすぎ
1994.T,35.4,3.7,9.4,—
9162.T,43.2,50.0,60.5,—
8046.T,52.1,48.4,66.7,—
5988.T,68.0,89.7,91.6,—
8147.T,71.6,100.0,97.1,買われ気味
7624.T,50.7,0.0,27.8,—
8119.T,70.6,81.0,81.9,買われ気味
4341.T,44.7,17.0,50.3,—
7229.T,,,,
7538.T,61.1,82.1,81.7,—
9929.T,52.6,62.5,59.7,—
7877.T,58.2,66.7,87.1,—
9872.T,57.4,58.8,73.2,—
6262.T,48.6,70.3,78.5,—
4839.T,45.4,36.8,45.2,—
6228.T,36.0,3.7,26.3,—
2193.T,45.5,33.3,49.6,—
2499.T,61.5,91.7,97.2,—
7991.T,63.9,81.0,87.6,—
7887.T,39.1,22.9,39.7,—
7841.T,42.1,5.7,34.3,—
6346.T,46.5,55.6,56.6,—
6054.T,46.9,33.3,49.2,—
5918.T,48.1,41.7,45.0,—
4231.T,56.2,58.9,79.1,—
2917.T,59.7,100.0,100.0,—
1420.T,57.9,52.9,81.5,—
6867.T,44.4,12.5,20.5,—
3439.T,50.3,27.3,32.3,—
1758.T,43.6,33.3,36.4,—
7871.T,45.5,12.1,43.1,—
7347.T,62.2,90.7,92.5,—
8135.T,53.2,36.8,57.9,—
3320.T,59.1,56.1,59.1,—
9854.T,61.3,57.3,67.1,—
3426.T,55.3,41.7,49.6,—
5541.T,50.9,54.9,63.1,—
6393.T,72.8,100.0,80.1,買われ気味
4629.T,47.7,52.9,77.6,—
5971.T,61.7,46.7,82.2,—
7531.T,48.0,58.1,73.5,—
4569.T,43.1,39.2,42.8,—
7434.T,48.0,36.0,39.3,—
3246.T,67.2,85.7,95.2,—
6342.T,59.4,89.4,91.3,—
5984.T,55.9,57.8,72.4,—
5697.T,58.5,77.5,65.0,—
3420.T,53.0,44.6,62.7,—
1850.T,51.3,42.6,71.2,—
7937.T,42.6,52.6,69.2,—
4224.T,56.6,40.6,55.8,—
4705.T,43.5,18.8,56.9,—
7670.T,67.0,81.1,93.7,—
6694.T,52.8,79.2,93.1,—
2795.T,68.0,58.1,58.3,—
3758.T,59.6,76.9,88.0,—
5951.T,44.6,4.3,2.5,—
7435.T,49.2,19.7,22.3,—
7422.T,43.3,41.9,69.9,—
3236.T,47.3,30.8,52.3,—
5819.T,39.8,39.2,39.3,—
3161.T,43.3,12.5,68.1,—
7175.T,63.8,65.2,81.8,—
5946.T,56.4,78.9,71.8,—
8938.T,59.8,75.9,85.6,—
6292.T,45.9,18.2,32.3,—
3668.T,50.6,51.4,67.4,—
6748.T,45.4,40.4,65.4,—
9972.T,56.5,57.8,65.2,—
6335.T,51.8,25.6,56.4,—
7021.T,56.0,89.2,86.3,—
2814.T,50.3,45.0,80.2,—
6899.T,49.6,18.3,41.5,—
7997.T,45.7,39.8,65.7,—
4360.T,48.3,38.4,71.5,—
5187.T,62.5,63.4,71.7,—
5446.T,35.2,27.3,34.0,—
3632.T,57.3,66.7,80.2,—
6718.T,61.6,65.3,68.5,—
9876.T,46.2,20.7,29.9,—
8869.T,55.2,61.0,76.9,—
5282.T,51.2,37.0,61.6,—
3537.T,59.0,78.0,76.6,—
8595.T,46.4,14.3,14.0,—
6497.T,47.8,18.8,31.4,—
2168.T,57.3,70.2,79.2,—
7264.T,72.6,97.1,95.5,買われ気味
5079.T,56.3,62.3,84.1,—
7122.T,48.5,50.8,43.7,—
8281.T,66.1,90.2,74.0,—
3765.T,55.8,64.6,63.8,—
1853.T,53.7,55.6,63.0,—
7218.T,55.4,55.0,41.4,—
7908.T,48.9,47.1,76.5,—
4627.T,46.9,22.2,21.6,—
4243.T,45.9,5.2,42.0,—
4625.T,45.5,19.8,40.9,—
7521.T,51.6,42.7,45.9,—
5986.T,54.8,75.0,86.1,—
6743.T,53.8,74.1,77.2,—
6150.T,56.0,65.3,74.5,—
7975.T,51.3,41.1,55.1,—
5966.T,64.2,71.5,61.6,—
3477.T,68.6,75.5,74.2,—
7464.T,48.4,46.8,71.2,—
4365.T,33.6,16.0,23.3,売られ気味
3639.T,64.5,100.0,80.0,—
7865.T,32.6,37.5,50.8,売られ気味
2491.T,51.2,56.4,61.5,—
5078.T,56.3,76.7,84.4,—
3054.T,55.8,58.8,68.3,—
3297.T,54.8,67.1,68.6,—
5915.T,37.5,8.3,26.4,—
8584.T,68.5,88.7,90.2,—
7279.T,45.4,44.9,62.7,—
9895.T,51.7,28.9,32.2,—
6159.T,34.7,18.7,19.0,売られ気味
2489.T,62.1,57.9,63.7,—
8159.T,48.3,10.5,40.5,—
3954.T,47.4,60.5,69.9,—
143A.T,51.7,37.7,26.9,—
4644.T,59.5,77.3,91.3,—
3710.T,52.8,50.0,62.5,—
8076.T,62.5,75.5,80.5,—
7486.T,61.0,86.2,90.9,—
7985.T,,,,
7957.T,71.4,80.4,80.4,買われ気味
3131.T,41.7,8.9,16.1,—
5969.T,40.8,0.0,28.7,—
7885.T,48.8,38.9,64.7,—
3134.T,29.5,25.8,48.0,売られ気味
6325.T,54.8,87.5,89.8,—
6797.T,36.9,10.7,34.8,—
7628.T,52.6,43.5,57.1,—
6276.T,50.5,25.8,48.6,—
7472.T,61.3,48.2,65.1,—
6151.T,44.9,14.8,29.9,—
7537.T,45.1,29.9,46.8,—
6820.T,59.8,65.6,73.4,—
2221.T,51.5,84.6,74.2,—
8141.T,58.4,54.5,66.2,—
3583.T,65.0,55.7,51.5,—
9932.T,62.4,80.2,87.9,—
6778.T,50.5,9.7,40.2,—
4170.T,58.2,84.6,83.8,—
5945.T,39.2,17.0,25.8,—
6158.T,45.2,18.6,48.0,—
3386.T,48.1,13.5,18.3,—
3892.T,37.0,9.5,31.4,—
3944.T,50.6,48.4,58.1,—
7928.T,51.1,24.0,48.2,—
2497.T,67.3,73.5,84.2,—
3851.T,67.7,86.4,88.7,—
3895.T,42.6,33.3,39.3,—
9867.T,51.0,50.9,70.9,—
5997.T,63.2,56.8,68.5,—
7953.T,45.8,22.2,37.0,—
5363.T,51.9,53.2,78.0,—
1887.T,37.8,7.9,29.2,—
1793.T,56.9,69.4,79.6,—
7872.T,56.9,57.1,66.8,—
3417.T,52.0,54.3,75.0,—
3277.T,48.0,34.5,59.8,—
6349.T,64.0,78.3,90.2,—
7614.T,51.7,47.2,62.3,—
8075.T,55.3,61.5,81.7,—
6360.T,60.2,75.4,88.0,—
9414.T,46.2,11.8,33.4,—
6907.T,48.5,54.7,76.2,—
3641.T,53.8,31.9,28.9,—
2654.T,51.2,54.5,75.8,—
1376.T,63.3,56.2,53.5,—
3953.T,48.9,28.4,69.7,—
5440.T,60.1,85.3,89.1,—
4829.T,52.6,23.5,62.0,—
2449.T,48.3,35.7,60.3,—
6358.T,66.2,78.3,81.2,—
5958.T,57.9,60.6,73.2,—
3597.T,41.2,74.3,46.5,—
8093.T,52.5,67.6,72.1,—
5388.T,43.6,4.0,14.2,—
4548.T,52.8,62.5,75.7,—
3388.T,56.4,55.2,77.4,—
7859.T,35.5,17.9,26.0,—
6485.T,54.2,42.4,62.3,—
8123.T,50.3,29.5,46.2,—
5304.T,45.8,22.7,33.9,—
8935.T,49.9,24.8,55.1,—
6419.T,65.1,83.7,87.0,—
9425.T,45.9,26.7,44.4,—
7896.T,55.7,51.7,64.4,—
5368.T,70.2,80.2,86.7,買われ気味
6619.T,30.3,10.2,11.4,売られ気味
6482.T,45.4,32.2,18.3,—
7820.T,46.5,20.0,43.5,—
1905.T,46.2,19.0,35.2,—
3958.T,53.7,25.0,26.1,—
6919.T,53.7,66.7,66.7,—
2999.T,68.7,95.1,93.6,—
7565.T,57.1,35.8,68.8,—
2700.T,38.7,2.5,18.6,—
8150.T,49.3,47.6,66.1,—
3176.T,59.3,64.2,75.3,—
7677.T,68.3,76.3,92.1,—
8084.T,42.0,16.7,24.0,—
8844.T,57.4,44.1,54.1,—
4119.T,57.2,58.3,58.3,—
7602.T,59.4,55.7,56.3,—
7551.T,54.9,26.2,30.5,—
3321.T,32.9,2.6,9.4,売られ気味
6165.T,38.1,11.1,18.4,—
9820.T,56.0,58.8,77.4,—
3513.T,52.4,54.9,65.4,—
4308.T,46.3,26.7,54.7,—
6149.T,51.0,42.1,43.1,—
7681.T,64.2,100.0,94.8,—
1768.T,51.6,31.9,39.7,—
7925.T,,,,
6418.T,56.3,55.9,72.5,—
7265.T,57.7,57.1,43.4,—
6091.T,56.0,37.2,47.9,—
7235.T,50.5,41.0,63.1,—
8045.T,64.6,88.4,92.5,—
548A.T,56.5,43.9,67.4,—
6118.T,49.1,19.1,43.9,—
6730.T,42.2,6.0,22.1,—
6245.T,36.1,9.6,16.5,—
6858.T,45.8,25.3,44.1,—
8103.T,51.3,47.4,67.0,—
5871.T,61.4,89.4,87.3,—
3577.T,52.6,71.9,53.1,—
7446.T,57.2,100.0,100.0,—
3674.T,48.5,46.2,62.7,—
4301.T,57.7,81.5,80.6,—
5464.T,48.3,43.5,75.9,—
7544.T,49.5,80.8,81.1,—
8700.T,62.6,53.1,71.5,—
4628.T,28.0,9.1,15.1,🟢売られすぎ
9478.T,45.0,6.9,44.4,—
4996.T,47.5,53.8,57.8,—
6365.T,51.0,55.0,73.1,—
189A.T,68.3,62.3,71.1,—
2385.T,39.7,47.1,40.1,—
9980.T,40.2,40.0,68.9,—
5757.T,49.2,25.0,41.7,—
6678.T,62.2,90.4,81.1,—
6463.T,50.0,37.5,60.6,—
9760.T,47.7,36.4,60.0,—
1899.T,47.5,42.6,69.9,—
3943.T,57.4,61.6,82.1,—
1724.T,46.8,27.8,58.6,—
2329.T,24.1,7.7,9.3,🟢売られすぎ
3580.T,51.8,50.0,69.2,—
6022.T,42.5,21.6,51.6,—
6915.T,55.8,66.7,75.0,—
1807.T,48.3,35.5,72.6,—
7314.T,50.7,15.5,17.9,—
3653.T,58.2,95.8,88.9,—
9857.T,46.2,22.6,24.4,—
2911.T,49.4,29.1,40.2,—
8152.T,47.2,24.1,69.4,—
373A.T,41.1,46.1,35.7,—
8202.T,52.4,66.7,61.1,—
3802.T,61.8,72.2,87.6,—
8104.T,54.8,35.3,53.7,—
4925.T,62.6,69.4,87.1,—
4299.T,60.2,61.5,78.9,—
6804.T,45.5,27.1,33.4,—
3434.T,50.3,41.4,44.8,—
248A.T,34.7,22.2,34.8,売られ気味
1826.T,59.8,47.2,57.2,—
6382.T,43.4,20.5,39.4,—
8572.T,63.6,81.0,87.7,—
9625.T,51.4,37.0,65.4,—
4936.T,58.9,62.5,70.8,—
6494.T,49.1,33.3,57.8,—
7689.T,27.8,15.6,41.8,🟢売られすぎ
2735.T,70.8,82.1,89.6,買われ気味
6229.T,50.7,56.0,75.9,—
2425.T,60.4,86.3,94.1,—
6882.T,32.2,10.7,9.0,売られ気味
9845.T,59.6,65.7,86.3,—
7952.T,49.8,57.4,56.3,—
6894.T,44.1,3.4,16.4,—
7607.T,41.2,14.1,17.7,—
1770.T,51.0,36.1,57.9,—
6488.T,62.7,73.1,82.6,—
4120.T,61.7,47.6,57.6,—
6647.T,61.7,78.8,90.0,—
7847.T,63.0,41.3,44.0,—
9253.T,41.4,2.1,10.9,—
3291.T,60.3,77.6,76.4,—
167A.T,51.0,57.6,74.8,—
7487.T,50.9,34.2,55.4,—
8622.T,67.9,78.9,88.7,—
5129.T,39.6,17.9,21.6,—
5218.T,41.3,25.8,30.6,—
3816.T,58.2,69.6,73.5,—
7128.T,78.3,83.3,89.0,買われ気味
7510.T,49.5,34.5,47.5,—
1866.T,54.8,48.8,63.7,—
8616.T,57.3,42.1,77.9,—
3139.T,65.4,78.2,82.5,—
220A.T,52.4,76.2,84.1,—
9475.T,52.3,58.8,84.0,—
4761.T,52.9,42.6,75.5,—
3435.T,47.8,20.2,25.5,—
8705.T,48.4,38.9,61.1,—
1798.T,43.4,30.0,45.9,—
5449.T,59.3,83.0,86.0,—
1879.T,37.6,14.8,29.9,—
4534.T,41.2,10.3,10.9,—
2009.T,51.4,66.7,76.2,—
6338.T,39.9,19.5,19.6,—
5461.T,50.0,66.4,77.0,—
6104.T,48.8,21.9,50.6,—
2693.T,57.0,74.6,76.1,—
7185.T,60.5,84.8,92.1,—
7946.T,42.7,46.2,57.7,—
4547.T,57.6,67.7,75.4,—
6832.T,32.9,10.9,10.7,売られ気味
7313.T,51.7,47.1,50.5,—
1847.T,52.4,45.9,60.2,—
2483.T,63.3,68.7,76.3,—
1867.T,60.8,80.4,85.9,—
7228.T,55.4,36.7,67.8,—
4406.T,43.2,36.4,37.1,—
6265.T,38.8,18.9,10.8,—
9996.T,54.8,57.5,69.7,—
9339.T,66.2,74.4,76.2,—
1811.T,46.3,35.5,65.8,—
8041.T,60.2,60.0,80.2,—
5458.T,47.2,45.5,47.3,—
9908.T,53.4,41.2,67.9,—
7567.T,40.5,29.7,69.1,—
6030.T,61.5,70.9,76.6,—
9755.T,48.1,36.2,36.0,—
5189.T,81.2,86.0,89.9,🔴買われすぎ
8101.T,66.0,57.4,63.3,—
2108.T,48.6,5.8,19.9,—
4918.T,53.3,40.2,44.7,—
3512.T,54.9,43.6,65.2,—
3089.T,34.6,1.2,6.1,売られ気味
5976.T,58.6,63.6,76.1,—
1430.T,65.7,64.0,75.0,—
8871.T,46.4,37.5,60.4,—
6706.T,32.5,12.0,27.3,売られ気味
1716.T,50.0,47.1,60.1,—
3766.T,59.9,59.7,68.0,—
6034.T,47.0,26.7,53.3,—
5820.T,44.6,5.8,31.0,—
6038.T,40.2,68.0,60.0,—
7287.T,35.1,17.1,27.7,—
9906.T,50.5,16.7,36.5,—
6737.T,55.7,71.3,81.0,—
4591.T,53.2,25.9,25.4,—
5906.T,52.4,47.4,62.0,—
7922.T,,,,
6430.T,66.2,79.9,88.9,—
4429.T,40.1,16.0,36.0,—
3932.T,45.6,17.0,20.1,—
3437.T,59.9,99.2,83.7,—
9955.T,63.5,75.3,79.6,—
6337.T,33.8,10.9,20.3,売られ気味
7523.T,73.2,97.0,97.2,買われ気味
4116.T,48.0,23.0,45.9,—
9647.T,28.4,14.4,6.6,🟢売られすぎ＋反転(買い検討)
6316.T,52.9,25.7,42.4,—
3377.T,43.4,11.6,7.9,—
7444.T,46.7,14.3,42.7,—
2613.T,60.4,69.2,68.2,—
1822.T,52.9,32.5,46.0,—
6572.T,88.3,100.0,97.0,🔴買われすぎ
8098.T,57.3,66.7,75.8,—
6496.T,43.7,17.9,37.9,—
4229.T,43.8,54.0,65.9,—
7031.T,64.3,84.6,77.5,—
8185.T,59.1,67.4,73.0,—
1981.T,40.1,20.0,27.1,—
5816.T,34.7,11.0,14.0,売られ気味
1788.T,37.7,21.3,32.3,—
2481.T,44.7,60.0,55.8,—
7192.T,52.0,63.5,76.7,—
6918.T,39.5,19.7,36.1,—
8737.T,49.0,29.6,57.1,—
6417.T,60.4,83.1,76.3,—
1786.T,57.8,56.2,64.4,—
1972.T,52.7,53.5,59.3,—
6540.T,42.5,6.1,33.3,—
3908.T,71.1,81.6,84.2,買われ気味
7370.T,43.4,51.1,61.7,—
5451.T,61.5,73.3,84.1,—
6927.T,45.8,14.6,30.7,—
7983.T,35.1,6.5,31.6,—
4316.T,30.3,16.1,15.8,売られ気味
7613.T,52.1,58.1,77.3,—
8877.T,53.0,47.3,70.6,—
9726.T,50.0,55.3,68.4,—
6848.T,46.1,7.4,18.5,—
6484.T,43.6,20.0,28.9,—
5125.T,47.9,44.1,49.0,—
6279.T,49.4,41.9,60.6,—
9363.T,38.3,16.7,29.5,—
1888.T,49.4,50.0,73.0,—
7955.T,52.3,47.4,64.0,—
3553.T,51.3,54.8,80.2,—
7833.T,46.5,39.1,52.8,—
2763.T,54.6,78.7,85.0,—
7460.T,53.0,30.9,36.1,—
7527.T,43.3,16.7,40.5,—
9902.T,67.9,82.8,90.3,—
2053.T,66.5,84.5,79.6,—
3682.T,71.5,60.0,62.1,買われ気味
2961.T,58.7,30.0,25.1,—
4059.T,55.7,55.0,72.1,—
2121.T,71.1,89.8,89.5,買われ気味
4635.T,56.9,40.0,60.2,—
1443.T,50.6,38.9,51.9,—
7722.T,46.6,24.6,54.5,—
8091.T,57.1,66.0,67.2,—
9888.T,56.7,62.1,64.9,—
4754.T,49.6,40.5,53.1,—
6047.T,18.8,3.8,27.3,🟢売られすぎ
5542.T,44.7,13.9,20.8,—
9248.T,50.1,34.5,32.8,—
7292.T,50.6,69.1,75.3,—
5959.T,49.8,22.2,53.8,—
4990.T,53.7,36.4,36.4,—
7077.T,59.5,88.9,70.0,—
4772.T,61.8,75.0,87.2,—
7208.T,68.7,74.5,81.9,—
3431.T,49.8,46.0,64.8,—
7539.T,63.2,81.1,69.5,—
8742.T,48.9,0.0,6.7,—
9408.T,36.7,21.2,41.7,—
3930.T,53.2,11.5,43.4,—
8014.T,45.6,25.0,43.9,—
6870.T,45.7,13.1,25.8,—
6897.T,71.3,61.5,76.6,買われ気味
4620.T,36.2,27.5,19.8,—
9466.T,46.4,28.6,35.7,—
4934.T,50.7,36.1,44.6,—
4623.T,50.4,22.2,28.9,—
4388.T,42.3,8.3,45.8,—
3826.T,57.2,51.4,67.0,—
3839.T,59.3,81.8,57.7,—
2408.T,50.4,30.9,47.6,—
7351.T,36.1,2.9,42.9,—
4095.T,44.7,17.1,17.9,—
6063.T,48.4,35.2,63.2,—
1795.T,75.5,100.0,90.6,買われ気味
3903.T,43.5,36.4,53.5,—
6626.T,42.0,13.6,38.8,—
196A.T,56.5,75.8,82.0,—
3071.T,54.7,50.0,61.7,—
5357.T,55.3,73.2,70.8,—
4992.T,42.2,12.6,13.6,—
6794.T,39.7,16.0,22.4,—
5695.T,53.2,49.2,49.0,—
8137.T,44.2,23.4,61.1,—
3911.T,55.9,50.0,57.1,—
331A.T,56.6,54.5,77.3,—
4512.T,53.7,33.3,69.2,—
5410.T,51.2,66.3,74.9,—
9404.T,60.5,76.5,67.4,—
9990.T,54.6,43.2,54.7,—
1799.T,41.4,10.3,13.0,—
3143.T,47.7,3.2,46.2,—
5967.T,54.6,69.1,81.7,—
6637.T,54.3,65.2,80.1,—
2330.T,44.2,30.0,55.6,—
304A.T,55.4,49.4,58.7,—
6384.T,40.2,16.1,12.7,—
6517.T,40.2,14.8,22.4,—
3622.T,46.0,31.2,59.6,—
9563.T,48.3,9.5,29.5,—
6505.T,78.5,94.2,82.1,買われ気味
6905.T,34.3,7.0,10.3,売られ気味
2819.T,60.6,79.8,69.9,—
5527.T,60.2,61.3,79.2,—
5983.T,51.7,40.4,56.1,—
8747.T,52.0,58.9,80.9,—
8052.T,60.1,70.2,74.1,—
4351.T,33.1,0.0,4.8,売られ気味
7600.T,65.8,71.6,75.0,—
7046.T,44.0,1.9,20.2,—
7140.T,46.4,5.6,5.1,—
6580.T,46.1,33.0,51.5,—
6676.T,51.5,51.5,73.9,—
7916.T,62.5,100.0,89.8,—
7878.T,53.7,11.3,19.6,—
7965.T,45.2,61.2,55.2,—
1780.T,64.8,75.9,81.9,—
3352.T,52.0,70.9,62.7,—
6599.T,40.1,20.6,35.4,—
4994.T,61.7,54.7,77.3,—
5131.T,43.4,22.2,35.2,—
8023.T,56.6,59.7,74.5,—
7837.T,69.4,62.0,60.2,—
3416.T,50.5,63.9,85.2,—
4728.T,43.6,23.1,32.1,—
7782.T,52.6,55.6,78.5,—
8127.T,51.7,60.9,65.2,—
7213.T,56.2,64.3,80.4,—
7299.T,58.3,73.1,85.3,—
8158.T,58.5,56.4,77.3,—
3079.T,38.1,6.1,18.5,—
6161.T,45.1,11.9,9.9,—
8999.T,69.6,84.0,88.6,—
7466.T,59.6,52.3,66.3,—
8066.T,62.4,73.2,83.7,—
8226.T,39.7,21.6,34.6,—
3299.T,67.1,82.9,89.2,—
5957.T,44.3,14.0,32.7,—
4725.T,64.4,76.6,82.9,—
3550.T,47.1,27.3,18.2,—
9739.T,50.0,31.1,29.9,—
7989.T,62.8,67.6,67.0,—
3375.T,52.9,55.7,68.4,—
6552.T,37.7,5.5,35.2,—
3646.T,58.5,88.2,92.7,—
7940.T,54.9,66.7,68.3,—
4736.T,41.6,2.5,25.8,—
8946.T,57.8,55.6,42.3,—
3266.T,40.3,28.6,26.2,—
7634.T,79.8,100.0,96.9,買われ気味
6664.T,38.4,26.1,35.2,—
8059.T,60.1,65.4,83.4,—
3800.T,50.9,16.7,17.3,—
9193.T,49.5,96.7,94.0,—
5911.T,59.3,59.1,73.8,—
7296.T,54.8,57.5,59.2,—
5240.T,54.7,30.1,46.5,—
4094.T,41.9,10.9,23.0,—
3023.T,53.0,49.3,58.0,—
6923.T,46.1,25.6,29.9,—
3267.T,33.1,8.7,13.5,売られ気味
3799.T,59.9,66.0,86.1,—
2479.T,53.5,58.8,70.5,—
9409.T,44.7,21.4,39.0,—
4076.T,62.2,70.1,76.1,—
7849.T,46.7,29.4,49.2,—
7425.T,47.6,29.1,27.5,—
3760.T,63.4,64.2,80.2,—
6741.T,43.9,22.2,42.1,—
3306.T,73.3,85.4,94.8,買われ気味
6247.T,40.6,6.2,12.9,—
4893.T,62.1,63.3,73.9,—
5184.T,45.4,11.5,23.2,—
9799.T,72.4,87.6,90.8,買われ気味
8077.T,53.4,42.9,60.8,—
8011.T,56.3,35.9,40.9,—
9330.T,50.8,37.9,59.4,—
6844.T,40.0,14.5,16.6,—
2883.T,67.1,100.0,98.9,—
6069.T,53.4,50.7,68.6,—
2806.T,44.4,62.0,81.7,—
7501.T,55.2,75.6,48.8,—
6248.T,53.7,76.1,46.7,—
3772.T,42.0,23.1,42.6,—
6033.T,88.2,79.6,80.6,買われ気味
6489.T,,,,
8707.T,57.2,52.6,79.2,—
2411.T,49.8,40.0,76.2,—
6769.T,37.5,10.6,18.2,—
7938.T,66.4,78.5,91.1,—
4616.T,62.6,57.4,73.9,—
4880.T,56.8,67.3,72.7,—
7447.T,60.7,45.9,62.2,—
6809.T,44.6,18.3,35.9,—
1964.T,34.4,11.9,38.2,売られ気味
7962.T,57.7,96.4,84.5,—
7804.T,52.3,52.0,72.5,—
9986.T,49.3,42.7,63.0,—
5302.T,45.7,20.4,29.9,—
9753.T,50.2,14.3,31.0,—
8118.T,54.7,72.0,64.5,—
7483.T,52.4,67.5,83.4,—
6864.T,32.8,12.0,12.6,売られ気味
130A.T,45.6,34.2,61.9,—
3611.T,58.3,45.8,57.4,—
1911.T,58.2,61.2,57.4,—
2349.T,63.9,95.3,92.4,—
9827.T,52.3,63.3,83.2,—
7813.T,31.2,19.8,6.6,売られ気味
3948.T,57.0,31.9,39.1,—
6763.T,42.4,22.6,26.6,—
4769.T,52.2,48.1,50.3,—
7723.T,57.2,49.6,62.2,—
7417.T,66.6,77.9,87.3,—
4619.T,54.6,53.6,70.2,—
6345.T,53.6,53.5,67.8,—
8945.T,50.1,47.7,34.0,—
8043.T,69.8,80.9,78.1,—
3636.T,55.3,74.6,82.6,—
6405.T,39.4,0.0,10.7,—
4356.T,60.8,100.0,95.8,—
6901.T,,,,
7590.T,41.1,5.3,25.0,—
6209.T,43.3,12.8,36.7,—
1810.T,51.4,45.8,69.8,—
9698.T,73.5,100.0,91.7,買われ気味
6282.T,51.9,27.2,41.1,—
9994.T,51.2,64.3,72.2,—
256A.T,47.5,25.8,44.5,—
6267.T,64.2,100.0,82.6,—
7039.T,55.8,51.7,52.5,—
8006.T,75.3,98.8,97.8,買われ気味
7749.T,42.1,16.3,31.0,—
3571.T,49.1,9.5,27.6,—
3670.T,,,,
7067.T,51.0,50.0,54.7,—
4069.T,38.5,36.8,43.1,—
3913.T,56.9,65.6,73.9,—
7800.T,49.7,52.7,70.5,—
7459.T,65.2,94.6,95.5,—
1514.T,47.2,51.2,76.7,—
2831.T,59.4,69.6,71.0,—
7112.T,42.4,44.8,25.9,—
3848.T,53.6,93.5,84.4,—
4997.T,42.7,23.0,34.3,—
6156.T,36.9,42.9,44.4,—
1997.T,52.8,0.0,21.0,—
4883.T,39.5,33.3,40.7,—
6157.T,56.9,54.3,77.6,—
6445.T,48.8,15.7,31.7,—
5186.T,66.2,76.4,87.5,—
6926.T,43.9,14.3,55.6,—
5122.T,39.7,15.6,30.9,—
7305.T,65.6,83.3,87.6,—
6246.T,48.8,23.8,39.9,—
7087.T,63.3,89.2,83.0,—
9991.T,67.7,90.4,87.0,—
3159.T,59.9,66.7,82.9,—
1960.T,41.7,13.3,39.2,—
3627.T,44.1,19.0,25.0,—
3482.T,42.3,54.4,67.3,—
2153.T,72.8,67.2,79.6,買われ気味
2908.T,64.4,83.1,79.5,—
3529.T,57.9,69.8,79.7,—
9441.T,43.6,78.4,70.4,—
4719.T,49.9,28.1,38.5,—
6291.T,44.0,7.4,21.3,—
9622.T,53.2,42.2,53.8,—
9341.T,61.6,70.5,72.0,—
9780.T,54.2,53.7,65.8,—
6103.T,53.1,41.5,66.9,—
6863.T,43.7,10.4,7.7,—
5939.T,36.7,2.1,27.9,—
7525.T,50.6,14.8,41.3,—
4247.T,59.2,57.1,71.9,—
6286.T,51.7,93.7,74.5,—
8219.T,61.8,81.6,77.0,—
1762.T,57.4,47.4,62.5,—
3559.T,41.8,6.9,46.6,—
3355.T,53.3,43.1,57.1,—
4270.T,37.8,12.7,39.7,—
6898.T,45.6,33.3,33.3,—
5619.T,47.6,49.1,41.7,—
6230.T,50.7,31.5,52.1,—
7931.T,57.8,61.5,80.6,—
3825.T,50.3,63.2,82.5,—
3665.T,67.5,75.8,81.5,—
198A.T,40.5,8.3,35.6,—
4287.T,41.3,40.0,50.7,—
5982.T,52.8,38.2,42.6,—
7482.T,63.9,75.0,75.8,—
6998.T,39.6,20.9,27.4,—
8154.T,39.2,28.2,41.0,—
1835.T,34.5,10.0,13.4,売られ気味
7294.T,61.1,79.2,83.7,—
1828.T,46.7,7.2,30.1,—
8018.T,44.2,45.2,65.4,—
6364.T,51.7,40.2,65.8,—
4265.T,47.7,12.7,26.8,—
9476.T,48.3,14.9,21.5,—
1914.T,51.0,46.5,71.7,—
3302.T,42.4,16.4,25.1,—
7477.T,36.9,3.0,9.7,—
7713.T,39.5,20.7,27.6,—
8085.T,47.9,30.8,14.4,—
244A.T,33.8,15.8,42.1,売られ気味
6309.T,64.1,76.2,82.5,—
4978.T,45.5,41.7,59.0,—
2185.T,66.2,84.3,86.2,—
5943.T,60.2,72.6,76.6,—
4540.T,59.0,69.1,71.4,—
3698.T,48.0,10.5,28.8,—
5142.T,50.5,54.6,73.4,—
3421.T,53.7,29.7,32.9,—
192A.T,37.5,6.0,12.0,—
4434.T,33.5,0.0,38.0,売られ気味
7433.T,39.7,12.2,26.3,—
6322.T,45.7,0.0,11.9,—
5576.T,59.4,63.0,87.7,—
4471.T,43.0,31.4,56.4,—
6125.T,45.5,21.8,55.6,—
4767.T,50.3,71.4,77.1,—
7807.T,75.6,100.0,78.0,買われ気味
6912.T,40.4,15.2,26.6,—
5237.T,57.5,37.9,55.5,—
9413.T,43.1,9.4,28.8,—
9344.T,57.0,76.7,72.4,—
4394.T,67.6,68.6,76.6,—
6592.T,50.5,21.1,41.5,—
8029.T,42.2,11.6,5.0,—
7769.T,58.7,61.8,73.5,—
6493.T,35.9,11.3,19.3,—
8708.T,64.0,67.9,84.7,—
7860.T,75.0,85.0,87.6,買われ気味
7079.T,51.0,43.2,53.9,—
2792.T,55.3,55.4,58.5,—
4376.T,44.6,30.0,36.7,—
4524.T,63.3,100.0,88.9,—
4752.T,47.4,15.1,40.0,—
3940.T,49.8,31.2,47.5,—
1976.T,54.4,42.7,65.0,—
4112.T,43.3,54.3,52.8,—
6742.T,44.9,26.6,37.5,—
4372.T,63.9,76.7,74.0,—
3768.T,51.2,80.0,67.5,—
6239.T,47.9,36.0,38.1,—
483A.T,58.1,40.5,44.8,—
4240.T,47.5,50.0,40.7,—
9651.T,68.0,77.6,79.4,—
9258.T,44.7,21.2,18.2,—
1301.T,57.8,73.7,78.9,—
4521.T,51.5,70.4,74.2,—
6336.T,45.0,16.7,46.5,—
2612.T,49.7,2.3,27.5,—
8918.T,48.5,0.0,0.0,—
8081.T,47.2,19.2,61.4,—
3680.T,46.3,53.8,80.7,—
9345.T,71.3,88.4,96.1,買われ気味
6082.T,63.1,92.3,80.2,—
7545.T,58.8,60.7,58.9,—
4072.T,45.0,29.5,55.7,—
6989.T,46.2,16.3,38.2,—
550A.T,52.6,21.7,24.5,—
7844.T,51.2,69.2,85.5,—
6874.T,45.7,26.5,38.9,—
6137.T,42.2,17.6,23.9,—
4998.T,58.6,54.5,64.5,—
3461.T,77.9,92.7,89.2,買われ気味
7254.T,53.4,47.2,63.9,—
8078.T,41.1,12.7,18.0,—
1450.T,50.0,32.4,52.4,—
3020.T,51.1,36.4,62.0,—
7050.T,49.8,36.0,43.7,—
3841.T,45.8,18.9,23.9,—
9376.T,52.6,54.3,65.1,—
1928.T,65.9,79.3,87.0,—
4172.T,54.6,67.6,75.1,—
6050.T,61.0,62.5,83.4,—
7240.T,48.4,34.0,66.8,—
1966.T,53.6,27.6,63.8,—
5990.T,51.0,23.0,47.9,—
8613.T,66.2,72.0,87.3,—
2461.T,50.5,64.3,54.8,—
6635.T,39.1,18.7,32.6,—
5356.T,37.1,18.4,11.1,—
7114.T,53.9,84.0,82.4,—
4093.T,49.1,10.5,35.1,—
2415.T,49.6,62.2,61.9,—
7595.T,54.5,65.3,74.6,—
1377.T,62.4,39.1,40.6,—
423A.T,48.2,33.3,60.4,—
8887.T,63.7,68.4,73.6,—
7239.T,49.6,46.0,52.0,—
1787.T,63.9,70.3,86.1,—
5535.T,56.9,65.0,82.5,—
4017.T,45.9,57.9,78.9,—
6630.T,56.4,51.2,49.7,—
4378.T,39.0,2.3,16.5,—
5138.T,49.3,42.6,58.3,—
3965.T,63.3,100.0,89.2,—
2750.T,50.8,48.7,76.8,—
5950.T,43.7,12.5,46.0,—
5702.T,32.7,25.4,53.7,売られ気味
7276.T,32.8,20.1,16.7,売られ気味
5018.T,56.0,44.9,50.7,—
9987.T,57.7,84.2,85.5,—
5659.T,44.8,17.3,40.4,—
8927.T,56.0,35.7,54.6,—
2493.T,52.1,38.1,51.1,—
5423.T,53.3,80.5,82.3,—
2186.T,66.1,90.9,74.6,—
2475.T,62.0,86.7,79.2,—
5273.T,63.2,72.9,85.8,—
7222.T,49.4,51.0,57.1,—
6307.T,57.0,83.3,94.4,—
6824.T,43.9,10.2,15.1,—
2722.T,44.1,37.5,41.7,—
2733.T,66.9,82.7,83.5,—
3490.T,54.6,22.7,30.9,—
4362.T,55.4,43.2,74.6,—
6888.T,42.2,45.8,60.5,—
2122.T,73.8,94.2,91.4,買われ気味
9709.T,48.9,64.4,74.7,—
3059.T,51.0,85.7,88.6,—
6995.T,58.5,71.0,80.6,—
4027.T,55.4,64.9,66.5,—
6459.T,41.2,7.8,37.6,—
3598.T,57.6,40.0,62.7,—
9856.T,56.8,66.0,67.1,—
3245.T,67.0,79.3,87.7,—
6351.T,45.9,10.2,31.2,—
1967.T,43.2,22.2,53.1,—
4178.T,36.5,7.3,9.1,—
4249.T,61.1,82.5,85.3,—
3183.T,64.5,61.9,62.1,—
3950.T,72.1,91.1,90.8,買われ気味
4951.T,64.4,75.6,63.5,—
3624.T,41.6,4.2,16.2,—
9715.T,53.2,76.9,80.7,—
6850.T,42.7,27.3,36.5,—
2784.T,69.2,89.5,92.6,—
4977.T,45.5,11.3,29.5,—
442A.T,39.5,7.5,33.3,—
7863.T,36.3,20.0,56.7,—
6662.T,41.5,76.0,72.0,—
4881.T,49.7,37.5,63.5,—
6677.T,42.0,17.5,30.1,—
2916.T,69.0,100.0,81.5,—
3201.T,57.9,64.1,70.4,—
9273.T,47.6,28.9,57.8,—
1382.T,30.0,20.5,22.1,売られ気味
547A.T,45.8,9.1,27.3,—
5602.T,53.1,55.3,68.4,—
1992.T,55.4,25.0,25.0,—
1941.T,41.0,16.8,21.2,—
2815.T,54.5,72.2,66.7,—
6663.T,42.0,6.1,13.7,—
5590.T,49.3,37.1,43.2,—
7927.T,57.6,67.4,82.0,—
5445.T,59.9,77.7,87.2,—
8624.T,58.0,39.7,67.5,—
7172.T,49.9,32.0,69.8,—
8508.T,58.3,48.8,67.2,—
6198.T,38.2,0.0,20.8,—
8065.T,49.1,58.7,74.0,—
4882.T,43.2,12.9,31.9,—
7270.T,56.5,66.7,60.0,—
6466.T,44.4,11.2,19.8,—
2477.T,58.2,68.1,59.2,—
8934.T,56.6,60.4,76.3,—
6340.T,44.1,17.4,25.7,—
8928.T,38.2,34.7,56.5,—
3678.T,45.5,9.7,46.2,—
9629.T,69.9,92.1,90.7,—
5660.T,53.9,67.8,80.6,—
2152.T,51.9,56.9,77.9,—
7949.T,55.0,43.7,67.3,—
7673.T,48.4,35.6,54.0,—
7803.T,87.9,94.4,95.9,🔴買われすぎ
3172.T,50.7,33.3,55.3,—
6333.T,51.4,33.3,64.3,—
3963.T,55.1,65.7,73.9,—
5035.T,38.2,9.7,34.0,—
9127.T,45.7,54.5,59.4,—
6391.T,49.5,38.6,44.9,—
9212.T,37.9,4.8,41.0,—
2915.T,54.1,48.3,47.5,—
7231.T,55.9,64.3,82.4,—
9849.T,58.3,100.0,81.8,—
4667.T,47.4,9.0,31.8,—
6070.T,74.1,83.8,83.8,買われ気味
6932.T,59.6,91.4,73.2,—
8051.T,50.2,51.2,80.3,—
5463.T,52.7,24.4,38.1,—
5563.T,35.9,11.8,30.3,—
6167.T,38.8,15.7,14.9,—
5947.T,58.6,59.5,50.1,—
4526.T,67.8,86.7,84.4,—
9225.T,52.1,76.5,87.0,—
5941.T,60.5,49.2,71.9,—
5868.T,44.4,26.8,26.8,—
9768.T,43.5,13.0,22.1,—
1938.T,32.1,10.5,16.3,売られ気味
9930.T,56.3,81.8,92.7,—
5185.T,59.2,60.9,76.8,—
7480.T,53.7,33.0,43.4,—
1720.T,41.8,16.5,31.3,—
9265.T,63.6,42.4,41.7,—
1435.T,49.9,46.7,64.4,—
2332.T,41.5,21.5,34.1,—
5192.T,60.0,74.3,75.4,—
5973.T,42.7,33.3,61.1,—
6191.T,62.5,71.3,82.8,—
2737.T,43.0,15.9,29.4,—
4491.T,60.9,41.9,50.9,—
6455.T,45.9,32.5,45.3,—
3333.T,65.6,77.4,76.8,—
1930.T,38.9,21.8,25.8,—
4097.T,51.3,46.4,47.6,—
8704.T,53.7,61.5,83.5,—
5262.T,38.7,14.5,13.6,—
2335.T,61.9,74.6,79.8,—
1662.T,46.4,53.6,65.1,—
3991.T,45.1,21.8,47.4,—
6272.T,50.4,42.7,64.5,—
6379.T,61.7,72.9,84.5,—
4914.T,64.1,79.8,85.4,—
4220.T,54.0,41.3,63.4,—
6803.T,48.2,25.0,36.1,—
4310.T,45.3,32.1,23.9,—
6203.T,38.9,10.8,18.0,—
7976.T,58.2,54.5,60.0,—
1852.T,55.4,41.7,50.8,—
2341.T,49.3,21.1,27.0,—
7864.T,68.8,72.9,78.0,—
4012.T,56.9,64.0,71.2,—
4465.T,64.9,93.1,96.6,—
7702.T,62.7,71.4,71.0,—
2305.T,77.4,89.6,91.9,買われ気味
5268.T,29.5,8.6,14.8,🟢売られすぎ
6770.T,45.6,35.4,70.9,—
6395.T,42.1,22.5,27.7,—
6675.T,48.7,38.5,58.3,—
206A.T,47.4,32.4,49.3,—
2975.T,46.6,39.3,60.5,—
2342.T,42.6,25.0,61.6,—
6788.T,63.2,83.9,85.5,—
4053.T,62.0,79.2,88.2,—
4516.T,47.2,37.0,22.1,—
3934.T,47.3,33.1,32.4,—
4750.T,58.4,82.8,86.2,—
6143.T,40.0,20.3,52.6,—
2114.T,56.1,50.0,71.8,—
4577.T,65.0,75.4,74.1,—
3773.T,56.6,63.1,71.2,—
4956.T,48.4,20.0,33.5,—
4284.T,52.1,57.1,64.9,—
4792.T,66.5,75.0,84.4,—
6381.T,53.7,44.4,56.4,—
4659.T,,,,
7921.T,83.1,90.7,95.1,🔴買われすぎ
6339.T,39.0,16.5,29.7,—
9438.T,67.3,99.0,90.5,—
3465.T,42.7,14.0,32.1,—
6643.T,43.0,21.7,53.2,—
8898.T,50.7,55.0,65.0,—
9621.T,60.8,58.4,73.2,—
7255.T,66.1,79.1,83.0,—
4840.T,38.6,7.5,34.7,—
3288.T,48.1,40.0,44.3,—
3284.T,61.0,64.4,80.0,—
7717.T,40.7,5.8,15.6,—
7951.T,69.3,87.1,91.2,—
1518.T,50.1,23.2,53.4,—
4171.T,70.8,28.6,19.0,買われ気味
1814.T,58.2,71.4,87.4,—
1844.T,49.5,37.5,52.1,—
4238.T,42.3,16.6,50.2,—
4931.T,69.2,84.2,79.0,—
9233.T,44.0,17.2,33.7,—
7514.T,56.5,55.0,77.1,—
4673.T,42.1,7.7,12.8,—
137A.T,43.5,10.6,23.6,—
3918.T,46.1,17.6,37.7,—
4167.T,58.0,72.5,79.4,—
4922.T,61.5,83.9,83.3,—
2325.T,38.2,3.2,12.0,—
6772.T,40.0,13.9,5.1,—
3834.T,75.2,96.9,88.8,買われ気味
3445.T,40.3,9.1,29.9,—
2876.T,58.5,77.3,90.9,—
6853.T,35.5,9.7,14.3,—
2292.T,54.6,59.1,47.8,—
9782.T,53.6,40.6,63.9,—
2169.T,42.8,17.9,18.1,—
4595.T,51.8,51.7,52.7,—
2907.T,47.1,7.9,34.2,—
6250.T,43.8,15.0,23.6,—
5011.T,57.0,54.1,72.9,—
6822.T,40.5,21.9,42.0,—
3042.T,51.2,50.0,80.2,—
6420.T,35.5,2.8,18.5,—
8227.T,53.1,51.8,49.4,—
2454.T,50.1,85.7,76.2,—
4317.T,58.8,92.3,92.9,—
6546.T,53.6,39.2,49.7,—
7217.T,54.1,87.0,62.3,—
6535.T,62.5,59.4,65.4,—
6392.T,61.7,86.0,95.3,—
9687.T,49.8,47.8,66.7,—
5126.T,55.4,39.6,50.9,—
5484.T,79.3,75.0,63.6,買われ気味
2652.T,65.7,80.6,82.1,—
9904.T,60.3,87.1,82.8,—
4891.T,30.0,33.3,24.1,売られ気味
7725.T,43.5,21.6,42.8,—
302A.T,57.2,58.4,76.6,—
4334.T,49.9,54.5,77.2,—
6238.T,43.0,13.6,52.8,—
4668.T,88.9,87.3,93.9,🔴買われすぎ＋反転(売り検討)
6378.T,45.7,22.4,64.3,—
8285.T,39.4,9.4,12.1,—
7095.T,58.5,74.6,76.7,—
2692.T,,,,
4218.T,69.0,95.5,83.6,—
6849.T,71.6,86.2,87.5,買われ気味
1827.T,62.8,95.7,55.6,—
7072.T,48.8,39.0,73.8,—
4958.T,64.7,91.2,87.3,—
7942.T,39.4,17.4,27.7,—
7981.T,49.7,22.6,48.9,—
6786.T,43.1,16.7,22.2,—
1491.T,51.7,61.8,71.1,—
7846.T,75.1,87.2,93.2,買われ気味
6750.T,50.4,16.3,61.7,—
4586.T,52.6,30.6,51.6,—
8129.T,57.8,77.6,75.6,—
1381.T,36.3,2.5,45.7,—
6908.T,29.6,17.5,32.7,🟢売られすぎ
2438.T,49.0,41.4,53.3,—
7500.T,52.1,14.5,21.5,—
2670.T,45.8,28.5,24.6,—
4599.T,44.2,15.0,12.8,—
4025.T,49.5,55.0,76.0,—
6190.T,44.6,54.1,65.3,—
3904.T,53.9,61.0,86.2,—
5974.T,53.7,55.9,59.6,—
6929.T,40.4,27.8,41.7,—
8518.T,47.7,50.0,78.2,—
4694.T,49.8,54.8,67.3,—
4248.T,50.2,33.3,39.8,—
1968.T,34.3,13.5,22.3,売られ気味
7377.T,35.1,5.3,12.4,—
9729.T,55.1,68.7,76.9,—
6432.T,47.9,38.6,46.9,—
9763.T,50.9,45.5,69.2,—
8614.T,57.6,57.3,76.1,—
4424.T,51.4,31.9,44.7,—
3138.T,53.2,76.3,87.0,—
4391.T,49.7,16.6,28.2,—
6518.T,45.6,44.2,68.1,—
1934.T,39.4,12.6,30.8,—
2183.T,45.9,38.1,35.9,—
4427.T,46.3,45.8,64.6,—
1861.T,50.5,31.7,60.9,—
6332.T,44.7,27.3,41.1,—
7999.T,,,,
4416.T,50.8,17.2,64.9,—
7883.T,58.3,84.0,94.7,—
6369.T,44.3,9.0,28.2,—
9107.T,61.6,97.7,94.2,—
6138.T,59.4,74.4,85.1,—
7277.T,51.1,52.6,69.5,—
1433.T,52.6,33.3,60.8,—
3623.T,41.7,10.6,6.8,—
2301.T,69.7,76.3,83.4,—
4251.T,42.8,20.7,48.1,—
9837.T,51.0,19.0,23.3,—
7506.T,82.6,88.6,91.3,🔴買われすぎ
9692.T,61.7,70.2,78.0,—
8012.T,46.4,22.5,42.1,—
1950.T,32.4,14.1,12.3,売られ気味
6875.T,31.1,15.9,16.2,売られ気味
3909.T,43.7,42.1,62.1,—
1870.T,55.1,66.0,69.2,—
3723.T,49.3,12.1,29.5,—
2981.T,52.8,57.7,79.9,—
6877.T,40.8,17.4,36.3,—
7042.T,58.5,44.7,57.6,—
1904.T,48.1,20.6,46.8,—
3842.T,43.3,21.6,49.5,—
6140.T,39.7,18.9,42.9,—
6081.T,41.3,17.1,29.2,—
1929.T,50.1,48.3,53.1,—
9605.T,56.0,76.5,61.9,—
6620.T,42.9,2.6,4.5,—
6287.T,69.7,76.5,81.2,—
7038.T,38.6,45.8,41.8,—
4401.T,43.3,24.1,44.8,—
6306.T,55.6,31.9,61.6,—
9612.T,52.3,66.2,71.0,—
7811.T,46.8,7.5,35.3,—
3625.T,51.4,30.0,26.7,—
1982.T,33.8,7.7,11.2,売られ気味
7986.T,59.8,73.7,91.2,—
2669.T,62.8,61.8,73.7,—
3242.T,34.3,20.7,31.3,売られ気味
3035.T,40.5,1.6,2.9,—
6199.T,52.4,48.5,60.8,—
4042.T,42.3,17.3,28.7,—
4849.T,69.0,89.6,88.1,—
166A.T,48.8,13.9,27.8,—
3998.T,44.1,12.5,25.0,—
9242.T,69.9,84.4,89.7,—
264A.T,48.7,36.5,48.9,—
6458.T,43.8,15.0,46.7,—
7413.T,56.5,30.6,24.7,—
542A.T,72.1,80.1,82.6,買われ気味
3001.T,56.9,71.4,81.8,—
3486.T,53.6,47.6,74.9,—
3467.T,59.3,58.2,78.9,—
8037.T,57.8,67.6,81.4,—
4064.T,39.5,14.8,29.1,—
5355.T,52.4,21.4,56.0,—
9165.T,47.5,36.9,43.1,—
7990.T,57.8,81.8,87.6,—
7984.T,66.4,87.5,89.6,—
3733.T,40.6,13.6,16.5,—
9740.T,61.0,71.6,74.5,—
8157.T,44.5,15.0,49.2,—
4206.T,54.2,22.6,42.4,—
7226.T,63.9,84.3,92.1,—
1663.T,31.3,11.2,15.1,売られ気味
7309.T,70.1,68.6,75.6,買われ気味
2136.T,48.0,8.7,15.8,—
5444.T,63.4,67.1,80.2,—
6612.T,67.6,100.0,100.0,—
4929.T,48.9,50.0,75.2,—
9743.T,58.0,68.4,80.1,—
177A.T,35.1,32.2,32.1,—
6648.T,42.8,17.1,32.6,—
3926.T,71.2,97.8,99.3,買われ気味
7244.T,50.5,59.5,57.9,—
3371.T,86.8,93.9,93.9,🔴買われすぎ
4052.T,45.7,48.3,78.4,—
3195.T,67.6,74.0,87.4,—
4262.T,47.2,43.3,76.9,—
4634.T,63.9,83.3,88.8,—
6255.T,35.4,11.3,23.1,—
6470.T,42.7,26.5,58.8,—
7416.T,56.1,77.3,89.2,—
6277.T,39.5,24.7,29.9,—
343A.T,63.1,79.3,71.3,—
6185.T,48.7,27.8,64.8,—
7284.T,39.9,0.0,15.7,—
5965.T,50.1,43.8,71.5,—
3817.T,49.6,52.1,70.1,—
4479.T,60.5,95.2,87.4,—
387A.T,61.9,84.1,91.3,—
9240.T,45.2,66.7,71.3,—
1783.T,33.9,16.7,27.2,売られ気味
2296.T,55.6,68.4,61.2,—
4114.T,49.2,37.8,58.1,—
4530.T,,,,
6171.T,44.7,38.9,61.1,—
4633.T,59.9,67.1,77.3,—
5367.T,39.3,6.2,9.5,—
265A.T,48.0,4.8,35.8,—
6633.T,44.5,35.7,54.8,—
3107.T,47.7,27.6,43.0,—
4044.T,42.7,13.9,21.3,—
3996.T,52.9,32.5,49.2,—
8079.T,66.4,87.9,87.8,—
3969.T,51.9,54.8,77.5,—
7819.T,45.1,32.4,37.5,—
415A.T,49.1,31.4,64.9,—
6586.T,44.3,18.9,28.9,—
7057.T,45.1,0.0,14.0,—
9347.T,62.4,79.5,75.4,—
3028.T,73.5,90.8,87.2,買われ気味
4886.T,38.4,24.3,23.0,—
7596.T,67.6,75.8,70.6,—
3181.T,67.0,61.9,52.1,—
3132.T,49.2,42.5,67.9,—
410A.T,47.7,25.9,58.9,—
3659.T,55.9,68.7,60.6,—
5970.T,52.0,55.6,62.6,—
9036.T,66.2,100.0,96.8,—
9401.T,49.6,18.7,46.8,—
3675.T,54.9,58.1,66.6,—
5888.T,36.0,12.0,24.4,—
4198.T,40.9,20.0,25.7,—
3070.T,51.8,60.0,72.6,—
3912.T,49.8,43.4,52.6,—
4031.T,45.1,43.8,65.0,—
3374.T,46.0,19.8,55.5,—
2498.T,46.2,23.6,56.8,—
7102.T,65.3,81.6,87.3,—
4440.T,48.1,10.9,29.8,—
6363.T,42.7,14.6,24.1,—
7856.T,61.8,70.2,80.2,—
5284.T,50.2,38.1,45.2,—
1438.T,46.9,0.0,7.6,—
9788.T,79.3,97.1,98.1,買われ気味
1979.T,40.4,15.9,21.0,—
6424.T,56.4,74.2,85.8,—
2370.T,41.0,33.3,55.6,—
4124.T,59.6,70.6,79.3,—
3945.T,56.3,61.4,74.4,—
1882.T,63.5,74.4,83.3,—
3858.T,39.6,8.3,39.9,—
7374.T,43.1,17.9,17.1,—
2433.T,71.4,92.4,82.3,買われ気味
4892.T,42.8,16.3,50.4,—
6902.T,57.6,68.9,69.1,—
4205.T,44.6,18.3,34.1,—
4078.T,38.2,11.5,15.6,—
7049.T,54.5,54.4,69.6,—
7979.T,72.0,82.2,92.0,買われ気味
7608.T,40.5,17.6,28.0,—
5103.T,17.0,9.1,6.1,🟢売られすぎ＋反転(買い検討)
4028.T,42.5,31.7,50.9,—
7505.T,45.7,4.5,31.5,—
4687.T,62.7,73.4,85.0,—
7911.T,36.0,5.7,6.7,—
3569.T,37.0,7.4,23.8,—
7360.T,50.9,43.6,59.7,—
5936.T,43.6,12.5,44.0,—
8283.T,57.5,22.3,16.0,—
5013.T,43.7,11.4,15.1,—
7048.T,60.5,78.6,86.9,—
4113.T,57.2,52.0,55.0,—
3915.T,42.2,9.2,26.1,—
1808.T,54.6,48.8,47.5,—
4488.T,47.7,40.8,68.8,—
1717.T,55.8,55.6,61.1,—
4826.T,54.8,60.0,75.3,—
4197.T,63.1,77.0,78.4,—
4447.T,59.8,77.5,85.8,—
4884.T,44.7,16.2,41.5,—
5244.T,50.6,52.2,78.5,—
5161.T,49.6,44.7,69.4,—
6859.T,44.9,32.2,36.4,—
2060.T,62.0,70.7,84.8,—
7943.T,50.1,51.3,72.0,—
7836.T,49.7,50.0,50.0,—
4642.T,35.8,8.7,24.4,—
4664.T,43.6,3.9,9.2,—
2440.T,51.2,58.3,76.0,—
3648.T,54.3,40.0,64.6,—
6223.T,38.3,10.9,14.5,—
3662.T,60.8,36.8,60.4,—
9716.T,61.3,79.5,82.6,—
2480.T,47.5,27.3,39.4,—
4556.T,,,,
3937.T,65.5,88.3,81.0,—
7963.T,56.4,68.2,69.5,—
4445.T,58.1,65.3,70.8,—
7043.T,33.2,4.4,37.4,売られ気味
4272.T,38.4,21.7,27.7,—
6371.T,46.7,33.1,53.9,—
6145.T,31.2,11.1,18.6,売られ気味
9934.T,52.3,45.3,60.4,—
2436.T,61.9,71.2,76.0,—
2003.T,68.1,100.0,81.5,—
5834.T,54.6,27.3,65.9,—
9467.T,48.6,59.3,75.4,—
4685.T,50.0,56.8,71.8,—
4662.T,65.0,76.4,89.5,—
1813.T,43.1,13.9,30.5,—
6090.T,33.1,14.0,10.9,売られ気味
2311.T,42.0,61.5,44.1,—
5821.T,31.8,7.9,15.1,売られ気味
9702.T,35.3,13.3,19.8,—
4926.T,67.0,86.4,87.6,—
4335.T,31.7,17.8,26.2,売られ気味
2910.T,63.5,81.8,67.7,—
241A.T,33.2,12.5,14.6,売られ気味
4263.T,38.9,6.8,19.3,—
1736.T,45.6,14.8,28.4,—
4169.T,57.2,81.5,87.1,—
4414.T,63.0,74.8,88.0,—
7058.T,65.1,85.3,93.2,—
9213.T,43.3,7.1,38.4,—
4008.T,45.9,16.7,26.0,—
2207.T,50.4,15.8,21.8,—
2676.T,39.7,2.1,27.7,—
4671.T,65.0,71.4,86.8,—
1766.T,55.1,46.3,48.6,—
5589.T,41.7,39.2,59.6,—
6029.T,60.6,62.2,65.8,—
6289.T,54.9,52.1,67.9,—
3988.T,56.7,100.0,94.9,—
7609.T,40.4,16.1,29.8,—
7917.T,59.7,65.1,67.5,—
2120.T,52.8,46.7,70.4,—
3907.T,33.6,4.5,5.7,売られ気味
3076.T,52.6,48.6,68.9,—
7980.T,44.7,28.9,61.4,—
2602.T,71.8,98.4,84.8,買われ気味
6294.T,45.7,7.6,41.0,—
4361.T,60.2,70.4,86.2,—
9543.T,51.1,60.0,55.8,—
4068.T,40.5,60.9,55.8,—
5729.T,46.3,46.7,71.6,—
4476.T,53.1,60.4,77.4,—
3835.T,65.7,78.8,84.3,—
2983.T,48.6,34.3,60.0,—
6644.T,42.9,22.1,42.0,—
7970.T,49.3,22.8,54.6,—
7211.T,65.5,83.1,83.8,—
7687.T,54.2,72.2,48.1,—
9244.T,52.5,6.3,43.5,—
2359.T,46.0,57.1,62.7,—
5121.T,40.6,20.2,44.3,—
6448.T,56.7,72.3,83.0,—
2930.T,44.6,25.0,51.8,—
2437.T,61.2,67.9,80.7,—
2488.T,56.4,69.7,76.5,—
4212.T,57.2,23.3,33.2,—
1719.T,50.1,38.5,54.5,—
7148.T,54.4,54.2,63.8,—
3974.T,63.0,75.3,87.6,—
7438.T,53.3,25.4,38.6,—
4464.T,44.8,47.8,53.3,—
4832.T,54.3,55.0,64.7,—
157A.T,48.3,18.6,41.1,—
7727.T,41.8,22.9,31.2,—
4041.T,56.5,72.2,85.0,—
2767.T,59.7,75.4,83.2,—
3361.T,52.9,46.2,55.1,—
7988.T,60.5,51.6,63.0,—
4814.T,42.2,30.0,49.4,—
261A.T,44.1,56.7,70.6,—
9558.T,45.0,32.3,36.4,—
9982.T,29.7,6.7,14.5,🟢売られすぎ
4346.T,56.4,53.5,65.4,—
6408.T,40.9,36.0,47.5,—
2391.T,46.9,29.3,40.3,—
5025.T,39.0,12.5,49.5,—
6659.T,45.8,17.6,20.9,—
7343.T,59.6,57.8,44.5,—
2790.T,63.9,94.2,92.7,—
2982.T,54.0,48.6,77.1,—
6328.T,41.5,17.6,22.3,—
7513.T,53.5,43.7,43.2,—
8005.T,60.0,69.3,84.2,—
8022.T,65.9,85.9,81.5,—
4462.T,40.6,15.6,22.9,—
6554.T,51.7,50.0,62.7,—
291A.T,43.4,24.8,11.2,—
4746.T,70.8,77.6,83.9,買われ気味
9219.T,46.0,43.5,37.7,—
3608.T,55.9,57.9,66.9,—
3440.T,34.2,13.2,33.9,売られ気味
9214.T,47.7,42.1,50.6,—
3970.T,57.2,77.8,91.5,—
7744.T,43.6,13.9,29.4,—
7555.T,43.2,33.3,36.5,—
6073.T,65.2,68.9,85.8,—
7575.T,61.9,83.7,83.8,—
5208.T,44.9,13.4,35.5,—
5015.T,48.2,29.4,59.5,—
7971.T,43.6,10.2,16.5,—
7358.T,61.7,73.0,79.4,—
6670.T,,,,
4380.T,59.7,90.8,93.7,—
1952.T,40.8,12.7,19.4,—
9663.T,55.0,64.7,76.2,—
3548.T,52.1,33.3,45.3,—
472A.T,64.6,60.0,69.6,—
4574.T,57.4,72.2,57.4,—
4221.T,54.0,58.1,79.6,—
9332.T,70.2,80.8,85.9,買われ気味
6823.T,39.0,14.0,15.5,—
6356.T,43.3,4.9,21.0,—
2540.T,,,,
3002.T,53.3,41.7,57.1,—
8841.T,33.5,9.6,20.6,売られ気味
2594.T,56.6,62.5,60.7,—
6094.T,40.4,27.5,47.3,—
2810.T,68.0,73.3,70.8,—
1945.T,34.6,14.7,13.8,売られ気味
9468.T,56.9,54.0,60.8,—
6193.T,60.4,84.3,85.6,—
4496.T,59.8,80.8,91.1,—
3947.T,50.5,31.8,22.7,—
6798.T,34.2,16.5,18.2,売られ気味
4686.T,48.5,48.6,57.6,—
7707.T,52.3,63.3,80.3,—
3280.T,30.8,8.4,19.6,売られ気味
3917.T,71.9,98.4,97.5,買われ気味
9791.T,51.7,45.9,75.7,—
4763.T,73.4,91.3,89.8,買われ気味
7066.T,55.8,76.9,79.2,—
5195.T,50.3,36.0,67.8,—
4743.T,52.6,54.2,63.9,—
9742.T,58.3,76.7,79.8,—
6731.T,40.1,24.3,40.9,—
2978.T,41.0,46.2,44.9,—
4617.T,52.5,44.2,56.4,—
149A.T,47.8,34.0,36.4,—
4439.T,57.8,54.5,72.9,—
6925.T,38.8,6.6,10.9,—
9632.T,44.2,10.3,22.0,—
416A.T,55.8,67.9,79.1,—
7060.T,68.9,100.0,96.9,—
4507.T,53.1,69.4,61.0,—
3779.T,39.4,15.4,17.9,—
4674.T,53.8,63.2,74.0,—
7875.T,40.5,5.1,14.7,—
5139.T,36.2,16.0,21.2,—
4974.T,,,,
6413.T,55.3,66.7,70.2,—
3179.T,55.2,85.1,80.0,—
5901.T,53.0,37.1,33.0,—
6960.T,49.8,30.1,58.9,—
1776.T,,,,
4216.T,30.2,9.8,11.2,売られ気味
4486.T,52.0,49.0,53.3,—
6357.T,36.7,9.8,11.4,—
7093.T,46.0,24.4,45.0,—
3667.T,44.3,33.3,77.8,—
2286.T,48.9,25.5,38.9,—
2148.T,48.6,65.5,76.0,—
9340.T,54.9,33.3,61.3,—
6403.T,,,,
8908.T,57.8,67.4,65.9,—
6563.T,48.5,71.4,82.5,—
4020.T,47.4,20.7,36.3,—
480A.T,48.5,19.4,43.6,—
8074.T,57.5,76.3,85.6,—
2708.T,66.4,78.0,87.4,—
6460.T,69.2,89.6,84.8,—
5987.T,34.4,0.0,33.9,売られ気味
4290.T,62.0,79.2,85.9,—
3151.T,72.0,93.7,93.3,買われ気味
334A.T,44.8,0.0,49.1,—
9101.T,62.3,89.2,91.1,—
5949.T,52.1,60.8,74.4,—
7893.T,71.1,84.3,90.9,買われ気味
4845.T,58.0,55.6,74.7,—
3672.T,49.0,40.0,52.2,—
5570.T,40.1,18.8,72.9,—
5582.T,49.3,45.8,72.0,—
6093.T,43.8,15.4,27.9,—
6904.T,52.8,63.6,71.2,—
1963.T,29.7,12.0,11.1,🟢売られすぎ＋反転(買い検討)
7822.T,45.3,27.3,62.1,—
6135.T,46.5,22.6,18.2,—
4428.T,57.4,62.8,81.0,—
332A.T,38.5,9.4,32.9,—
4973.T,37.3,15.0,20.2,—
7637.T,41.4,22.1,38.4,—
9381.T,47.0,14.4,27.1,—
5922.T,54.4,54.9,85.0,—
3153.T,40.6,26.6,42.9,—
9346.T,59.5,67.8,61.2,—
4074.T,76.5,95.2,98.1,買われ気味
5471.T,38.0,6.5,7.2,—
2307.T,60.1,72.9,69.0,—
4450.T,72.0,86.2,95.4,買われ気味
1726.T,,,,
1885.T,36.8,18.4,24.2,—
3004.T,47.0,7.8,57.3,—
7715.T,40.7,8.3,18.4,—
5331.T,29.3,10.7,8.8,🟢売られすぎ＋反転(買い検討)
7522.T,55.8,61.8,67.0,—
6266.T,49.6,22.8,55.6,—
9353.T,54.7,57.1,81.8,—
4175.T,70.2,76.6,78.7,買われ気味
2266.T,60.5,71.6,67.8,—
7740.T,50.6,32.8,32.5,—
1871.T,44.3,27.6,53.7,—
6486.T,48.4,31.6,61.9,—
4045.T,48.0,16.3,24.4,—
2429.T,66.1,81.4,89.5,—
7745.T,43.8,16.1,53.9,—
3106.T,46.3,26.9,18.3,—
340A.T,40.8,7.8,9.8,—
6298.T,35.8,9.1,16.7,—
6087.T,63.3,73.9,91.3,—
6436.T,68.4,75.2,85.3,—
7731.T,52.0,34.7,63.2,—
5247.T,40.8,8.3,44.6,—
6080.T,59.1,76.7,88.1,—
2926.T,64.6,76.5,86.6,—
6044.T,83.1,96.8,98.5,🔴買われすぎ
7138.T,51.4,33.8,51.3,—
4370.T,52.1,71.0,86.0,—
6835.T,45.4,40.9,71.0,—
3686.T,34.4,11.1,24.5,売られ気味
6837.T,38.3,3.7,5.2,—
5134.T,60.3,97.9,83.0,—
4477.T,72.3,80.6,91.1,買われ気味
1414.T,57.3,69.2,69.6,—
3865.T,60.6,74.5,87.7,—
6046.T,52.1,61.9,84.0,—
1718.T,48.4,55.6,42.1,—
3920.T,47.4,57.7,73.4,—
2689.T,47.3,36.2,50.8,—
2892.T,59.5,60.0,72.9,—
3836.T,68.0,86.7,85.6,—
3173.T,49.3,18.8,37.7,—
9405.T,68.3,93.7,93.0,—
3560.T,46.7,29.8,28.2,—
1418.T,77.6,65.5,64.8,買われ気味
7912.T,61.4,64.8,83.9,—
5071.T,58.1,90.1,88.5,—
6176.T,49.1,35.7,63.4,—
7078.T,35.9,0.0,38.7,—
4420.T,46.5,35.5,55.4,—
6258.T,42.5,18.4,59.9,—
3452.T,45.0,16.5,54.7,—
3925.T,45.7,33.9,59.8,—
9551.T,37.5,21.1,15.4,—
4576.T,50.7,31.6,50.7,—
4046.T,36.9,16.3,28.8,—
9765.T,47.9,42.2,61.2,—
3844.T,61.4,73.5,83.5,—
5288.T,49.7,56.0,79.5,—
6113.T,39.8,6.9,17.4,—
3036.T,48.2,26.4,61.8,—
3294.T,,,,
2811.T,65.8,90.1,78.0,—
2764.T,48.5,25.0,36.5,—
2173.T,55.2,86.2,88.2,—
3475.T,53.3,48.9,77.3,—
4917.T,,,,
5867.T,49.0,58.1,60.6,—
9790.T,47.6,38.2,53.9,—
4641.T,64.8,82.4,79.1,—
9832.T,60.4,72.4,75.8,—
9610.T,51.6,60.0,80.6,—
4366.T,39.5,16.5,24.9,—
6331.T,34.1,10.6,9.8,売られ気味
3798.T,63.1,83.5,89.4,—
7456.T,30.0,20.5,23.2,売られ気味
4733.T,65.6,82.6,77.6,—
3634.T,45.3,35.0,57.3,—
4318.T,63.0,85.9,85.8,—
7779.T,36.6,14.3,35.2,—
3169.T,38.5,51.9,40.2,—
6952.T,43.7,19.7,15.1,—
1939.T,41.7,17.7,18.4,—
5644.T,72.7,81.2,83.3,買われ気味
5851.T,37.6,16.2,16.4,—
9869.T,64.1,81.4,79.9,—
6347.T,44.4,35.1,78.4,—
190A.T,43.1,26.7,56.4,—
8117.T,56.9,64.2,79.8,—
6035.T,42.7,17.1,28.6,—
7552.T,63.1,63.3,72.5,—
2294.T,63.5,79.2,72.6,—
7994.T,49.1,52.1,53.7,—
7476.T,79.8,91.6,90.6,買われ気味
5599.T,60.9,61.9,78.2,—
7490.T,79.4,83.3,79.4,買われ気味
6273.T,45.3,19.8,47.2,—
3542.T,36.8,4.0,14.0,—
1833.T,45.4,20.0,31.7,—
7809.T,54.1,33.3,46.8,—
7987.T,58.7,68.4,71.4,—
8130.T,61.4,71.5,65.6,—
6180.T,58.0,78.9,81.3,—
8061.T,31.9,22.0,25.6,売られ気味
9640.T,45.4,41.7,73.1,—
2760.T,40.3,20.6,39.3,—
6237.T,63.5,74.2,84.6,—
7269.T,58.2,43.4,41.1,—
5133.T,53.0,62.7,74.0,—
2206.T,38.8,17.4,8.7,—
1434.T,38.4,18.1,38.6,—
5033.T,66.6,95.9,88.7,—
4972.T,43.2,47.7,74.4,—
4204.T,66.3,74.2,80.2,—
1721.T,39.4,14.2,28.3,—
4665.T,66.3,86.4,78.0,—
2327.T,68.1,91.2,88.0,—
6284.T,45.8,20.3,45.3,—
9236.T,48.0,64.5,70.6,—
7734.T,33.6,9.9,14.2,売られ気味
2001.T,57.6,68.0,48.5,—
4344.T,45.1,60.0,83.3,—
1926.T,35.5,15.9,15.3,—
6961.T,39.2,16.7,44.2,—
7821.T,53.4,53.7,62.1,—
7610.T,57.9,30.4,46.3,—
6744.T,43.8,29.5,44.1,—
2922.T,70.1,100.0,82.8,買われ気味
5930.T,52.3,24.1,31.4,—
5942.T,51.0,34.5,47.9,—
5955.T,45.9,40.0,57.6,—
5250.T,35.8,33.1,35.4,—
1444.T,51.8,66.9,76.0,—
3984.T,56.3,73.6,86.9,—
9087.T,50.0,5.9,6.5,—
2002.T,60.8,80.2,72.1,—
6516.T,28.3,11.6,10.7,🟢売られすぎ＋反転(買い検討)
6814.T,60.0,73.5,82.5,—
7131.T,52.7,61.6,71.4,—
9319.T,53.7,63.1,69.3,—
1401.T,44.2,0.0,10.1,—
5975.T,45.3,24.2,45.0,—
4433.T,54.8,48.4,59.6,—
3657.T,64.5,70.0,81.0,—
8275.T,51.1,34.8,37.7,—
9684.T,54.2,66.8,59.4,—
5242.T,84.9,96.4,95.6,🔴買われすぎ
9368.T,61.2,63.0,69.2,—
7414.T,65.5,77.3,85.5,—
3156.T,30.5,11.5,10.4,売られ気味
6840.T,33.1,10.7,15.3,売られ気味
6810.T,39.2,17.3,14.8,—
4326.T,72.0,89.5,87.4,買われ気味
3252.T,45.8,23.7,55.1,—
7683.T,53.2,22.9,16.0,—
2315.T,51.2,45.5,74.1,—
3983.T,69.5,91.5,90.9,—
3935.T,55.0,48.6,62.1,—
6579.T,52.1,62.1,70.1,—
3656.T,42.3,19.6,30.4,—
9830.T,57.5,55.1,80.5,—
6013.T,38.4,11.1,17.2,—
9474.T,65.2,76.3,82.8,—
4261.T,41.7,48.8,60.0,—
9685.T,51.7,27.3,30.3,—
4395.T,41.9,3.4,13.0,—
3489.T,63.1,64.7,81.6,—
7974.T,56.2,73.3,56.4,—
8739.T,52.3,30.3,63.2,—
7874.T,52.6,54.4,67.0,—
6653.T,37.6,16.4,26.8,—
4421.T,54.3,34.8,41.3,—
8008.T,69.4,64.1,70.5,—
6136.T,50.2,26.1,48.9,—
7246.T,51.2,58.0,74.6,—
4927.T,66.9,82.0,80.0,—
6728.T,47.1,18.7,48.2,—
7080.T,46.5,23.8,37.6,—
3040.T,48.0,50.3,67.6,—
2432.T,38.6,6.6,14.6,—
500A.T,46.1,44.8,67.1,—
6928.T,25.8,5.9,15.0,🟢売られすぎ
6195.T,45.4,30.8,67.2,—
6947.T,42.4,9.7,26.5,—
5279.T,48.9,11.3,51.9,—
6668.T,42.0,0.0,41.2,—
7504.T,55.6,37.6,59.8,—
478A.T,42.6,21.8,41.7,—
3645.T,47.9,40.7,71.9,—
7242.T,61.7,86.4,92.8,—
2004.T,68.6,93.0,75.4,—
3180.T,58.2,80.4,77.8,—
9564.T,60.6,70.3,75.6,—
7325.T,43.7,24.2,57.5,—
368A.T,64.5,57.0,63.6,—
3929.T,36.4,0.0,6.6,—
1965.T,45.9,22.9,48.6,—
6177.T,45.8,46.2,72.8,—
2326.T,58.1,80.0,86.1,—
6543.T,50.5,43.2,40.1,—
2986.T,40.6,11.2,28.7,—
520A.T,31.9,35.0,56.7,売られ気味
3690.T,57.1,74.1,80.5,—
3457.T,38.0,14.8,10.6,—
4057.T,41.9,7.0,13.5,—
8060.T,51.2,46.8,58.5,—
6045.T,65.7,81.0,91.5,—
3652.T,35.6,16.2,34.8,—
7278.T,45.6,20.5,36.7,—
1975.T,39.9,9.1,18.7,—
2674.T,63.1,72.1,78.8,—
2303.T,43.2,12.0,18.1,—
6317.T,43.5,11.6,36.1,—
6144.T,49.4,31.2,67.5,—
2586.T,38.7,0.0,8.3,—
5310.T,33.8,15.0,19.5,売られ気味
7282.T,45.9,22.9,28.8,—
3771.T,52.0,56.4,74.5,—
7775.T,62.1,70.8,80.0,—
2109.T,62.9,85.7,79.7,—
7353.T,41.0,20.0,40.7,—
1959.T,37.7,17.2,30.8,—
2782.T,56.4,79.0,70.2,—
6302.T,43.7,24.4,38.4,—
6951.T,59.0,56.6,82.7,—
6807.T,54.8,70.1,84.0,—
7164.T,55.5,37.5,49.2,—
9746.T,72.9,86.2,85.0,買われ気味
3985.T,49.0,30.0,58.9,—
4389.T,55.1,46.7,56.3,—
9416.T,48.0,57.6,67.5,—
6768.T,39.3,24.4,39.9,—
7373.T,31.7,9.1,7.2,売られ気味
3168.T,43.8,22.0,40.7,—
8007.T,57.3,61.4,80.3,—
3024.T,85.8,97.3,96.8,🔴買われすぎ
7110.T,51.8,60.4,63.5,—
5621.T,71.2,86.3,94.5,買われ気味
6402.T,51.6,21.5,68.2,—
4768.T,62.8,88.2,87.9,—
6745.T,37.9,14.0,24.4,—
7839.T,60.5,82.6,86.9,—
5714.T,32.1,17.1,26.3,売られ気味
2875.T,60.9,84.0,64.6,—
6806.T,42.4,13.7,25.6,—
5933.T,48.1,27.6,52.9,—
7701.T,61.0,54.4,64.8,—
8771.T,61.1,61.1,78.8,—
7781.T,54.3,28.7,36.7,—
3916.T,78.2,91.2,92.2,買われ気味
8111.T,56.6,60.5,64.9,—
7966.T,57.1,44.4,46.9,—
8131.T,57.9,46.9,50.8,—
3087.T,72.5,90.3,81.2,買われ気味
9682.T,67.5,88.2,85.0,—
3566.T,50.3,36.1,38.8,—
3640.T,49.3,44.1,65.2,—
6560.T,56.0,61.4,58.9,—
6480.T,37.5,13.0,11.0,—
6638.T,56.5,58.7,85.0,—
5162.T,54.6,66.7,68.6,—
6578.T,65.5,75.9,68.0,—
5290.T,37.1,19.2,43.3,—
3921.T,63.6,65.5,70.6,—
7064.T,51.4,38.5,63.5,—
6492.T,42.3,7.4,14.5,—
3776.T,50.7,35.7,51.8,—
2805.T,66.0,76.5,77.7,—
9537.T,59.2,92.0,93.7,—
6465.T,49.6,26.7,18.2,—
6724.T,52.2,57.4,72.6,—
6914.T,33.0,9.6,12.4,売られ気味
3080.T,62.4,92.3,94.9,—
7035.T,56.8,42.9,57.1,—
3900.T,51.0,42.5,65.0,—
9889.T,72.9,82.8,87.6,買われ気味
1944.T,37.5,10.3,16.7,—
3441.T,38.6,9.2,12.8,—
8218.T,54.1,47.1,28.1,—
4571.T,40.4,8.3,42.9,—
2924.T,50.3,68.5,74.0,—
9562.T,43.1,63.6,51.2,—
3676.T,47.4,25.9,38.3,—
7762.T,42.4,12.4,25.9,—
8113.T,59.0,70.0,59.1,—
6240.T,48.5,45.9,70.3,—
2659.T,47.5,20.4,25.2,—
4800.T,68.2,65.9,67.5,—
4403.T,47.1,37.8,49.8,—
336A.T,53.7,58.4,76.3,—
7115.T,57.9,64.7,69.7,—
6201.T,,,,
6474.T,45.3,13.3,47.8,—
9644.T,53.5,33.3,45.9,—
3443.T,43.2,15.1,21.6,—
4187.T,43.0,17.7,27.2,—
6498.T,37.0,14.1,23.6,—
1429.T,49.0,14.3,38.1,—
3719.T,34.4,11.1,29.7,売られ気味
7823.T,54.4,50.0,66.5,—
4166.T,43.6,7.5,37.4,—
2428.T,61.6,70.0,80.2,—
2813.T,55.4,40.7,45.8,—
6196.T,58.3,68.3,85.2,—
9795.T,44.2,9.5,29.1,—
228A.T,46.2,22.8,44.8,—
255A.T,37.2,12.3,19.3,—
3360.T,72.1,90.7,92.5,買われ気味
4274.T,45.1,14.4,38.0,—
7792.T,46.7,30.2,41.5,—
4174.T,51.4,26.2,49.7,—
4932.T,64.1,70.9,75.2,—
9962.T,40.8,17.0,20.3,—
9364.T,56.5,20.6,35.3,—
6566.T,53.3,45.1,57.9,—
4888.T,41.4,23.3,57.8,—
4709.T,61.9,77.1,85.2,—
6539.T,64.9,84.6,86.3,—
4393.T,46.1,19.1,44.4,—
7619.T,56.8,68.6,66.7,—
8153.T,61.8,84.6,77.3,—
6577.T,60.9,60.5,75.7,—
3423.T,42.2,22.2,55.6,—
3726.T,49.0,45.2,64.0,—
4919.T,65.3,86.5,88.7,—
7721.T,47.3,16.1,31.2,—
150A.T,93.1,100.0,94.7,🔴買われすぎ
6194.T,79.0,89.8,91.8,買われ気味
7224.T,36.6,21.7,27.0,—
4275.T,42.8,15.2,40.3,—
4885.T,40.8,9.0,23.3,—
4967.T,48.1,36.1,35.2,—
2991.T,41.2,4.2,45.7,—
3647.T,44.4,6.4,14.0,—
9824.T,45.4,27.7,33.9,—
2267.T,55.6,59.5,51.3,—
2304.T,64.7,74.6,81.9,—
7191.T,49.0,33.3,47.0,—
6651.T,32.4,9.8,15.2,売られ気味
151A.T,54.4,50.0,71.4,—
6334.T,54.3,22.1,19.9,—
3901.T,51.7,59.2,70.4,—
3150.T,65.2,81.3,85.3,—
3444.T,41.4,11.2,16.4,—
3928.T,34.1,15.4,41.0,売られ気味
6988.T,53.0,44.7,69.3,—
4811.T,63.2,89.8,82.1,—
9331.T,42.5,4.2,15.4,—
4558.T,50.9,66.7,77.8,—
7094.T,58.8,76.4,87.1,—
1848.T,53.5,36.5,53.8,—
2288.T,56.7,60.0,43.3,—
9237.T,59.8,73.7,57.4,—
250A.T,49.9,35.1,60.4,—
2146.T,59.2,76.9,77.3,—
2354.T,70.6,80.5,82.5,買われ気味
6088.T,56.6,72.4,75.2,—
2753.T,52.4,46.8,42.5,—
4323.T,57.3,61.6,70.5,—
8115.T,53.4,69.8,71.3,—
5903.T,65.0,46.2,51.3,—
7716.T,58.4,77.0,80.1,—
7956.T,56.1,12.6,24.4,—
3922.T,30.2,2.8,4.3,売られ気味
6841.T,49.8,23.4,27.3,—
6454.T,52.4,33.8,46.0,—
2573.T,35.9,62.5,76.9,—
2929.T,49.5,47.4,60.0,—
2112.T,50.9,35.7,61.3,—
5482.T,47.8,24.7,31.4,—
2139.T,61.0,56.0,79.2,—
4783.T,53.5,45.2,52.5,—
4013.T,59.6,78.0,88.8,—
4890.T,48.2,28.6,31.7,—
3992.T,55.9,52.9,74.3,—
7014.T,49.1,31.5,46.6,—
9307.T,63.1,96.3,95.3,—
2751.T,58.4,66.7,65.9,—
2376.T,49.4,8.3,6.9,—
5533.T,64.6,77.2,80.6,—
5929.T,55.5,46.1,33.6,—
4498.T,54.2,69.8,82.2,—
4933.T,47.3,62.2,82.0,—
9367.T,43.8,11.3,47.3,—
9927.T,,,,
3591.T,55.1,77.7,66.0,—
5257.T,48.5,41.4,44.6,—
4203.T,46.4,19.7,45.1,—
3075.T,78.8,75.7,80.7,買われ気味
5721.T,38.7,18.2,13.8,—
7134.T,75.3,84.0,84.2,買われ気味
6184.T,67.4,79.4,90.1,—
3744.T,49.8,51.1,50.1,—
4523.T,65.1,98.3,80.0,—
9423.T,47.6,40.0,60.0,—
3635.T,55.5,55.1,44.4,—
5991.T,38.5,16.0,19.7,—
9735.T,64.5,91.7,84.1,—
5214.T,32.4,11.9,13.8,売られ気味
2130.T,51.1,49.7,71.0,—
9216.T,54.0,63.4,81.4,—
4481.T,64.6,79.8,85.6,—
4722.T,85.1,91.1,92.0,🔴買われすぎ
3221.T,44.1,22.4,44.9,—
4838.T,52.5,61.1,77.1,—
4151.T,61.4,54.8,55.4,—
6037.T,40.8,6.9,9.0,—
7832.T,71.4,87.1,82.5,買われ気味
3495.T,41.6,35.0,54.4,—
5105.T,63.3,87.1,90.5,—
4528.T,54.7,52.3,31.0,—
3837.T,52.5,47.0,64.2,—
3626.T,62.2,94.8,85.9,—
303A.T,48.5,84.6,89.7,—
4596.T,48.1,16.7,22.2,—
4208.T,55.5,46.3,72.1,—
4582.T,43.5,8.0,14.4,—
8132.T,43.4,66.7,61.2,—
3747.T,43.6,33.8,69.8,—
8089.T,59.4,90.2,92.3,—
1515.T,57.1,78.4,88.4,—
5256.T,47.3,46.6,71.9,—
145A.T,46.0,33.3,52.4,—
5269.T,54.5,55.6,74.2,—
2980.T,46.7,43.1,60.2,—
2531.T,50.1,56.5,59.1,—
5580.T,63.3,66.8,72.8,—
4848.T,76.9,88.4,89.0,買われ気味
5572.T,45.6,27.1,42.4,—
254A.T,71.1,82.6,82.7,買われ気味
4816.T,74.0,87.4,88.3,買われ気味
7793.T,36.4,14.5,18.9,—
4751.T,58.1,56.5,62.3,—
3562.T,59.2,62.1,75.9,—
3116.T,52.0,58.4,60.8,—
6101.T,43.0,16.3,23.8,—
3088.T,64.0,90.0,76.4,—
2208.T,61.8,65.6,67.5,—
9421.T,28.9,4.0,10.6,🟢売られすぎ
3649.T,59.8,61.7,70.9,—
9818.T,35.3,36.9,27.3,—
6235.T,34.3,16.9,15.8,売られ気味
2726.T,44.2,5.2,5.5,—
5034.T,55.4,54.5,72.7,—
9941.T,50.2,35.9,40.1,—
9068.T,53.8,54.3,54.8,—
476A.T,63.1,71.7,79.3,—
7183.T,58.5,25.0,25.0,—
5108.T,73.1,90.3,93.2,買われ気味
9256.T,51.3,28.1,52.1,—
7059.T,55.7,63.2,76.6,—
4912.T,57.7,48.5,30.8,—
9880.T,30.3,11.4,10.7,売られ気味
7867.T,77.8,85.1,87.2,買われ気味
4597.T,50.8,40.0,63.3,—
6658.T,38.7,9.7,25.1,—
4345.T,53.3,41.1,53.3,—
1333.T,62.4,79.9,74.0,—
1980.T,39.3,12.5,18.7,—
5031.T,40.4,11.1,44.3,—
2117.T,62.5,81.9,77.8,—
7570.T,46.0,9.6,38.3,—
6800.T,31.4,6.7,18.2,売られ気味
2780.T,49.9,56.8,76.7,—
219A.T,41.8,10.9,26.9,—
2217.T,74.3,100.0,90.9,買われ気味
5699.T,35.4,0.0,53.8,—
7694.T,49.4,68.5,47.2,—
8151.T,41.3,14.0,36.5,—
6134.T,41.8,17.0,23.9,—
299A.T,60.5,63.9,68.1,—
3788.T,58.4,71.1,81.6,—
5337.T,46.7,24.0,25.0,—
350A.T,47.3,28.7,53.0,—
7840.T,60.2,82.5,82.0,—
146A.T,54.6,52.5,70.4,—
9928.T,59.1,73.9,75.0,—
3558.T,53.8,59.5,70.2,—
3329.T,64.3,98.3,94.8,—
4193.T,52.0,17.6,46.6,—
3140.T,23.7,0.0,3.5,🟢売られすぎ
6845.T,41.4,15.6,21.7,—
1921.T,44.5,22.8,40.1,—
6018.T,60.8,66.7,84.1,—
4264.T,46.2,22.2,44.6,—
1898.T,50.4,19.6,39.2,—
7177.T,53.9,62.8,77.4,—
4985.T,49.4,22.7,28.0,—
6994.T,36.4,6.9,11.4,—
7818.T,36.1,7.8,28.6,—
4375.T,44.8,25.0,52.2,—
6551.T,64.7,78.8,86.2,—
1969.T,36.5,6.7,16.2,—
6707.T,40.2,10.5,11.0,—
4404.T,59.5,79.0,81.5,—
3791.T,23.1,1.5,14.3,🟢売られすぎ
6869.T,66.5,98.1,77.2,—
6526.T,38.0,7.1,17.3,—
7357.T,68.6,41.9,78.3,—
9159.T,44.7,45.7,39.2,—
3664.T,43.1,25.0,61.7,—
4979.T,40.1,11.6,31.0,—
4825.T,39.4,5.0,34.3,—
9948.T,62.0,73.9,66.2,—
2269.T,54.3,44.7,24.2,—
5713.T,33.7,14.3,28.6,売られ気味
8929.T,52.2,78.8,85.1,—
4168.T,56.2,47.7,76.5,—
2809.T,67.3,87.4,79.7,—
4966.T,40.6,15.6,27.1,—
2667.T,36.6,10.0,48.9,—
8070.T,51.1,48.9,66.0,—
5698.T,40.6,38.1,46.0,—
4320.T,55.5,53.9,75.4,—
7481.T,48.5,12.0,29.5,—
7033.T,52.3,75.6,77.9,—
3931.T,46.0,4.9,25.9,—
5631.T,39.8,10.1,25.6,—
5703.T,35.8,20.1,40.0,—
5857.T,41.5,27.0,61.9,—
6471.T,39.5,19.8,27.5,—
5869.T,55.2,52.8,72.7,—
2593.T,65.9,91.2,75.8,—
3271.T,61.9,75.0,66.7,—
3538.T,60.0,68.1,80.1,—
8105.T,32.2,15.4,12.9,売られ気味
4928.T,67.2,83.1,80.5,—
4658.T,49.3,25.2,46.4,—
4237.T,41.1,17.6,30.7,—
1417.T,34.8,16.3,24.5,売られ気味
9417.T,46.0,2.7,3.7,—
2331.T,62.1,90.0,86.1,—
1723.T,34.8,9.1,17.5,売られ気味
6962.T,33.6,11.6,11.5,売られ気味
6785.T,39.7,16.4,24.0,—
7443.T,52.8,24.2,26.6,—
4099.T,34.6,11.0,13.2,売られ気味
4109.T,28.4,10.3,18.2,🟢売られすぎ
4820.T,63.9,93.9,97.0,—
6996.T,33.9,4.5,7.9,売られ気味
2410.T,59.6,43.2,61.9,—
5393.T,28.9,8.1,8.8,🟢売られすぎ
7261.T,55.3,57.1,49.6,—
5574.T,52.6,35.6,50.2,—
4975.T,32.2,10.2,12.1,売られ気味
2998.T,47.1,43.2,57.1,—
7826.T,31.4,11.9,16.6,売られ気味
1961.T,38.4,6.7,17.1,—
4579.T,37.9,15.1,43.5,—
6440.T,43.1,25.5,55.9,—
9556.T,49.6,44.0,49.4,—
7081.T,47.5,34.5,51.3,—
5027.T,56.9,65.6,73.8,—
4182.T,35.9,15.6,24.3,—
6617.T,50.4,50.7,74.4,—
6584.T,36.4,16.6,19.1,—
6775.T,42.8,11.1,37.0,—
479A.T,47.5,29.2,63.9,—
4527.T,55.7,65.5,60.0,—
3741.T,32.8,13.6,12.5,売られ気味
7939.T,49.2,14.0,27.8,—
3763.T,63.5,68.6,73.5,—
2317.T,56.1,74.4,80.0,—
6099.T,69.0,81.5,81.1,—
8139.T,36.7,41.9,66.5,—
8198.T,54.0,84.6,63.3,—
4398.T,40.4,12.5,58.8,—
4575.T,56.0,52.9,71.4,—
2127.T,56.7,61.3,67.5,—
6396.T,49.9,13.9,26.9,—
6616.T,28.3,6.9,6.1,🟢売られすぎ＋反転(買い検討)
1840.T,54.5,57.1,83.3,—
4075.T,41.9,20.7,55.5,—
3393.T,56.7,43.7,64.1,—
9816.T,46.6,88.2,90.4,—
4812.T,77.8,90.7,91.7,買われ気味
4293.T,52.2,58.6,76.6,—
7606.T,48.5,48.6,51.7,—
4536.T,45.8,10.4,5.6,—
4199.T,51.9,39.2,60.1,—
6622.T,36.6,9.3,16.0,—
3105.T,43.8,13.2,28.5,—
300A.T,51.2,27.7,34.9,—
3989.T,68.9,60.9,83.9,—
324A.T,44.2,57.6,70.6,—
3936.T,46.5,39.3,64.6,—
5586.T,52.8,64.0,82.9,—
7068.T,68.0,92.2,92.8,—
2379.T,50.3,53.3,54.7,—
4015.T,81.6,87.8,89.3,🔴買われすぎ
9238.T,45.6,22.5,48.3,—
2459.T,43.0,53.8,66.4,—
4684.T,65.4,92.6,85.7,—
4118.T,47.2,19.0,48.9,—
6058.T,44.2,20.0,38.1,—
335A.T,35.6,21.4,31.0,—
5287.T,38.9,12.7,14.7,—
5028.T,43.5,22.8,47.5,—
3823.T,48.7,50.0,78.6,—
147A.T,46.5,19.7,50.2,—
6856.T,43.5,15.3,61.0,—
148A.T,42.6,0.0,20.1,—
4446.T,49.7,1.5,19.5,—
9602.T,67.4,87.9,83.2,—
4493.T,49.4,35.5,57.5,—
9960.T,45.0,10.9,23.5,—
2749.T,57.9,75.5,84.7,—
519A.T,56.3,60.0,70.4,—
4055.T,35.5,13.9,22.1,—
9517.T,74.1,86.9,94.9,買われ気味
3712.T,67.7,92.1,92.3,—
2801.T,60.3,67.1,42.6,—
4063.T,48.5,40.8,68.8,—
7636.T,64.1,100.0,94.9,—
7236.T,51.3,32.1,50.3,—
9759.T,67.1,89.9,88.0,—
7461.T,50.7,35.0,30.4,—
3323.T,53.4,50.0,74.2,—
7283.T,57.6,61.6,77.4,—
7719.T,50.2,30.4,62.1,—
2804.T,69.5,99.0,90.3,—
4192.T,52.2,55.9,79.0,—
7089.T,51.1,40.0,53.6,—
3762.T,63.5,86.6,87.5,—
6055.T,42.0,16.5,37.1,—
4813.T,32.0,57.1,55.7,売られ気味
3804.T,44.7,64.1,78.9,—
3708.T,68.9,80.5,89.6,—
6254.T,38.6,9.1,12.2,—
9936.T,66.9,81.7,80.6,—
9560.T,61.6,59.0,70.9,—
5612.T,40.1,0.0,14.0,—
7774.T,47.8,31.6,67.1,—
5334.T,34.4,12.0,20.8,売られ気味
6023.T,45.4,27.5,52.6,—
4382.T,43.7,25.0,38.2,—
6086.T,57.4,77.9,57.2,—
4495.T,46.2,52.6,67.0,—
4286.T,52.9,56.7,64.5,—
173A.T,74.5,98.1,94.8,買われ気味
366A.T,43.1,1.4,42.5,—
4584.T,46.1,33.3,63.6,—
4923.T,64.4,81.2,71.5,—
1431.T,45.7,35.0,66.1,—
5285.T,51.2,37.4,70.2,—
8282.T,32.8,8.1,7.6,売られ気味
5905.T,40.7,0.0,10.2,—
5333.T,35.1,9.3,12.2,—
4347.T,53.4,61.8,65.3,—
9385.T,67.1,78.6,89.9,—
7906.T,63.9,71.7,85.2,—
3840.T,50.6,41.7,60.0,—
3593.T,,,,
6727.T,28.6,14.3,9.9,🟢売られすぎ＋反転(買い検討)
9691.T,59.2,0.0,0.0,—
2201.T,60.8,58.8,47.0,—
3031.T,60.7,87.0,86.2,—
6545.T,66.7,68.5,58.6,—
1951.T,34.1,21.0,19.5,売られ気味
1801.T,40.5,8.4,24.7,—
4189.T,60.0,44.9,73.5,—
9436.T,51.2,49.1,64.8,—
5885.T,38.8,13.7,24.2,—
1942.T,35.1,10.3,17.1,—
3845.T,44.8,49.1,73.1,—
4165.T,59.7,80.4,85.7,—
4828.T,64.8,87.4,90.2,—
7378.T,49.3,40.0,67.3,—
3633.T,57.0,57.4,76.8,—
8919.T,43.1,22.7,57.6,—
8783.T,27.8,0.0,4.2,🟢売られすぎ
3660.T,59.2,70.4,86.2,—
5992.T,37.9,37.9,47.0,—
4583.T,44.7,28.6,42.7,—
6548.T,41.0,38.5,57.3,—
7259.T,46.4,37.7,42.7,—
8167.T,53.3,61.8,42.7,—
4043.T,42.2,23.9,33.1,—
2321.T,41.2,13.3,39.3,—
6473.T,47.5,35.5,58.1,—
1909.T,51.7,42.9,31.0,—
4538.T,68.3,95.4,86.6,—
4441.T,61.8,71.6,78.1,—
6614.T,44.2,14.4,57.0,—
7729.T,41.8,13.0,34.9,—
9435.T,52.5,72.5,85.3,—
9989.T,56.4,75.2,58.3,—
4056.T,40.6,32.1,54.8,—
4549.T,42.2,32.4,44.4,—
253A.T,43.8,24.6,50.5,—
4437.T,43.3,12.0,27.8,—
6330.T,36.3,6.9,7.9,—
9039.T,67.8,87.8,92.8,—
1948.T,72.3,16.7,27.8,買われ気味
5029.T,64.8,69.9,64.5,—
8097.T,68.6,85.2,88.0,—
7995.T,32.7,12.8,16.9,売られ気味
4396.T,63.1,82.6,88.3,—
6573.T,53.1,55.6,48.1,—
5384.T,43.0,15.8,30.5,—
369A.T,52.8,43.0,68.1,—
9561.T,44.4,48.5,47.7,—
3683.T,56.9,68.1,67.4,—
3317.T,60.5,69.2,80.1,—
8923.T,58.2,52.8,76.5,—
274A.T,68.1,79.5,89.1,—
4896.T,54.9,64.0,82.7,—
7730.T,32.5,12.6,28.9,売られ気味
7317.T,54.9,45.5,52.5,—
9342.T,39.1,6.4,37.2,—
6301.T,41.2,11.6,28.2,—
5575.T,79.0,88.5,96.2,買われ気味
6696.T,46.7,12.6,25.2,—
4242.T,53.6,38.0,68.0,—
446A.T,73.6,99.5,90.4,買われ気味
9554.T,44.5,18.9,52.4,—
6855.T,34.7,12.7,12.5,売られ気味
4676.T,49.8,44.4,62.1,—
9757.T,70.7,85.5,83.6,買われ気味
4968.T,54.2,45.6,78.3,—
6323.T,47.7,20.3,47.6,—
6555.T,39.8,7.4,25.8,—
6490.T,43.8,10.0,27.5,—
7291.T,53.1,52.6,68.8,—
7564.T,27.6,3.5,1.6,🟢売られすぎ＋反転(買い検討)
6407.T,40.5,10.9,28.4,—
3964.T,52.5,53.7,66.7,—
6268.T,40.5,14.4,32.0,—
7944.T,43.5,32.3,41.5,—
4425.T,43.5,18.0,53.1,—
3038.T,54.0,78.0,66.1,—
7345.T,57.4,45.6,48.1,—
3539.T,66.6,90.2,89.6,—
9913.T,36.8,24.8,22.3,—
1436.T,41.1,11.5,30.3,—
7812.T,72.7,92.2,94.8,買われ気味
2270.T,54.5,44.4,43.0,—
5254.T,64.6,77.6,82.0,—
6315.T,41.7,10.9,34.5,—
3696.T,59.8,38.8,57.2,—
6866.T,39.4,15.6,28.4,—
2156.T,47.1,58.8,86.3,—
4397.T,57.1,72.6,75.3,—
4180.T,55.8,70.2,76.7,—
9882.T,63.5,70.0,69.2,—
8836.T,49.6,20.0,26.7,—
4092.T,51.9,59.8,71.9,—
9697.T,67.1,83.7,73.5,—
6954.T,40.6,20.7,32.2,—
9744.T,74.1,89.5,88.5,買われ気味
2997.T,94.7,97.1,97.0,🔴買われすぎ
2163.T,58.5,50.0,65.8,—
4288.T,47.5,16.7,41.0,—
5616.T,45.7,56.9,70.5,—
5351.T,67.0,83.0,85.9,—
4499.T,38.4,12.1,37.5,—
1446.T,66.2,66.7,81.3,—
4371.T,46.1,29.4,56.9,—
421A.T,65.4,71.1,80.1,—
4019.T,49.4,32.8,61.3,—
9658.T,57.0,69.4,77.4,—
2124.T,76.3,80.4,90.8,買われ気味
8056.T,61.2,90.1,84.9,—
3694.T,41.7,18.9,36.9,—
3191.T,64.4,87.3,68.3,—
4369.T,41.5,24.6,53.5,—
7368.T,50.8,56.2,74.6,—
6955.T,33.8,7.2,5.8,売られ気味
2685.T,48.9,32.2,51.3,—
5252.T,47.5,25.9,34.7,—
4194.T,61.5,85.9,79.1,—
4444.T,59.9,55.7,77.3,—
4484.T,71.4,100.0,97.1,買われ気味
4073.T,42.7,31.2,68.7,—
4246.T,45.6,26.9,51.3,—
3914.T,46.5,24.4,32.4,—
3177.T,64.2,64.6,69.4,—
7036.T,58.0,100.0,90.2,—
4021.T,37.9,14.0,14.7,—
6632.T,51.2,60.9,65.2,—
2211.T,68.9,89.4,82.7,—
6965.T,37.3,14.6,18.7,—
3979.T,61.5,85.5,94.0,—
7599.T,39.6,10.6,13.6,—
7581.T,86.5,92.8,88.4,🔴買われすぎ
6861.T,36.3,14.5,13.7,—
6819.T,56.3,72.2,79.8,—
2970.T,31.9,21.8,28.5,売られ気味
3433.T,37.5,14.6,28.6,—
6200.T,57.9,76.7,81.4,—
6208.T,38.1,11.7,27.4,—
2375.T,45.3,50.0,42.6,—
6368.T,38.3,16.0,32.0,—
6457.T,54.8,69.5,83.8,—
7760.T,39.9,12.2,15.6,—
4539.T,52.7,49.3,54.4,—
6645.T,39.9,14.5,21.5,—
6503.T,35.9,17.3,26.3,—
7735.T,49.1,12.8,55.7,—
5341.T,32.2,7.9,27.0,売られ気味
2180.T,64.9,25.0,19.4,—
4419.T,64.8,74.6,83.1,—
6754.T,35.8,9.8,11.2,—
5884.T,44.9,25.0,48.2,—
7198.T,46.7,40.0,67.5,—
5588.T,49.1,41.3,55.7,—
6963.T,38.3,9.2,12.1,—
9439.T,57.7,15.7,24.2,—
9065.T,48.4,34.5,39.3,—
1384.T,29.2,3.7,20.5,🟢売られすぎ
4594.T,45.9,22.2,48.9,—
8931.T,71.7,92.8,92.5,買われ気味
4592.T,43.4,41.6,57.2,—
4563.T,46.0,20.0,48.3,—
3661.T,57.9,58.1,73.6,—
4256.T,55.5,70.1,74.9,—
4937.T,47.3,54.1,46.3,—
4894.T,46.5,34.8,51.8,—
3237.T,52.7,26.1,44.5,—
2937.T,59.1,81.2,86.9,—
4377.T,54.2,52.5,68.9,—
8095.T,52.8,34.0,41.8,—
7776.T,46.1,25.9,57.0,—
4071.T,36.2,6.4,7.1,—
4765.T,51.3,65.1,79.8,—
330A.T,52.9,44.6,59.6,—
6522.T,45.8,19.7,37.0,—
6757.T,59.6,71.0,79.8,—
4196.T,65.8,73.5,74.1,—
7202.T,54.8,57.8,60.5,—
6182.T,32.2,0.7,34.5,売られ気味
7088.T,,,,
6504.T,31.7,14.8,18.7,売られ気味
6941.T,43.0,18.0,35.6,—
4887.T,45.0,24.8,39.4,—
9424.T,49.9,52.9,74.5,—
7096.T,59.7,62.3,74.0,—
3695.T,36.1,87.5,90.0,—
4598.T,37.7,12.5,38.2,—
4082.T,31.8,7.0,11.1,売られ気味
3854.T,50.6,47.5,59.6,—
3727.T,43.1,25.0,47.0,—
7868.T,39.6,8.0,14.5,—
6506.T,32.2,7.3,9.7,売られ気味
4771.T,43.7,21.7,34.6,—
2597.T,54.2,36.1,42.6,—
4570.T,41.9,14.5,47.7,—
276A.T,58.6,55.9,79.9,—
2894.T,50.3,60.0,60.0,—
8230.T,55.6,37.5,75.5,—
6597.T,36.1,11.5,14.1,—
4442.T,50.1,46.4,78.8,—
3521.T,57.9,87.5,87.5,—
1815.T,44.8,9.6,43.9,—
3769.T,65.3,75.5,73.0,—
6674.T,32.3,12.8,13.1,売られ気味
5332.T,37.8,14.3,16.2,—
280A.T,26.1,0.0,8.5,🟢売られすぎ
1419.T,49.7,40.1,49.7,—
4578.T,50.5,31.5,31.1,—
4422.T,36.4,11.7,26.4,—
4412.T,52.6,32.4,58.0,—
4418.T,65.3,64.8,79.7,—
5817.T,53.3,53.2,75.1,—
338A.T,45.5,25.2,40.9,—
4431.T,64.3,86.3,70.6,—
9412.T,28.9,9.0,7.0,🟢売られすぎ＋反転(買い検討)
5985.T,34.1,5.7,8.0,売られ気味
6568.T,40.4,20.0,28.1,—
3091.T,71.2,91.6,85.3,買われ気味
4386.T,56.6,66.7,74.4,—
7041.T,64.6,81.1,89.5,—
5032.T,49.2,64.7,76.5,—
4379.T,42.9,23.3,53.0,—
6226.T,56.4,49.6,74.9,—
6383.T,34.9,13.5,17.6,売られ気味
6278.T,33.1,8.3,21.6,売られ気味
6702.T,48.7,41.3,30.4,—
4478.T,64.2,85.2,93.1,—
9343.T,51.3,51.9,71.3,—
7463.T,56.7,64.1,68.2,—
4766.T,51.2,64.3,72.0,—
4587.T,39.8,9.0,8.2,—
3276.T,94.3,91.7,84.7,🔴買われすぎ
9946.T,48.2,6.0,38.3,—
3496.T,59.1,71.4,86.4,—
4732.T,67.6,49.9,42.6,—
138A.T,41.2,3.2,11.6,—
6376.T,52.8,37.4,42.1,—
6367.T,49.0,10.0,30.3,—
215A.T,48.7,9.4,12.1,—
4022.T,39.8,9.6,21.3,—
7073.T,64.5,70.4,73.0,—
7082.T,68.4,62.5,70.0,—
9793.T,38.2,25.0,34.2,—
153A.T,41.8,25.0,42.8,—
8032.T,53.9,62.1,83.9,—
4058.T,60.0,72.1,85.8,—
9246.T,47.9,32.4,45.5,—
155A.T,42.8,18.4,48.6,—
3415.T,60.4,66.4,68.5,—
4107.T,36.2,6.3,7.1,—
4519.T,46.4,26.4,15.1,—
7356.T,59.3,85.7,90.5,—
7794.T,32.0,7.8,6.8,売られ気味
156A.T,46.2,22.6,39.9,—
6481.T,40.7,16.2,26.9,—
3372.T,49.2,33.3,66.7,—
4016.T,63.4,68.3,75.8,—
3093.T,42.8,3.7,22.0,—
4482.T,41.9,0.0,56.6,—
2668.T,47.9,40.0,53.3,—
3850.T,54.0,49.1,34.2,—
4415.T,54.8,62.1,83.2,—
5344.T,33.5,9.7,14.9,売られ気味
505A.T,70.7,79.3,90.0,買われ気味
6736.T,44.7,10.2,12.1,—
4179.T,44.2,8.2,10.8,—
7120.T,57.8,63.9,71.3,—
5038.T,58.9,68.9,73.0,—
6387.T,35.6,10.9,18.3,—
3405.T,65.9,91.6,92.8,—
9686.T,55.1,71.0,81.5,—
296A.T,49.1,58.3,56.5,—
6083.T,59.8,51.8,59.5,—
7711.T,37.7,14.5,49.8,—
323A.T,35.9,27.4,22.0,—
6532.T,56.5,56.5,65.3,—
9303.T,62.0,82.5,87.5,—
3446.T,36.2,5.0,9.7,—
3843.T,64.1,70.7,80.0,—
5132.T,55.6,47.7,45.4,—
2229.T,56.5,55.7,46.3,—
4889.T,45.4,13.0,31.2,—
3987.T,57.5,62.0,82.1,—
2160.T,37.2,7.9,11.1,—
3853.T,32.9,18.5,19.7,売られ気味
3968.T,59.3,60.8,78.5,—
6629.T,43.3,20.8,44.9,—
460A.T,54.7,44.1,60.1,—
6836.T,49.8,35.3,66.0,—
6524.T,29.1,12.8,17.4,🟢売られすぎ
3148.T,55.5,59.2,72.0,—
8697.T,51.4,46.0,76.8,—
4014.T,71.3,85.5,89.4,買われ気味
2736.T,51.9,51.4,58.3,—
4847.T,56.0,65.4,78.3,—
475A.T,34.1,18.2,20.7,売られ気味
5136.T,49.1,14.7,43.1,—
1802.T,46.5,21.6,31.9,—
1812.T,40.7,14.2,20.2,—
2464.T,69.6,100.0,90.9,—
3807.T,35.2,28.6,52.4,—
5802.T,34.0,11.2,18.1,売られ気味
3687.T,42.9,13.7,27.3,—
8225.T,58.8,86.7,55.6,—
6862.T,35.2,11.6,19.6,—
4564.T,50.7,66.7,77.8,—
5592.T,49.8,92.5,87.5,—
8125.T,80.7,85.6,92.1,🔴買われすぎ
7611.T,68.1,86.4,88.4,—
7376.T,44.6,37.0,63.6,—
6652.T,41.0,10.2,42.7,—
9272.T,49.7,59.1,69.8,—
431A.T,47.8,41.5,54.5,—
3891.T,36.3,9.0,14.0,—
4543.T,53.8,54.4,31.1,—
3993.T,54.5,66.8,85.2,—
3679.T,62.2,85.3,86.8,—
4490.T,63.8,58.0,64.9,—
4258.T,56.5,53.5,72.3,—
2413.T,67.0,74.9,75.6,—
7187.T,52.4,41.6,62.6,—
4554.T,39.1,44.0,40.0,—
2222.T,65.6,68.8,76.9,—
9419.T,43.9,12.5,27.5,—
7972.T,50.6,34.5,54.8,—
4971.T,33.8,15.2,14.9,売られ気味
9271.T,50.7,49.2,72.0,—
7806.T,49.1,20.0,47.2,—
3359.T,49.1,37.5,60.1,—
3939.T,47.2,50.0,65.8,—
6507.T,40.9,15.5,23.3,—
8160.T,65.3,82.1,77.4,—
9552.T,44.6,42.9,53.2,—
9168.T,51.5,42.9,66.6,—
6305.T,40.9,15.0,28.1,—
4392.T,43.7,28.4,43.0,—
4186.T,42.9,17.8,46.1,—
3065.T,47.9,41.2,54.9,—
9418.T,54.0,46.5,62.5,—
6590.T,47.4,36.5,55.6,—
3697.T,60.0,91.4,68.1,—
288A.T,39.5,12.5,55.0,—
5381.T,32.8,11.2,12.1,売られ気味
4776.T,58.0,79.2,84.1,—
3498.T,54.9,55.3,61.3,—
9766.T,55.7,75.5,55.2,—
4051.T,52.1,25.4,37.2,—
9241.T,59.0,44.4,58.1,—
9445.T,54.4,73.3,80.3,—
4177.T,60.8,66.0,68.8,—
6834.T,30.9,7.7,7.2,売られ気味
6508.T,36.4,16.4,17.8,—
6721.T,37.8,5.9,11.9,—
4714.T,49.4,7.7,26.3,—
7747.T,47.3,24.7,10.3,—
3994.T,68.3,86.6,83.5,—
2664.T,47.3,22.6,25.4,—
5210.T,45.5,21.8,31.9,—
3053.T,47.4,77.8,55.2,—
6946.T,38.5,13.4,18.2,—
5537.T,54.0,45.0,66.1,—
290A.T,38.9,1.7,39.3,—
7741.T,44.6,55.4,51.5,—
4461.T,41.8,14.4,27.8,—
9325.T,40.9,24.2,23.9,—
269A.T,49.0,60.7,79.5,—
1803.T,40.6,11.9,24.8,—
7751.T,67.3,99.7,92.5,—
378A.T,52.8,64.3,71.2,—
2175.T,66.6,59.7,74.3,—
3803.T,39.3,11.7,23.5,—
7453.T,65.0,70.6,71.4,—
9025.T,60.5,77.2,85.7,—
8020.T,48.0,30.6,60.9,—
7388.T,55.2,60.6,77.0,—
4374.T,50.5,60.1,66.4,—
4611.T,50.4,27.4,56.3,—
438A.T,54.5,61.6,79.7,—
277A.T,28.9,11.2,20.5,🟢売られすぎ
3092.T,63.5,80.6,75.4,—
4368.T,42.1,16.0,28.8,—
3223.T,47.9,24.3,28.8,—
3469.T,39.4,89.6,73.3,—
6227.T,50.0,52.7,59.2,—
2371.T,70.8,77.3,77.2,買われ気味
6838.T,31.1,7.8,9.6,売られ気味
5253.T,60.3,76.6,87.8,—
4438.T,35.9,19.4,58.0,—
3048.T,49.8,63.4,51.8,—
246A.T,58.1,84.8,86.8,—
247A.T,44.8,10.8,33.8,—
6890.T,35.9,8.2,14.4,—
456A.T,47.3,41.7,51.4,—
5591.T,52.1,64.8,79.5,—
8016.T,55.5,67.5,56.7,—
2938.T,33.4,23.3,26.1,売られ気味
4559.T,43.4,51.5,49.2,—
4475.T,72.4,100.0,99.4,買われ気味
2962.T,52.0,22.5,16.6,—
7810.T,41.4,0.0,47.2,—
2158.T,51.6,52.1,75.1,—
6981.T,36.0,7.2,8.4,—
6361.T,40.2,14.1,38.0,—
325A.T,75.3,81.4,77.7,買われ気味
3815.T,49.5,40.0,33.3,—
184A.T,53.6,58.3,56.6,—
9708.T,41.8,22.9,27.1,—
8136.T,67.7,72.5,80.0,—
3224.T,44.6,6.9,16.0,—
4176.T,50.6,40.0,67.0,—
5137.T,49.4,43.2,59.7,—
6016.T,51.4,46.0,51.7,—
3104.T,37.2,16.4,18.3,—
6327.T,39.8,0.7,3.3,—
5243.T,50.7,34.0,50.2,—
8789.T,55.3,61.5,76.9,—
3777.T,38.4,25.0,13.9,—
3064.T,56.9,70.2,75.4,—
2134.T,33.3,0.0,0.0,売られ気味
9337.T,40.2,12.0,39.8,—
4704.T,63.5,77.1,83.0,—
142A.T,49.4,55.0,82.3,—
7827.T,44.4,0.0,29.9,—
5246.T,64.5,64.0,70.1,—
3402.T,49.3,51.1,71.0,—
6656.T,45.3,10.8,18.6,—
2345.T,26.9,10.0,18.7,🟢売られすぎ
6036.T,51.7,50.0,65.2,—
3449.T,31.8,7.9,6.5,売られ気味
3565.T,48.2,40.0,55.3,—
554A.T,53.9,66.3,64.7,—
402A.T,33.1,7.9,22.7,売られ気味
6479.T,34.4,10.4,8.3,売られ気味
5715.T,40.6,18.8,57.4,—
6042.T,32.4,32.9,24.5,売られ気味
8850.T,58.1,67.2,79.8,—
3166.T,66.4,56.6,83.7,—
4463.T,58.3,73.9,71.5,—
5578.T,38.8,6.2,6.1,—
5258.T,64.5,70.7,84.5,—
7196.T,63.2,36.4,64.1,—
2216.T,69.6,76.5,74.4,—
4762.T,47.0,6.7,8.0,—
4452.T,63.7,73.3,65.7,—
4718.T,53.1,54.3,56.0,—
5845.T,53.1,50.0,70.0,—
4833.T,49.0,46.9,58.3,—
9950.T,45.2,0.0,23.8,—
4819.T,67.1,81.5,83.4,—
6969.T,29.1,7.0,9.7,🟢売られすぎ
3110.T,34.1,7.8,10.5,売られ気味
3185.T,40.8,6.7,43.9,—
7643.T,52.5,38.7,40.9,—
7352.T,43.8,2.3,24.7,—
212A.T,52.6,19.0,40.1,—
3358.T,51.1,40.0,63.1,—
8035.T,44.0,10.8,30.8,—
4487.T,40.5,30.4,58.0,—
4390.T,42.9,21.8,40.9,—
9215.T,59.8,22.5,48.1,—
4588.T,40.3,8.8,18.4,—
9983.T,40.8,9.8,6.9,—
7752.T,56.9,68.9,75.8,—
6777.T,31.6,9.3,13.1,売られ気味
7992.T,47.2,50.0,58.3,—
341A.T,39.1,10.8,16.0,—
6920.T,42.5,14.3,38.6,—
3691.T,55.6,71.8,81.1,—
3135.T,36.4,36.0,44.3,—
2590.T,68.8,82.0,79.8,—
4449.T,,,,
4716.T,48.2,35.9,40.8,—
5587.T,77.2,99.1,97.7,買われ気味
6433.T,41.7,17.5,42.4,—
7621.T,73.2,87.9,91.1,買われ気味
3561.T,70.6,91.7,88.3,買われ気味
9639.T,52.6,42.4,42.4,—
3663.T,53.5,17.3,30.5,—
6971.T,46.5,15.5,30.4,—
7678.T,58.0,53.3,63.7,—
3671.T,61.9,82.5,92.1,—
2492.T,67.7,82.6,78.7,—
6558.T,64.1,84.1,74.8,—
3692.T,46.7,38.6,71.4,—
6613.T,31.4,12.6,9.0,売られ気味
8566.T,72.7,89.5,91.2,買われ気味
9312.T,55.8,51.9,63.5,—
7777.T,44.8,20.4,37.0,—
9245.T,53.6,73.2,66.0,—
2154.T,72.5,87.4,88.7,買われ気味
7932.T,51.9,22.2,49.6,—
9553.T,51.9,55.7,79.2,—
1860.T,35.6,9.5,11.9,—
2702.T,51.3,56.7,48.3,—
7638.T,51.5,47.5,64.3,—
6146.T,38.2,9.6,16.3,—
9900.T,69.9,89.5,81.8,—
4054.T,55.9,51.2,68.5,—
429A.T,33.7,5.9,9.0,売られ気味
6776.T,40.7,15.8,25.3,—
135A.T,42.6,18.8,18.2,—
9254.T,60.9,97.5,91.1,—
7630.T,58.7,76.2,73.5,—
278A.T,68.1,88.8,82.4,—
5704.T,40.9,25.9,53.1,—
6871.T,40.0,10.6,37.5,—
4568.T,63.1,95.4,78.0,—
5726.T,41.8,26.6,61.9,—
3923.T,57.0,65.4,70.0,—
4047.T,33.9,13.2,13.0,売られ気味
6072.T,38.2,13.1,28.5,—
6232.T,39.9,13.1,30.3,—
3198.T,,,,
5706.T,30.9,8.7,8.9,売られ気味
6031.T,42.2,22.0,22.9,—
3933.T,43.2,23.5,48.9,—
4572.T,36.5,10.0,31.9,—
8173.T,49.1,20.4,19.0,—
2681.T,51.3,60.3,30.4,—
7069.T,51.2,10.2,40.2,—
218A.T,45.6,25.6,41.5,—
1878.T,59.9,78.5,84.9,—
2678.T,56.9,56.6,50.9,—
3399.T,63.2,71.3,86.0,—
2656.T,41.1,30.0,63.3,—
7044.T,37.3,57.1,43.5,—
3796.T,56.8,76.9,61.5,—
6762.T,32.5,13.1,9.9,売られ気味
6098.T,73.4,96.0,88.6,買われ気味
7272.T,59.5,80.7,78.6,—
6588.T,47.2,40.7,46.5,—
6779.T,36.6,10.2,12.9,—
6942.T,63.3,77.1,86.0,—
2338.T,58.1,38.2,46.6,—
2871.T,54.0,67.1,32.9,—
7936.T,62.4,78.3,83.4,—
2936.T,32.7,8.3,33.2,売られ気味
3077.T,59.9,44.7,60.7,—
3353.T,56.4,56.9,77.3,—
4443.T,64.3,76.9,78.5,—
9470.T,54.5,50.0,64.0,—
4661.T,69.2,79.3,68.8,—
2877.T,49.9,38.2,71.7,—
9028.T,56.0,48.1,64.3,—
2351.T,57.1,67.7,79.3,—
6324.T,40.1,5.0,19.4,—
5597.T,38.9,15.7,39.8,—
6701.T,56.8,72.1,76.1,—
287A.T,48.4,36.5,64.7,—
1893.T,36.0,13.2,22.0,—
5803.T,40.0,8.9,16.1,—
6666.T,32.4,5.6,7.1,売られ気味
556A.T,40.2,7.9,15.1,—
6366.T,39.2,8.8,30.1,—
4430.T,50.1,47.7,58.3,—
2282.T,57.8,78.8,59.4,—
4531.T,44.1,11.4,33.7,—
4626.T,35.5,5.9,16.9,—
6370.T,42.1,15.1,37.5,—
7805.T,64.6,76.0,72.2,—
4448.T,50.9,44.0,72.4,—
464A.T,30.6,3.6,12.5,売られ気味
4255.T,53.1,60.2,44.4,—
2901.T,32.9,14.3,22.9,売られ気味
3810.T,39.1,22.4,27.1,—
7649.T,43.3,31.7,30.0,—
8698.T,65.6,75.5,88.9,—
407A.T,51.7,50.0,57.7,—
6027.T,55.0,63.1,72.2,—
8864.T,63.7,81.9,88.4,—
3981.T,49.2,51.5,56.6,—
3046.T,34.0,19.4,18.2,売られ気味
9259.T,63.5,93.2,90.4,—
2215.T,48.9,25.0,44.4,—
3501.T,55.5,72.3,86.4,—
4384.T,,,,
5727.T,,,,
4413.T,68.6,79.2,85.0,—
7726.T,42.2,12.1,16.2,—
9262.T,37.8,16.7,54.3,—
208A.T,47.8,36.4,57.8,—
3030.T,41.5,59.7,68.3,—
6537.T,36.8,8.7,15.5,—
6594.T,39.8,18.7,25.9,—
7692.T,47.5,62.5,79.6,—
6525.T,43.2,9.4,27.3,—
7733.T,54.6,74.5,65.8,—
6976.T,35.9,6.4,10.5,—
6857.T,44.0,18.4,33.5,—
7695.T,52.0,47.2,57.0,—
285A.T,34.2,0.0,9.2,売られ気味
3997.T,45.5,25.3,64.5,—
9449.T,74.5,89.5,93.1,買われ気味
2334.T,39.0,10.4,18.1,—
2220.T,50.3,51.5,52.8,—
1332.T,49.8,44.4,22.1,—
5842.T,36.0,26.7,50.4,—
4980.T,34.3,10.7,10.1,売られ気味
9713.T,45.9,19.2,35.1,—
7214.T,55.4,30.0,37.9,—
2533.T,49.8,18.8,25.5,—
8253.T,55.6,57.2,72.9,—
6538.T,48.8,41.7,64.2,—
3409.T,42.9,54.5,74.2,—
9227.T,32.8,6.8,7.3,売られ気味
6231.T,56.3,52.2,58.2,—
7419.T,45.5,45.2,45.8,—
8291.T,43.3,54.5,66.7,—
2212.T,61.6,78.2,79.8,—
365A.T,67.3,77.4,92.5,—
4259.T,39.7,9.0,25.8,—
5891.T,52.9,69.6,56.4,—
6040.T,59.5,51.9,61.6,—
5805.T,30.2,9.6,14.4,売られ気味
4552.T,64.4,66.0,78.5,—
4417.T,68.7,78.8,85.4,—
559A.T,63.5,88.5,72.2,—
9428.T,50.0,24.0,69.8,—
2268.T,51.4,50.0,66.7,—
6544.T,41.8,2.2,24.5,—
3113.T,45.9,0.0,27.8,—
2209.T,65.7,78.4,76.3,—
8088.T,46.5,17.3,44.9,—
7011.T,43.5,13.9,34.0,—
7615.T,47.0,44.4,74.8,—
2935.T,65.2,80.6,78.8,—
5801.T,35.5,10.2,14.7,—
7699.T,34.1,10.0,6.7,売られ気味
4875.T,53.3,45.2,45.9,—
485A.T,43.7,51.4,68.1,—
4373.T,63.2,86.7,82.4,—
6574.T,43.7,10.0,51.1,—
7685.T,44.0,36.5,57.3,—
4062.T,36.0,6.5,10.7,—
9257.T,19.7,0.0,2.5,🟢売られすぎ
4385.T,61.9,73.8,80.2,—
8050.T,48.9,27.7,43.6,—
5711.T,35.5,14.5,31.5,—
3962.T,65.4,93.1,94.9,—
6269.T,43.0,30.6,50.7,—
2353.T,60.8,73.7,81.0,—
8015.T,44.3,26.2,43.1,—
9083.T,53.2,64.2,80.3,—
186A.T,33.1,11.4,13.4,売られ気味
3905.T,34.1,6.6,8.0,売られ気味
9067.T,,,,
6993.T,29.9,5.6,15.2,🟢売られすぎ
9059.T,45.5,44.0,53.7,—
4307.T,60.0,78.0,77.1,—
6634.T,51.2,41.9,43.0,—
9074.T,47.4,36.2,38.2,—
7897.T,42.8,16.7,57.9,—
5742.T,57.1,77.8,69.8,—
3083.T,31.1,9.6,27.7,売られ気味
4784.T,58.5,69.4,82.3,—
7220.T,32.2,9.7,15.2,売られ気味
9533.T,44.7,23.0,23.8,—
3491.T,43.9,26.3,46.9,—
4202.T,65.5,71.9,84.3,—
7280.T,43.4,11.5,25.2,—
2195.T,39.5,24.0,51.1,—
4613.T,54.3,17.9,18.9,—
9565.T,55.5,100.0,99.0,—
7383.T,61.9,81.7,87.0,—
9348.T,39.4,4.9,11.4,—
9301.T,54.6,32.2,55.3,—
3241.T,49.5,57.1,64.6,—
4935.T,45.7,8.8,34.4,—
5016.T,39.9,16.9,24.6,—
2897.T,62.7,90.1,67.9,—
2705.T,59.9,55.4,62.1,—
9672.T,52.1,56.0,75.1,—
6501.T,47.8,50.7,61.6,—
2226.T,48.4,25.0,40.0,—
3547.T,75.4,92.6,89.7,買われ気味
4483.T,60.2,67.9,74.5,—
3157.T,52.4,54.5,72.1,—
7554.T,64.6,84.9,76.1,—
8207.T,65.7,80.0,90.3,—
6703.T,38.3,9.2,11.8,—
2923.T,59.3,57.9,58.4,—
6999.T,36.0,10.6,15.5,—
6059.T,45.8,42.9,41.1,—
5026.T,52.0,33.9,48.1,—
6533.T,56.3,27.1,27.3,—
7412.T,34.3,52.2,50.7,売られ気味
4494.T,,,,
6787.T,31.4,7.7,13.1,売られ気味
3154.T,36.9,7.0,10.5,—
2281.T,55.3,69.2,65.3,—
7085.T,57.2,35.4,49.3,—
6469.T,41.5,6.5,28.7,—
7245.T,38.0,6.5,6.1,—
4432.T,77.6,92.3,91.4,買われ気味
319A.T,50.6,41.1,63.2,—
2181.T,68.7,94.4,93.2,—
9110.T,52.4,73.6,78.9,—
3955.T,60.9,93.7,89.7,—
2323.T,47.4,56.3,81.2,—
175A.T,57.6,54.1,60.2,—
9338.T,,,,
4960.T,30.3,11.3,14.8,売られ気味
4492.T,53.3,65.3,67.9,—
268A.T,42.8,25.2,49.8,—
9831.T,68.6,82.7,76.5,—
7003.T,48.1,40.3,56.6,—
7075.T,58.8,60.0,80.4,—
6085.T,32.1,3.7,2.6,売られ気味
2752.T,48.3,85.0,52.7,—
3193.T,60.1,67.2,78.0,—
9769.T,59.6,54.2,47.5,—
7409.T,34.6,6.3,18.3,売られ気味
9235.T,46.5,14.9,35.9,—
9090.T,70.8,92.5,84.6,買われ気味
6958.T,42.2,29.9,68.6,—
2802.T,39.0,6.5,6.3,—
5618.T,45.6,18.8,41.2,—
3436.T,43.5,7.2,37.5,—
6977.T,44.0,11.0,15.4,—
6521.T,30.3,7.4,10.2,売られ気味
3753.T,58.6,65.1,76.7,—
7030.T,43.6,57.1,55.1,—
9828.T,80.9,82.6,86.2,🔴買われすぎ＋反転(売り検討)
9336.T,44.7,16.0,25.0,—
4367.T,44.3,26.7,58.9,—
9073.T,50.1,17.6,64.2,—
2204.T,59.7,80.6,74.2,—
3186.T,41.4,19.6,19.2,—
2587.T,63.0,73.2,72.5,—
5632.T,45.8,24.3,46.0,—
8255.T,72.6,78.8,87.1,買われ気味
281A.T,33.4,4.4,7.7,売られ気味
2769.T,55.2,59.1,76.2,—
3300.T,51.4,71.6,83.7,—
4060.T,50.2,63.6,75.3,—
7273.T,37.6,27.5,36.3,—
1946.T,36.7,13.2,22.2,—
5110.T,56.4,50.5,49.6,—
2914.T,67.4,93.0,77.0,—
4593.T,45.3,42.0,67.2,—
1773.T,46.5,50.0,70.0,—
6343.T,46.3,5.9,29.4,—
3878.T,35.2,20.0,29.3,—
2683.T,64.8,83.3,75.9,—
6224.T,29.7,9.7,32.6,🟢売られすぎ
9304.T,73.0,79.8,89.9,買われ気味
7709.T,29.0,5.9,15.7,🟢売られすぎ
5892.T,44.5,24.7,38.4,—
2768.T,40.5,17.7,38.3,—
2198.T,62.4,87.2,93.9,—
8996.T,58.1,61.7,70.8,—
2607.T,53.2,33.1,37.0,—
5609.T,47.0,12.2,45.3,—
3401.T,53.6,46.6,63.2,—
7508.T,61.2,70.7,69.2,—
504A.T,46.6,27.1,31.5,—
9853.T,54.3,35.0,40.7,—
8596.T,50.7,21.1,43.8,—
3774.T,67.1,73.8,83.2,—
2818.T,80.3,88.9,96.3,🔴買われすぎ＋反転(売り検討)
2344.T,,,,
6564.T,67.1,95.2,88.1,—
5401.T,66.2,96.0,96.0,—
2820.T,60.4,74.0,71.7,—
9861.T,78.1,87.0,84.2,買われ気味
2932.T,50.1,44.6,65.2,—
6380.T,27.4,46.3,21.3,売られ気味
197A.T,61.9,70.0,58.1,—
5724.T,37.5,8.9,11.3,—
4011.T,40.1,8.1,41.7,—
3391.T,66.2,93.0,85.6,—
2579.T,59.4,47.4,40.2,—
5301.T,40.5,13.5,23.0,—
7090.T,43.8,81.4,93.8,—
3097.T,66.7,89.0,82.6,—
4901.T,62.3,72.2,72.4,—
9037.T,49.0,43.5,52.5,—
2730.T,57.6,85.5,81.7,—
7509.T,54.6,53.2,54.6,—
2816.T,56.3,72.7,79.8,—
2585.T,38.3,4.4,14.8,—
2698.T,59.9,32.3,42.5,—
141A.T,48.3,29.9,37.3,—
6997.T,32.8,4.7,7.8,売られ気味
9163.T,59.0,70.7,74.6,—
2872.T,39.4,13.5,22.1,—
3778.T,44.9,19.3,47.6,—
9310.T,71.1,82.8,81.6,買われ気味
9252.T,72.0,85.9,85.5,買われ気味
8252.T,59.5,67.6,72.3,—
7914.T,58.5,54.4,69.3,—
9143.T,65.1,90.9,82.7,—
8214.T,66.2,78.9,85.0,—
3793.T,53.0,62.3,76.1,—
3350.T,43.3,41.4,59.0,—
7674.T,56.9,22.6,30.3,—
9279.T,65.1,74.5,85.4,—
6549.T,55.3,42.0,53.8,—
4023.T,60.0,75.0,88.9,—
2903.T,66.7,93.6,93.0,—
2224.T,60.5,84.2,82.5,—
7012.T,38.3,14.9,26.9,—
5216.T,66.4,65.6,65.7,—
6752.T,42.8,10.7,20.8,—
2393.T,66.7,69.1,65.9,—
2170.T,65.0,78.5,86.7,—
5194.T,55.0,57.6,62.8,—
3184.T,53.1,35.3,35.3,—
3927.T,46.0,27.5,44.9,—
3096.T,50.6,76.6,75.0,—
6326.T,44.0,21.0,46.1,—
7421.T,66.1,68.5,74.1,—
5858.T,61.7,75.0,83.0,—
8769.T,43.7,10.3,35.9,—
5036.T,52.5,68.5,75.9,—
3407.T,52.0,47.1,71.2,—
5101.T,52.7,41.2,51.1,—
2501.T,63.5,75.7,60.6,—
6966.T,42.6,9.1,23.3,—
436A.T,56.4,67.2,70.3,—
6627.T,41.6,11.9,28.3,—
2264.T,40.0,4.7,3.8,—
3673.T,60.6,84.6,83.0,—
4911.T,72.5,91.4,90.2,買われ気味
4183.T,49.0,37.4,70.4,—
9270.T,40.2,30.1,32.2,—
3178.T,65.7,84.7,81.9,—
6078.T,62.3,69.4,74.8,—
8174.T,59.2,70.0,62.0,—
7462.T,73.4,79.6,88.6,買われ気味
3041.T,24.6,25.7,29.6,売られ気味
2673.T,45.2,27.3,57.8,—
5019.T,44.7,57.2,74.7,—
7746.T,40.0,2.1,10.3,—
9072.T,37.9,16.4,22.2,—
8798.T,40.9,2.4,15.9,—
7361.T,59.1,63.2,64.0,—
7915.T,42.2,33.6,35.7,—
6723.T,33.3,8.7,9.3,売られ気味
2395.T,66.0,75.5,86.4,—
1925.T,60.6,67.9,80.1,—
2721.T,65.4,54.8,77.9,—
8848.T,57.0,60.0,69.3,—
1379.T,60.6,80.5,84.4,—
4061.T,33.4,8.1,21.9,売られ気味
7135.T,57.9,87.5,92.5,—
5406.T,54.1,85.8,91.7,—
7458.T,66.3,79.8,75.7,—
3205.T,57.5,67.8,79.9,—
7771.T,30.2,2.2,11.8,売られ気味
9661.T,44.8,20.0,50.0,—
3951.T,49.0,26.7,53.1,—
4260.T,33.2,4.2,22.1,売られ気味
3082.T,40.6,36.7,58.7,—
160A.T,54.1,65.7,81.7,—
6005.T,44.8,35.1,63.3,—
9532.T,44.7,34.3,37.6,—
9029.T,55.4,38.3,44.8,—
3877.T,65.7,76.0,88.6,—
6264.T,37.5,7.1,9.1,—
4970.T,41.8,13.4,30.0,—
4544.T,56.6,55.6,52.6,—
7532.T,61.8,86.5,76.6,—
3628.T,59.4,65.2,69.3,—
9896.T,47.8,15.9,36.4,—
7888.T,78.8,84.6,90.4,買われ気味
523A.T,37.2,23.9,28.2,—
4410.T,41.9,11.5,34.1,—
7013.T,42.7,7.7,25.1,—
9450.T,58.5,55.6,61.2,—
6495.T,32.1,14.3,15.9,売られ気味
4503.T,47.9,41.3,37.7,—
9278.T,77.6,89.6,92.4,買われ気味
4902.T,59.3,80.3,87.3,—
5201.T,34.2,12.6,19.5,売られ気味
4125.T,61.1,79.7,86.4,—
8058.T,41.8,42.8,62.4,—
9843.T,51.6,76.1,61.2,—
7318.T,41.1,11.8,29.5,—
2798.T,58.7,51.9,79.9,—
7022.T,63.2,76.1,81.6,—
7366.T,50.2,35.3,63.7,—
7363.T,43.7,0.0,15.2,—
9076.T,58.2,71.7,77.6,—
9057.T,40.4,6.0,27.8,—
6096.T,57.6,47.6,58.7,—
7018.T,45.8,24.8,42.5,—
2776.T,40.7,20.0,56.7,—
8133.T,60.2,76.4,78.3,—
7780.T,53.1,50.9,65.1,—
7682.T,53.8,80.0,87.1,—
7004.T,33.7,13.4,14.4,売られ気味
4004.T,34.2,9.2,14.1,売られ気味
6561.T,52.3,45.7,75.0,—
2934.T,61.6,62.6,72.7,—
9678.T,44.3,17.4,20.3,—
8002.T,51.5,65.6,80.5,—
8039.T,37.9,38.9,48.1,—
7571.T,43.5,20.0,54.3,—
6197.T,63.9,85.7,61.9,—
5199.T,60.2,44.6,51.7,—
5232.T,42.2,9.8,26.4,—
8200.T,62.7,60.4,74.4,—
8142.T,54.9,63.2,72.8,—
4480.T,50.8,45.3,68.4,—
3910.T,44.8,26.3,52.6,—
7947.T,49.1,21.3,22.0,—
7047.T,57.4,59.8,82.4,—
469A.T,36.2,22.6,31.0,—
3563.T,64.9,84.1,88.4,—
3196.T,52.2,60.8,71.3,—
6547.T,50.3,23.5,26.2,—
8876.T,53.9,32.2,40.8,—
3058.T,53.4,77.8,85.2,—
6740.T,38.2,6.2,4.6,—
2462.T,64.1,80.0,82.2,—
3549.T,57.3,71.7,63.9,—
5952.T,55.8,87.5,92.1,—
2931.T,50.5,57.9,67.4,—
8053.T,37.3,15.5,36.6,—
3551.T,66.4,92.2,91.9,—
9360.T,58.9,82.0,87.8,—
3418.T,58.2,57.4,74.2,—
7585.T,47.1,85.7,65.2,—
6062.T,53.3,60.0,74.4,—
5255.T,53.1,70.4,85.2,—
9218.T,63.1,76.2,81.0,—
5981.T,43.3,17.2,52.7,—
7603.T,36.7,26.7,46.4,—
8030.T,55.0,54.5,73.5,—
9145.T,53.9,78.9,84.0,—
9322.T,64.6,86.3,88.7,—
7201.T,54.7,91.5,84.3,—
8914.T,58.8,86.7,80.2,—
9633.T,52.9,67.6,66.9,—
9976.T,64.0,80.0,91.8,—
3480.T,83.6,0.0,55.6,買われ気味
2469.T,39.5,10.2,38.6,—
9302.T,47.7,80.9,77.7,—
339A.T,37.5,10.1,5.1,—
6089.T,66.3,91.4,91.6,—
9636.T,46.9,4.0,18.9,—
3187.T,77.2,87.2,81.9,買われ気味
3387.T,63.2,58.0,70.3,—
9064.T,71.0,90.5,85.2,買われ気味
8166.T,44.2,0.0,0.0,—
6071.T,55.8,56.3,75.1,—
2762.T,25.7,0.0,4.2,🟢売られすぎ
1383.T,61.6,90.1,90.8,—
1407.T,66.5,94.2,92.2,—
2694.T,54.7,50.0,83.3,—
7520.T,69.7,78.8,76.5,—
9306.T,53.2,32.3,41.9,—
4777.T,49.2,55.0,50.0,—
3099.T,53.0,40.7,55.8,—
8163.T,75.1,88.9,84.0,買われ気味
262A.T,35.8,7.6,8.4,—
7074.T,51.7,39.3,64.0,—
3349.T,55.0,56.8,41.4,—
414A.T,25.2,17.6,32.0,🟢売られすぎ
6472.T,33.9,9.0,24.7,売られ気味
8031.T,45.0,61.2,80.2,—
2157.T,69.7,85.2,89.8,—
7367.T,49.9,44.0,46.7,—
4098.T,42.2,8.0,41.2,—
7238.T,41.5,25.0,58.3,—
2695.T,51.6,50.0,71.2,—
5491.T,56.0,82.4,88.7,—
8001.T,53.3,62.5,75.4,—
195A.T,54.6,40.0,53.2,—
8585.T,63.8,98.5,88.7,—
9010.T,63.2,67.1,82.0,—
5480.T,60.3,63.4,76.3,—
4222.T,29.3,14.3,15.9,🟢売られすぎ
6039.T,37.5,8.9,36.5,—
9104.T,57.1,88.3,89.1,—
3190.T,58.8,62.5,60.4,—
7126.T,61.0,92.0,84.4,—
8793.T,43.2,21.4,47.5,—
1820.T,38.4,11.7,23.2,—
3976.T,57.1,49.4,78.9,—
7524.T,55.9,71.4,66.7,—
9308.T,66.9,87.2,90.1,—
194A.T,62.4,71.3,83.3,—
4631.T,36.0,10.0,16.3,—
9433.T,65.3,87.0,87.6,—
7162.T,43.0,18.5,54.3,—
7850.T,59.5,89.7,84.3,—
7886.T,52.5,55.3,42.6,—
3454.T,62.2,66.4,81.4,—
3946.T,77.9,86.6,91.8,買われ気味
5020.T,48.0,53.8,73.4,—
4801.T,56.1,54.0,53.4,—
7354.T,73.7,79.5,80.9,買われ気味
211A.T,54.6,47.5,54.2,—
9887.T,60.7,75.8,75.6,—
3133.T,48.2,57.1,60.7,—
9601.T,65.9,67.8,74.6,—
409A.T,45.8,15.4,19.0,—
7550.T,67.3,82.4,83.1,—
7475.T,70.0,76.6,84.4,買われ気味
3484.T,40.0,5.6,18.7,—
5889.T,49.0,26.5,54.1,—
7359.T,62.7,41.3,43.6,—
3474.T,76.9,86.0,91.8,買われ気味
3067.T,49.6,50.0,61.7,—
7084.T,57.4,58.3,65.9,—
8944.T,51.9,47.4,66.0,—
2882.T,62.1,53.4,59.8,—
245A.T,64.1,71.5,68.5,—
4553.T,64.0,91.8,89.1,—
9722.T,53.2,36.9,50.4,—
9535.T,66.8,75.6,74.4,—
9539.T,52.8,32.8,35.2,—
9979.T,58.9,84.8,63.8,—
2384.T,60.5,86.0,80.9,—
9973.T,47.1,50.0,50.0,—
5741.T,33.2,18.9,36.7,売られ気味
8194.T,45.6,22.7,16.2,—
2164.T,49.5,21.3,38.3,—
2404.T,55.7,74.2,80.6,—
6147.T,53.8,82.6,83.1,—
9706.T,61.7,68.9,76.0,—
3556.T,53.7,74.4,86.2,—
417A.T,52.2,53.9,45.0,—
9221.T,62.9,72.4,84.2,—
9249.T,58.2,70.8,84.0,—
4565.T,41.7,19.0,36.1,—
7119.T,55.8,18.0,49.4,—
8920.T,48.7,43.4,60.4,—
3543.T,56.1,67.7,69.0,—
9627.T,59.0,85.9,77.4,—
2884.T,46.6,32.3,50.5,—
9327.T,44.0,12.8,28.1,—
9969.T,51.2,40.0,56.7,—
3864.T,62.7,79.4,84.4,—
2742.T,47.2,47.9,47.8,—
7133.T,84.0,88.0,86.3,🔴買われすぎ
4091.T,52.2,28.1,37.9,—
9720.T,56.9,30.9,40.4,—
9699.T,54.5,58.0,72.8,—
463A.T,53.4,58.3,82.9,—
3546.T,,,,
8892.T,50.1,40.3,57.1,—
3068.T,61.1,77.9,82.9,—
8179.T,60.8,87.0,81.6,—
9365.T,53.7,58.3,67.7,—
9267.T,60.3,77.9,74.6,—
3967.T,55.8,86.0,83.7,—
4088.T,43.1,7.7,11.1,—
2340.T,61.1,57.1,85.7,—
4026.T,31.7,10.8,17.2,売られ気味
5571.T,48.8,34.9,42.2,—
6141.T,44.1,20.6,38.3,—
1375.T,61.0,46.3,52.6,—
7919.T,58.0,68.8,75.5,—
9997.T,77.3,94.7,89.5,買われ気味
9984.T,38.2,15.9,41.5,—
9628.T,59.8,72.3,79.3,—
8860.T,58.3,62.5,74.5,—
9274.T,55.7,43.6,76.1,—
3050.T,53.7,31.5,15.5,—
7241.T,53.3,59.0,67.4,—
8237.T,65.7,86.1,76.6,—
9733.T,52.4,36.9,52.8,—
7097.T,52.0,9.8,10.4,—
3750.T,49.1,45.9,54.6,—
2293.T,56.3,73.1,78.9,—
9034.T,53.6,41.8,62.2,—
4681.T,49.7,27.0,23.6,—
3447.T,65.2,72.2,88.2,—
9247.T,57.7,32.8,50.3,—
2734.T,72.5,84.3,80.2,買われ気味
6428.T,51.5,54.5,73.0,—
9959.T,68.3,100.0,86.4,—
4666.T,53.1,38.0,26.0,—
3167.T,54.1,37.9,36.8,—
5076.T,53.5,42.5,61.4,—
543A.T,45.3,46.3,51.2,—
6565.T,,,,
9531.T,46.7,57.7,54.1,—
9890.T,56.6,73.5,75.3,—
2503.T,63.9,82.5,67.7,—
9264.T,48.4,17.8,51.7,—
7247.T,52.3,40.9,47.7,—
7203.T,55.5,70.4,69.1,—
7562.T,57.2,60.0,78.3,—
4337.T,54.2,67.4,71.2,—
3395.T,58.3,75.5,66.9,—
9147.T,57.6,63.2,77.7,—
6758.T,58.0,75.2,68.7,—
6400.T,41.0,37.5,56.9,—
7795.T,52.8,36.4,46.5,—
3397.T,65.7,83.6,81.2,—
1605.T,49.1,58.4,65.5,—
3222.T,53.3,66.1,63.5,—
4612.T,59.2,75.7,65.3,—
6570.T,58.1,66.7,86.2,—
5902.T,53.7,40.0,60.7,—
7271.T,33.8,27.3,27.9,売られ気味
386A.T,45.8,37.5,29.2,—
3045.T,55.6,42.7,44.4,—
6092.T,44.0,23.9,52.5,—
2904.T,47.7,57.1,58.5,—
5391.T,54.9,56.2,80.8,—
4689.T,62.4,65.0,78.8,—
8276.T,53.5,75.9,73.9,—
3197.T,63.5,87.8,82.7,—
7375.T,37.0,5.8,37.3,—
9049.T,46.2,51.0,49.7,—
2179.T,58.0,92.3,70.5,—
7698.T,80.9,99.4,99.6,🔴買われすぎ＋反転(売り検討)
9075.T,59.6,94.4,93.8,—
7679.T,59.6,84.1,78.2,—
4506.T,31.5,8.2,8.0,売られ気味
9211.T,46.8,45.3,71.7,—
2337.T,45.2,53.3,46.4,—
9701.T,60.5,83.3,74.3,—
3175.T,58.1,67.7,79.6,—
3174.T,38.3,100.0,71.8,—
2874.T,58.7,70.4,74.6,—
3231.T,53.1,54.5,65.2,—
298A.T,57.1,42.7,60.1,—
6166.T,47.2,4.9,17.9,—
2300.T,51.7,26.1,29.0,—
5283.T,46.8,41.8,47.7,—
428A.T,72.7,85.3,91.4,買われ気味
5989.T,52.2,48.1,64.3,—
9974.T,47.6,28.0,33.1,—
5380.T,50.6,65.0,47.4,—
6753.T,48.7,17.7,45.0,—
9220.T,57.4,100.0,89.1,—
1447.T,63.6,78.9,80.8,—
5870.T,45.8,33.0,63.9,—
2588.T,53.2,28.4,44.9,—
9171.T,44.6,35.1,26.9,—
9635.T,55.9,52.7,53.0,—
3941.T,54.2,57.0,64.4,—
4657.T,44.6,10.3,48.9,—
1380.T,47.0,3.8,47.4,—
3063.T,65.5,66.4,82.3,—
3199.T,48.7,24.0,20.0,—
9557.T,58.9,40.0,43.9,—
9434.T,64.5,85.6,85.5,—
4241.T,46.5,30.0,72.3,—
7901.T,42.3,23.1,36.9,—
6817.T,37.3,15.4,19.9,—
5998.T,40.7,17.2,21.0,—
4409.T,75.3,100.0,97.4,買われ気味
5261.T,56.1,46.3,71.5,—
4760.T,45.4,0.0,33.1,—
7646.T,52.6,60.7,73.6,—
8244.T,57.1,54.3,74.8,—
7063.T,49.1,44.6,50.6,—
2686.T,,,,
3392.T,51.6,26.6,29.7,—
5233.T,42.8,26.3,35.3,—
4324.T,71.7,83.8,75.7,買われ気味
9362.T,40.4,21.1,17.4,—
9201.T,53.2,27.1,28.3,—
9731.T,44.4,34.3,49.1,—
6310.T,50.9,50.6,69.3,—
9351.T,42.9,3.1,49.7,—
5021.T,46.8,9.3,33.7,—
4680.T,64.9,65.3,77.8,—
9202.T,52.8,35.1,28.6,—
5411.T,65.1,94.4,94.4,—
4679.T,53.2,75.0,77.2,—
205A.T,73.4,72.0,80.3,買われ気味
8912.T,31.9,12.5,9.6,売られ気味
7127.T,54.5,35.7,58.2,—
4650.T,50.5,57.1,77.4,—
2791.T,62.2,80.0,79.0,—
9206.T,47.2,12.8,27.3,—
7502.T,66.5,100.0,99.1,—
7320.T,49.6,75.6,85.7,—
9616.T,58.8,48.2,47.9,—
9250.T,31.4,14.3,24.2,売られ気味
4040.T,40.9,20.6,40.2,—
3034.T,75.2,87.5,89.1,買われ気味
352A.T,48.8,41.3,74.0,—
9850.T,61.9,93.3,80.1,—
9978.T,46.6,33.3,44.4,—
9009.T,71.7,88.0,91.2,買われ気味
4228.T,42.9,21.5,26.6,—
4707.T,38.9,13.3,41.7,—
9369.T,39.4,5.9,36.9,—
1711.T,48.7,50.0,73.9,—
9761.T,51.0,41.0,62.7,—
4502.T,63.8,88.7,65.2,—
7426.T,56.4,77.8,84.3,—
8278.T,54.3,64.4,42.9,—
9324.T,72.3,84.6,87.3,買われ気味
6233.T,48.0,50.0,48.5,—
6183.T,53.6,74.3,64.2,—
6562.T,54.8,61.0,77.3,—
5532.T,55.6,65.9,74.5,—
8802.T,47.7,37.1,58.1,—
6181.T,46.7,18.2,39.4,—
3479.T,56.0,54.5,76.7,—
7494.T,59.5,63.2,67.7,—
8801.T,51.5,62.7,71.7,—
9823.T,50.7,49.4,58.1,—
3286.T,26.1,23.3,22.6,売られ気味
2789.T,66.0,100.0,91.7,—
7616.T,68.5,91.2,89.4,—
9119.T,49.6,54.2,71.2,—
367A.T,38.0,12.8,26.3,—
5248.T,58.0,59.0,84.3,—
7601.T,55.7,71.4,83.1,—
3160.T,63.7,80.0,91.2,—
4381.T,67.3,67.7,76.0,—
8242.T,59.1,40.9,38.9,—
3557.T,52.1,73.3,81.4,—
6571.T,63.8,86.5,87.1,—
8025.T,57.4,59.1,67.9,—
9878.T,44.7,66.7,80.3,—
7918.T,58.3,66.7,66.7,—
6189.T,56.9,32.8,45.5,—
3010.T,66.9,50.0,35.1,—
9679.T,48.9,14.7,21.8,—
2162.T,69.6,28.6,33.3,—
1873.T,65.0,66.7,73.8,—
4005.T,44.0,32.9,56.8,—
286A.T,64.5,80.8,85.0,—
9361.T,47.5,56.5,79.0,—
8217.T,58.6,87.2,75.1,—
3238.T,51.8,60.0,66.7,—
2666.T,65.2,78.6,83.3,—
7512.T,58.2,74.5,64.4,—
7791.T,67.7,79.2,86.9,—
7369.T,31.6,77.8,89.8,売られ気味
3103.T,33.7,6.9,33.8,売られ気味
7625.T,48.4,28.6,34.5,—
3101.T,42.9,23.7,53.5,—
9313.T,40.4,1.7,9.5,—
9311.T,54.3,64.8,79.8,—
8818.T,43.7,11.1,22.5,—
2918.T,54.4,60.2,60.9,—
8233.T,65.0,85.2,67.4,—
7071.T,58.4,75.8,85.6,—
9380.T,55.4,59.3,55.6,—
9778.T,71.1,100.0,89.2,買われ気味
9069.T,78.6,100.0,91.1,買われ気味
9956.T,40.5,10.1,10.1,—
9432.T,60.6,83.3,82.3,—
3192.T,35.3,17.0,12.1,—
4691.T,45.4,18.5,28.7,—
9366.T,50.1,35.1,50.0,—
3021.T,37.6,3.1,32.2,—
3612.T,55.0,34.3,44.4,—
7083.T,62.7,46.9,77.6,—
9534.T,56.8,73.1,75.6,—
9704.T,56.0,57.1,76.0,—
9399.T,48.2,21.4,21.4,—
2778.T,47.5,57.1,45.1,—
8107.T,34.4,0.0,0.0,売られ気味
3182.T,57.0,42.3,54.2,—
9619.T,69.0,77.4,88.4,—
9326.T,83.3,77.5,85.0,買われ気味
9502.T,40.6,13.2,25.2,—
9251.T,70.0,69.4,87.6,買われ気味
7686.T,54.0,40.0,71.7,—
2933.T,70.1,92.1,80.2,買われ気味
8273.T,63.6,92.5,76.4,—
4343.T,58.4,49.2,73.0,—
4615.T,54.7,66.7,80.6,—
4245.T,61.0,36.5,33.3,—
4720.T,62.0,75.0,82.0,—
8181.T,47.3,10.0,32.1,—
7743.T,50.0,15.8,60.6,—
2502.T,57.6,47.1,41.4,—
9142.T,60.8,92.3,83.7,—
3086.T,63.2,31.2,29.7,—
9846.T,51.9,48.1,72.5,—
9166.T,48.3,25.4,50.8,—
3326.T,55.3,53.8,56.3,—
3861.T,63.9,77.5,84.4,—
8830.T,49.9,41.6,63.8,—
549A.T,51.4,27.3,43.1,—
3289.T,53.9,61.2,70.6,—
7814.T,51.5,19.6,42.5,—
9045.T,57.7,83.4,77.5,—
7065.T,49.0,9.9,37.5,—
8267.T,50.5,56.1,47.1,—
2653.T,48.1,31.2,41.1,—
3382.T,64.1,85.3,59.3,—
2927.T,52.9,46.7,76.3,—
4235.T,54.2,71.4,88.9,—
5074.T,40.4,10.9,26.0,—
6217.T,36.6,7.2,15.6,—
7037.T,44.3,37.3,56.0,—
9008.T,67.8,87.4,93.1,—
9052.T,68.5,83.7,81.1,—
4188.T,55.1,52.0,75.7,—
4100.T,36.6,10.6,15.8,—
9051.T,44.4,26.8,11.3,—
9903.T,38.8,31.2,33.0,—
7215.T,44.9,30.8,30.8,—
5938.T,64.5,72.6,81.6,—
9173.T,34.3,20.6,28.5,売られ気味
5852.T,46.1,37.5,61.3,—
6625.T,55.9,65.7,75.9,—
7111.T,56.1,52.7,64.5,—
8086.T,48.4,71.8,58.6,—
9006.T,69.4,83.9,89.7,—
9842.T,58.3,69.1,42.5,—
3293.T,58.7,83.3,79.1,—
4436.T,52.7,60.7,85.3,—
477A.T,52.3,56.4,62.2,—
2138.T,63.2,97.3,94.0,—
9022.T,66.6,91.3,88.9,—
8289.T,,,,
7593.T,67.7,80.6,81.5,—
7267.T,58.6,50.9,57.4,—
9063.T,56.2,95.1,91.2,—
8804.T,57.9,71.0,80.6,—
5204.T,46.7,8.2,36.8,—
3370.T,48.4,48.8,61.6,—
5707.T,38.3,10.6,30.1,—
6557.T,52.3,77.8,91.2,—
7130.T,55.9,62.1,82.8,—
9042.T,58.4,83.7,86.9,—
4651.T,63.5,93.1,90.8,—
3137.T,60.6,90.9,91.4,—
6218.T,49.8,28.0,46.1,—
9007.T,67.7,95.3,87.2,—
8203.T,65.0,90.2,87.7,—
5940.T,53.4,59.0,68.0,—
7199.T,54.5,35.9,51.6,—
7091.T,48.3,52.1,53.4,—
3069.T,68.6,81.8,84.8,—
9023.T,58.7,78.8,75.9,—
9223.T,52.7,76.5,82.7,—
9024.T,66.4,85.5,86.8,—
7808.T,79.6,50.3,83.4,買われ気味
3003.T,63.5,80.2,85.6,—
8897.T,51.5,54.5,75.8,—
4809.T,50.7,41.3,61.7,—
8143.T,41.0,55.6,55.6,—
3121.T,47.8,28.6,66.7,—
2471.T,64.7,73.1,63.3,—
3232.T,49.2,28.9,43.9,—
7516.T,56.3,54.1,41.8,—
4712.T,30.6,8.7,32.1,売られ気味
3544.T,70.5,1.2,2.6,買われ気味
9031.T,73.4,90.8,91.5,買われ気味
9993.T,48.3,30.0,33.0,—
7129.T,65.0,100.0,83.3,—
4645.T,57.1,100.0,75.0,—
168A.T,34.2,11.7,16.9,売られ気味
9005.T,66.2,87.7,88.3,—
9723.T,46.1,0.0,13.9,—
3123.T,45.7,23.8,54.2,—
2445.T,55.3,37.5,54.7,—
2485.T,41.0,22.6,28.6,—
9656.T,51.1,66.7,68.5,—
372A.T,74.6,90.3,77.9,買われ気味
7578.T,33.0,46.2,25.7,売られ気味
3524.T,55.8,91.9,90.7,—
9158.T,50.5,76.8,85.9,—
6982.T,48.2,27.5,73.0,—
3607.T,43.1,15.0,26.1,—
3536.T,46.8,33.3,44.4,—
8803.T,43.6,10.3,16.7,—
7561.T,51.2,40.6,55.6,—
9081.T,76.6,95.4,96.6,買われ気味
9021.T,70.7,86.7,87.2,買われ気味
3315.T,47.1,40.0,73.3,—
9020.T,62.6,86.1,87.3,—
4678.T,60.1,61.1,67.7,—
6523.T,62.7,79.6,83.7,—
9204.T,51.5,30.0,52.5,—
6074.T,64.5,78.7,79.4,—
2424.T,60.7,77.8,86.4,—
9268.T,52.2,46.4,69.7,—
9305.T,62.3,77.9,80.3,—
2984.T,45.8,16.7,50.4,—
9503.T,48.6,66.0,77.8,—
9041.T,53.0,73.6,75.8,—
9044.T,60.7,76.9,76.2,—
5010.T,44.7,31.8,49.2,—
6464.T,40.9,16.5,30.1,—
2378.T,66.1,77.8,77.1,—
5271.T,51.7,59.4,64.0,—
3204.T,49.1,29.0,76.3,—
3856.T,38.6,6.1,12.2,—
9048.T,66.3,92.6,94.0,—
3011.T,44.4,50.0,45.8,—
9001.T,70.9,89.4,92.2,買われ気味
2687.T,53.2,48.1,58.0,—
9603.T,50.1,61.1,68.8,—
7062.T,53.7,53.6,63.1,—
3880.T,61.0,79.0,82.2,—
9003.T,65.2,91.6,87.9,—
9519.T,50.7,48.6,75.4,—
6615.T,45.5,23.5,46.1,—
3109.T,50.7,27.8,49.3,—
8835.T,49.3,36.4,65.6,—
3422.T,45.9,0.0,33.3,—
7604.T,64.0,81.8,51.3,—
8424.T,62.1,76.2,80.9,—
2747.T,50.9,30.0,16.7,—
8425.T,51.9,65.5,76.1,—
9446.T,47.5,37.8,64.4,—
7362.T,56.4,86.3,83.1,—
5994.T,49.7,69.4,81.5,—
7640.T,61.3,74.1,78.4,—
6444.T,47.9,27.3,52.3,—
9082.T,77.0,100.0,99.5,買われ気味
2796.T,52.7,100.0,94.2,—
8439.T,64.0,68.6,83.1,—
297A.T,61.7,71.4,66.2,—
7061.T,42.7,49.4,67.1,—
7212.T,46.9,42.1,67.9,—
9033.T,48.1,41.2,47.1,—
2291.T,55.9,87.2,95.0,—
4350.T,55.8,75.0,74.8,—
9536.T,57.1,70.8,73.8,—
4331.T,53.6,47.2,67.0,—
8593.T,60.2,74.4,87.7,—
9513.T,42.6,42.5,45.3,—
9355.T,60.6,60.0,69.6,—
7515.T,54.3,60.5,64.3,—
2373.T,35.7,43.5,49.3,—
2418.T,45.5,16.7,17.6,—
5932.T,51.3,39.5,56.3,—
7040.T,54.6,81.8,54.5,—
7831.T,43.9,50.0,64.3,—
9835.T,46.8,26.3,26.3,—
8894.T,46.0,21.4,34.6,—
9514.T,53.5,72.4,80.1,—
3896.T,44.6,48.3,59.8,—
6425.T,42.0,26.9,44.2,—
6186.T,51.0,31.6,62.4,—
4920.T,38.4,0.0,5.4,—
7256.T,48.9,19.2,31.5,—
9507.T,55.6,76.2,70.9,—
9060.T,39.9,13.7,35.8,—
6699.T,50.0,53.5,62.0,—
3202.T,43.8,0.0,20.0,—
4755.T,60.0,72.5,82.8,—
9160.T,58.3,52.4,81.2,—
3863.T,75.7,91.2,95.9,買われ気味
8473.T,43.5,35.5,65.6,—
3248.T,51.9,66.7,68.5,—
7898.T,58.6,83.3,92.1,—
9012.T,48.1,73.2,73.2,—
7372.T,47.5,27.8,68.5,—
9046.T,59.0,90.6,75.7,—
9115.T,42.1,41.3,58.0,—
6412.T,49.0,38.2,59.6,—
9229.T,43.2,16.7,38.3,—
6173.T,,,,
9130.T,47.3,33.1,34.2,—
9017.T,59.3,96.1,78.5,—
3494.T,77.1,85.8,88.0,買われ気味
4735.T,35.5,6.2,14.6,—
2993.T,48.6,15.7,49.7,—
9508.T,63.6,91.2,89.2,—
9812.T,46.4,45.5,62.1,—
8260.T,41.1,30.8,56.6,—
2435.T,47.4,25.0,45.8,—
9505.T,58.1,78.5,80.9,—
9511.T,54.1,65.9,80.2,—
9506.T,70.1,83.2,89.2,買われ気味
8254.T,43.7,18.2,39.5,—
3681.T,,,,
7815.T,48.7,1.6,14.4,—
9509.T,60.1,73.9,86.3,—
5202.T,55.4,40.0,65.9,—
9501.T,54.4,86.2,84.9,—
9504.T,59.2,72.2,72.6,—
3111.T,39.6,63.6,67.4,—
8247.T,55.2,60.7,60.7,—
9444.T,49.9,30.9,39.5,—
